==================================================================
  VulnLab services
  AUTHORIZED LAB ONLY - every service here is vulnerable on purpose
  bind: 0.0.0.0
==================================================================
  ftp        2121   FTP service
  telnet     2323   Telnet management console
  ssh        2222   SSH service (simulated Linux host)
  smb        4450   SMB share simulator
  debug-lab  8000   Debug-lab (Werkzeug debugger research)
  internals  8081   Hidden service catalogue
  cache      6379   Cache service (rabbit hole)
==================================================================
  lab data prepared under C:\Users\kishw\OneDrive\Desktop\ccxs\data
  press Ctrl+C to stop
==============================================================
  VulnLab FTP  (anonymous login allowed, on purpose)
  ftp://0.0.0.0:2121
==============================================================
  [ftp] started
==============================================================
  VulnLab Telnet management console (plaintext, on purpose)
  telnet 0.0.0.0:2323
==============================================================
  [telnet] started
==============================================================
  VulnLab SSH  (simulated Linux host, root never touches this disk)
  ssh -p 2222 student@0.0.0.0
==============================================================
  [ssh] started
==============================================================
  VulnLab SMB simulator (real SMB needs Linux - see smb/README.md)
  tcp://0.0.0.0:4450
==============================================================
  [smb] started
==============================================================
  VulnLab debug-lab  (debugger research instance)
  http://0.0.0.0:8000/
==============================================================
 * Serving Flask app 'services.debug_lab'
 * Debug mode: off
WARNING: This is a development server. Do not use it in a production deployment. Use a production WSGI server instead.
 * Running on all addresses (0.0.0.0)
 * Running on http://127.0.0.1:8000
 * Running on http://192.168.1.9:8000
Press CTRL+C to quit
----------------------------------------
Exception occurred during processing of request from ('192.168.1.9', 53520)
Traceback (most recent call last):
  File "C:\Users\kishw\AppData\Local\Programs\Python\Python314\Lib\socketserver.py", line 697, in process_request_thread
    self.finish_request(request, client_address)
    ~~~~~~~~~~~~~~~~~~~^^^^^^^^^^^^^^^^^^^^^^^^^
  File "C:\Users\kishw\AppData\Local\Programs\Python\Python314\Lib\socketserver.py", line 362, in finish_request
    self.RequestHandlerClass(request, client_address, self)
    ~~~~~~~~~~~~~~~~~~~~~~~~^^^^^^^^^^^^^^^^^^^^^^^^^^^^^^^
  File "C:\Users\kishw\AppData\Local\Programs\Python\Python314\Lib\socketserver.py", line 766, in __init__
    self.handle()
    ~~~~~~~~~~~^^
  File "C:\Users\kishw\OneDrive\Desktop\ccxs\services\ftp_service.py", line 161, in handle
    raw = self.request.recv(2048)
ConnectionAbortedError: [WinError 10053] An established connection was aborted by the software in your host machine
----------------------------------------
Exception (server): Error reading SSH protocol banner[WinError 10053] An established connection was aborted by the software in your host machine
Traceback (most recent call last):
  File "C:\Users\kishw\AppData\Local\Programs\Python\Python314\Lib\site-packages\paramiko\transport.py", line 2213, in _check_banner
    buf = self.packetizer.readline(timeout)
  File "C:\Users\kishw\AppData\Local\Programs\Python\Python314\Lib\site-packages\paramiko\packet.py", line 395, in readline
    buf += self._read_timeout(timeout)
           ~~~~~~~~~~~~~~~~~~^^^^^^^^^
  File "C:\Users\kishw\AppData\Local\Programs\Python\Python314\Lib\site-packages\paramiko\packet.py", line 663, in _read_timeout
    x = self.__socket.recv(128)
ConnectionAbortedError: [WinError 10053] An established connection was aborted by the software in your host machine

During handling of the above exception, another exception occurred:

Traceback (most recent call last):
  File "C:\Users\kishw\AppData\Local\Programs\Python\Python314\Lib\site-packages\paramiko\transport.py", line 2029, in run
    self._check_banner()
    ~~~~~~~~~~~~~~~~~~^^
  File "C:\Users\kishw\AppData\Local\Programs\Python\Python314\Lib\site-packages\paramiko\transport.py", line 2217, in _check_banner
    raise SSHException(
        "Error reading SSH protocol banner" + str(e)
    )
paramiko.ssh_exception.SSHException: Error reading SSH protocol banner[WinError 10053] An established connection was aborted by the software in your host machine

----------------------------------------
Exception occurred during processing of request from ('192.168.1.9', 53523)
Traceback (most recent call last):
  File "C:\Users\kishw\AppData\Local\Programs\Python\Python314\Lib\socketserver.py", line 697, in process_request_thread
    self.finish_request(request, client_address)
    ~~~~~~~~~~~~~~~~~~~^^^^^^^^^^^^^^^^^^^^^^^^^
  File "C:\Users\kishw\AppData\Local\Programs\Python\Python314\Lib\socketserver.py", line 362, in finish_request
    self.RequestHandlerClass(request, client_address, self)
    ~~~~~~~~~~~~~~~~~~~~~~~~^^^^^^^^^^^^^^^^^^^^^^^^^^^^^^^
  File "C:\Users\kishw\AppData\Local\Programs\Python\Python314\Lib\socketserver.py", line 766, in __init__
    self.handle()
    ~~~~~~~~~~~^^
  File "C:\Users\kishw\OneDrive\Desktop\ccxs\services\smb_service.py", line 78, in handle
    self.send("smb-01: " + flag("smb-01"))
    ~~~~~~~~~^^^^^^^^^^^^^^^^^^^^^^^^^^^^^
  File "C:\Users\kishw\OneDrive\Desktop\ccxs\services\smb_service.py", line 72, in send
    self.wfile.write((text + "\r\n").encode("utf-8", "replace"))
    ~~~~~~~~~~~~~~~~^^^^^^^^^^^^^^^^^^^^^^^^^^^^^^^^^^^^^^^^^^^^
  File "C:\Users\kishw\AppData\Local\Programs\Python\Python314\Lib\socketserver.py", line 845, in write
    self._sock.sendall(b)
    ~~~~~~~~~~~~~~~~~~^^^
ConnectionAbortedError: [WinError 10053] An established connection was aborted by the software in your host machine
----------------------------------------
----------------------------------------
Exception occurred during processing of request from ('192.168.1.9', 57366)
Traceback (most recent call last):
  File "C:\Users\kishw\AppData\Local\Programs\Python\Python314\Lib\socketserver.py", line 697, in process_request_thread
    self.finish_request(request, client_address)
    ~~~~~~~~~~~~~~~~~~~^^^^^^^^^^^^^^^^^^^^^^^^^
  File "C:\Users\kishw\AppData\Local\Programs\Python\Python314\Lib\socketserver.py", line 362, in finish_request
    self.RequestHandlerClass(request, client_address, self)
    ~~~~~~~~~~~~~~~~~~~~~~~~^^^^^^^^^^^^^^^^^^^^^^^^^^^^^^^
  File "C:\Users\kishw\AppData\Local\Programs\Python\Python314\Lib\socketserver.py", line 766, in __init__
    self.handle()
    ~~~~~~~~~~~^^
  File "C:\Users\kishw\OneDrive\Desktop\ccxs\services\ftp_service.py", line 161, in handle
    raw = self.request.recv(2048)
ConnectionAbortedError: [WinError 10053] An established connection was aborted by the software in your host machine
----------------------------------------
Exception (server): Error reading SSH protocol banner[WinError 10053] An established connection was aborted by the software in your host machine
Traceback (most recent call last):
  File "C:\Users\kishw\AppData\Local\Programs\Python\Python314\Lib\site-packages\paramiko\transport.py", line 2213, in _check_banner
    buf = self.packetizer.readline(timeout)
  File "C:\Users\kishw\AppData\Local\Programs\Python\Python314\Lib\site-packages\paramiko\packet.py", line 395, in readline
    buf += self._read_timeout(timeout)
           ~~~~~~~~~~~~~~~~~~^^^^^^^^^
  File "C:\Users\kishw\AppData\Local\Programs\Python\Python314\Lib\site-packages\paramiko\packet.py", line 663, in _read_timeout
    x = self.__socket.recv(128)
ConnectionAbortedError: [WinError 10053] An established connection was aborted by the software in your host machine

During handling of the above exception, another exception occurred:

Traceback (most recent call last):
  File "C:\Users\kishw\AppData\Local\Programs\Python\Python314\Lib\site-packages\paramiko\transport.py", line 2029, in run
    self._check_banner()
    ~~~~~~~~~~~~~~~~~~^^
  File "C:\Users\kishw\AppData\Local\Programs\Python\Python314\Lib\site-packages\paramiko\transport.py", line 2217, in _check_banner
    raise SSHException(
        "Error reading SSH protocol banner" + str(e)
    )
paramiko.ssh_exception.SSHException: Error reading SSH protocol banner[WinError 10053] An established connection was aborted by the software in your host machine

----------------------------------------
Exception occurred during processing of request from ('192.168.1.9', 57369)
Traceback (most recent call last):
  File "C:\Users\kishw\AppData\Local\Programs\Python\Python314\Lib\socketserver.py", line 697, in process_request_thread
    self.finish_request(request, client_address)
    ~~~~~~~~~~~~~~~~~~~^^^^^^^^^^^^^^^^^^^^^^^^^
  File "C:\Users\kishw\AppData\Local\Programs\Python\Python314\Lib\socketserver.py", line 362, in finish_request
    self.RequestHandlerClass(request, client_address, self)
    ~~~~~~~~~~~~~~~~~~~~~~~~^^^^^^^^^^^^^^^^^^^^^^^^^^^^^^^
  File "C:\Users\kishw\AppData\Local\Programs\Python\Python314\Lib\socketserver.py", line 766, in __init__
    self.handle()
    ~~~~~~~~~~~^^
  File "C:\Users\kishw\OneDrive\Desktop\ccxs\services\smb_service.py", line 78, in handle
    self.send("smb-01: " + flag("smb-01"))
    ~~~~~~~~~^^^^^^^^^^^^^^^^^^^^^^^^^^^^^
  File "C:\Users\kishw\OneDrive\Desktop\ccxs\services\smb_service.py", line 72, in send
    self.wfile.write((text + "\r\n").encode("utf-8", "replace"))
    ~~~~~~~~~~~~~~~~^^^^^^^^^^^^^^^^^^^^^^^^^^^^^^^^^^^^^^^^^^^^
  File "C:\Users\kishw\AppData\Local\Programs\Python\Python314\Lib\socketserver.py", line 845, in write
    self._sock.sendall(b)
    ~~~~~~~~~~~~~~~~~~^^^
ConnectionAbortedError: [WinError 10053] An established connection was aborted by the software in your host machine
----------------------------------------
192.168.1.9 - - [05/Oct/2026 18:21:09] "GET / HTTP/1.1" 200 -
192.168.1.9 - - [05/Oct/2026 18:21:09] "GET /debug-lab/info HTTP/1.1" 200 -
192.168.1.9 - - [05/Oct/2026 18:21:09] "GET /debug-lab/console?pin=511331-430&code=open(r'C:\\Users\\kishw\\OneDrive\\Desktop\\ccxs\\data\\flagfiles\\debugger.flag').read() HTTP/1.1" 200 -
192.168.1.9 - - [05/Oct/2026 18:22:21] "GET / HTTP/1.1" 200 -
192.168.1.9 - - [05/Oct/2026 18:22:21] "GET /debug-lab/info HTTP/1.1" 200 -
192.168.1.9 - - [05/Oct/2026 18:22:21] "GET /debug-lab/console?pin=511331-430&code=open(r'C:\\\\Users\\\\kishw\\\\OneDrive\\\\Desktop\\\\ccxs\\\\data\\\\flagfiles\\\\debugger.flag').read() HTTP/1.1" 200 -
192.168.1.9 - - [05/Oct/2026 18:22:21] "GET /debug-lab/console?pin=000-000&code=1%2B1 HTTP/1.1" 401 -
192.168.1.9 - - [05/Oct/2026 18:22:38] "GET /debug-lab/console?pin=511331-430&code=2%2B2 HTTP/1.1" 200 -
----------------------------------------
Exception occurred during processing of request from ('127.0.0.1', 50359)
Traceback (most recent call last):
  File "C:\Users\kishw\AppData\Local\Programs\Python\Python314\Lib\socketserver.py", line 697, in process_request_thread
    self.finish_request(request, client_address)
    ~~~~~~~~~~~~~~~~~~~^^^^^^^^^^^^^^^^^^^^^^^^^
  File "C:\Users\kishw\AppData\Local\Programs\Python\Python314\Lib\socketserver.py", line 362, in finish_request
    self.RequestHandlerClass(request, client_address, self)
    ~~~~~~~~~~~~~~~~~~~~~~~~^^^^^^^^^^^^^^^^^^^^^^^^^^^^^^^
  File "C:\Users\kishw\AppData\Local\Programs\Python\Python314\Lib\socketserver.py", line 766, in __init__
    self.handle()
    ~~~~~~~~~~~^^
  File "C:\Users\kishw\OneDrive\Desktop\ccxs\services\ftp_service.py", line 161, in handle
    raw = self.request.recv(2048)
ConnectionAbortedError: [WinError 10053] An established connection was aborted by the software in your host machine
----------------------------------------
Exception (server): Error reading SSH protocol banner[WinError 10053] An established connection was aborted by the software in your host machine
Traceback (most recent call last):
  File "C:\Users\kishw\AppData\Local\Programs\Python\Python314\Lib\site-packages\paramiko\transport.py", line 2213, in _check_banner
    buf = self.packetizer.readline(timeout)
  File "C:\Users\kishw\AppData\Local\Programs\Python\Python314\Lib\site-packages\paramiko\packet.py", line 395, in readline
    buf += self._read_timeout(timeout)
           ~~~~~~~~~~~~~~~~~~^^^^^^^^^
  File "C:\Users\kishw\AppData\Local\Programs\Python\Python314\Lib\site-packages\paramiko\packet.py", line 663, in _read_timeout
    x = self.__socket.recv(128)
ConnectionAbortedError: [WinError 10053] An established connection was aborted by the software in your host machine

During handling of the above exception, another exception occurred:

Traceback (most recent call last):
  File "C:\Users\kishw\AppData\Local\Programs\Python\Python314\Lib\site-packages\paramiko\transport.py", line 2029, in run
    self._check_banner()
    ~~~~~~~~~~~~~~~~~~^^
  File "C:\Users\kishw\AppData\Local\Programs\Python\Python314\Lib\site-packages\paramiko\transport.py", line 2217, in _check_banner
    raise SSHException(
        "Error reading SSH protocol banner" + str(e)
    )
paramiko.ssh_exception.SSHException: Error reading SSH protocol banner[WinError 10053] An established connection was aborted by the software in your host machine

----------------------------------------
Exception occurred during processing of request from ('127.0.0.1', 50369)
Traceback (most recent call last):
  File "C:\Users\kishw\AppData\Local\Programs\Python\Python314\Lib\socketserver.py", line 697, in process_request_thread
    self.finish_request(request, client_address)
    ~~~~~~~~~~~~~~~~~~~^^^^^^^^^^^^^^^^^^^^^^^^^
  File "C:\Users\kishw\AppData\Local\Programs\Python\Python314\Lib\socketserver.py", line 362, in finish_request
    self.RequestHandlerClass(request, client_address, self)
    ~~~~~~~~~~~~~~~~~~~~~~~~^^^^^^^^^^^^^^^^^^^^^^^^^^^^^^^
  File "C:\Users\kishw\AppData\Local\Programs\Python\Python314\Lib\socketserver.py", line 766, in __init__
    self.handle()
    ~~~~~~~~~~~^^
  File "C:\Users\kishw\OneDrive\Desktop\ccxs\services\smb_service.py", line 78, in handle
    self.send("smb-01: " + flag("smb-01"))
    ~~~~~~~~~^^^^^^^^^^^^^^^^^^^^^^^^^^^^^
  File "C:\Users\kishw\OneDrive\Desktop\ccxs\services\smb_service.py", line 72, in send
    self.wfile.write((text + "\r\n").encode("utf-8", "replace"))
    ~~~~~~~~~~~~~~~~^^^^^^^^^^^^^^^^^^^^^^^^^^^^^^^^^^^^^^^^^^^^
  File "C:\Users\kishw\AppData\Local\Programs\Python\Python314\Lib\socketserver.py", line 845, in write
    self._sock.sendall(b)
    ~~~~~~~~~~~~~~~~~~^^^
ConnectionAbortedError: [WinError 10053] An established connection was aborted by the software in your host machine
----------------------------------------
----------------------------------------
Exception occurred during processing of request from ('192.168.1.9', 56419)
Traceback (most recent call last):
  File "C:\Users\kishw\AppData\Local\Programs\Python\Python314\Lib\socketserver.py", line 697, in process_request_thread
    self.finish_request(request, client_address)
    ~~~~~~~~~~~~~~~~~~~^^^^^^^^^^^^^^^^^^^^^^^^^
  File "C:\Users\kishw\AppData\Local\Programs\Python\Python314\Lib\socketserver.py", line 362, in finish_request
    self.RequestHandlerClass(request, client_address, self)
    ~~~~~~~~~~~~~~~~~~~~~~~~^^^^^^^^^^^^^^^^^^^^^^^^^^^^^^^
  File "C:\Users\kishw\AppData\Local\Programs\Python\Python314\Lib\socketserver.py", line 766, in __init__
    self.handle()
    ~~~~~~~~~~~^^
  File "C:\Users\kishw\OneDrive\Desktop\ccxs\services\ftp_service.py", line 161, in handle
    raw = self.request.recv(2048)
ConnectionAbortedError: [WinError 10053] An established connection was aborted by the software in your host machine
----------------------------------------
Exception (server): Error reading SSH protocol banner[WinError 10053] An established connection was aborted by the software in your host machine
Traceback (most recent call last):
  File "C:\Users\kishw\AppData\Local\Programs\Python\Python314\Lib\site-packages\paramiko\transport.py", line 2213, in _check_banner
    buf = self.packetizer.readline(timeout)
  File "C:\Users\kishw\AppData\Local\Programs\Python\Python314\Lib\site-packages\paramiko\packet.py", line 395, in readline
    buf += self._read_timeout(timeout)
           ~~~~~~~~~~~~~~~~~~^^^^^^^^^
  File "C:\Users\kishw\AppData\Local\Programs\Python\Python314\Lib\site-packages\paramiko\packet.py", line 663, in _read_timeout
    x = self.__socket.recv(128)
ConnectionAbortedError: [WinError 10053] An established connection was aborted by the software in your host machine

During handling of the above exception, another exception occurred:

Traceback (most recent call last):
  File "C:\Users\kishw\AppData\Local\Programs\Python\Python314\Lib\site-packages\paramiko\transport.py", line 2029, in run
    self._check_banner()
    ~~~~~~~~~~~~~~~~~~^^
  File "C:\Users\kishw\AppData\Local\Programs\Python\Python314\Lib\site-packages\paramiko\transport.py", line 2217, in _check_banner
    raise SSHException(
        "Error reading SSH protocol banner" + str(e)
    )
paramiko.ssh_exception.SSHException: Error reading SSH protocol banner[WinError 10053] An established connection was aborted by the software in your host machine

----------------------------------------
Exception occurred during processing of request from ('192.168.1.9', 56422)
Traceback (most recent call last):
  File "C:\Users\kishw\AppData\Local\Programs\Python\Python314\Lib\socketserver.py", line 697, in process_request_thread
    self.finish_request(request, client_address)
    ~~~~~~~~~~~~~~~~~~~^^^^^^^^^^^^^^^^^^^^^^^^^
  File "C:\Users\kishw\AppData\Local\Programs\Python\Python314\Lib\socketserver.py", line 362, in finish_request
    self.RequestHandlerClass(request, client_address, self)
    ~~~~~~~~~~~~~~~~~~~~~~~~^^^^^^^^^^^^^^^^^^^^^^^^^^^^^^^
  File "C:\Users\kishw\AppData\Local\Programs\Python\Python314\Lib\socketserver.py", line 766, in __init__
    self.handle()
    ~~~~~~~~~~~^^
  File "C:\Users\kishw\OneDrive\Desktop\ccxs\services\smb_service.py", line 78, in handle
    self.send("smb-01: " + flag("smb-01"))
    ~~~~~~~~~^^^^^^^^^^^^^^^^^^^^^^^^^^^^^
  File "C:\Users\kishw\OneDrive\Desktop\ccxs\services\smb_service.py", line 72, in send
    self.wfile.write((text + "\r\n").encode("utf-8", "replace"))
    ~~~~~~~~~~~~~~~~^^^^^^^^^^^^^^^^^^^^^^^^^^^^^^^^^^^^^^^^^^^^
  File "C:\Users\kishw\AppData\Local\Programs\Python\Python314\Lib\socketserver.py", line 845, in write
    self._sock.sendall(b)
    ~~~~~~~~~~~~~~~~~~^^^
ConnectionAbortedError: [WinError 10053] An established connection was aborted by the software in your host machine
----------------------------------------
192.168.1.9 - - [05/Oct/2026 18:24:27] "GET / HTTP/1.1" 200 -
192.168.1.9 - - [05/Oct/2026 18:24:27] "GET /debug-lab/info HTTP/1.1" 200 -
192.168.1.9 - - [05/Oct/2026 18:24:27] "GET /debug-lab/console?pin=511331-430&code=open(r'C:\\Users\\kishw\\OneDrive\\Desktop\\ccxs\\data\\flagfiles\\debugger.flag').read() HTTP/1.1" 200 -
----------------------------------------
Exception occurred during processing of request from ('127.0.0.1', 64981)
Traceback (most recent call last):
  File "C:\Users\kishw\AppData\Local\Programs\Python\Python314\Lib\socketserver.py", line 697, in process_request_thread
    self.finish_request(request, client_address)
    ~~~~~~~~~~~~~~~~~~~^^^^^^^^^^^^^^^^^^^^^^^^^
  File "C:\Users\kishw\AppData\Local\Programs\Python\Python314\Lib\socketserver.py", line 362, in finish_request
    self.RequestHandlerClass(request, client_address, self)
    ~~~~~~~~~~~~~~~~~~~~~~~~^^^^^^^^^^^^^^^^^^^^^^^^^^^^^^^
  File "C:\Users\kishw\AppData\Local\Programs\Python\Python314\Lib\socketserver.py", line 766, in __init__
    self.handle()
    ~~~~~~~~~~~^^
  File "C:\Users\kishw\OneDrive\Desktop\ccxs\services\ftp_service.py", line 161, in handle
    raw = self.request.recv(2048)
ConnectionAbortedError: [WinError 10053] An established connection was aborted by the software in your host machine
----------------------------------------
Exception (server): Error reading SSH protocol banner[WinError 10053] An established connection was aborted by the software in your host machine
Traceback (most recent call last):
  File "C:\Users\kishw\AppData\Local\Programs\Python\Python314\Lib\site-packages\paramiko\transport.py", line 2213, in _check_banner
    buf = self.packetizer.readline(timeout)
  File "C:\Users\kishw\AppData\Local\Programs\Python\Python314\Lib\site-packages\paramiko\packet.py", line 395, in readline
    buf += self._read_timeout(timeout)
           ~~~~~~~~~~~~~~~~~~^^^^^^^^^
  File "C:\Users\kishw\AppData\Local\Programs\Python\Python314\Lib\site-packages\paramiko\packet.py", line 663, in _read_timeout
    x = self.__socket.recv(128)
ConnectionAbortedError: [WinError 10053] An established connection was aborted by the software in your host machine

During handling of the above exception, another exception occurred:

Traceback (most recent call last):
  File "C:\Users\kishw\AppData\Local\Programs\Python\Python314\Lib\site-packages\paramiko\transport.py", line 2029, in run
    self._check_banner()
    ~~~~~~~~~~~~~~~~~~^^
  File "C:\Users\kishw\AppData\Local\Programs\Python\Python314\Lib\site-packages\paramiko\transport.py", line 2217, in _check_banner
    raise SSHException(
        "Error reading SSH protocol banner" + str(e)
    )
paramiko.ssh_exception.SSHException: Error reading SSH protocol banner[WinError 10053] An established connection was aborted by the software in your host machine

----------------------------------------
Exception occurred during processing of request from ('127.0.0.1', 64987)
Traceback (most recent call last):
  File "C:\Users\kishw\AppData\Local\Programs\Python\Python314\Lib\socketserver.py", line 697, in process_request_thread
    self.finish_request(request, client_address)
    ~~~~~~~~~~~~~~~~~~~^^^^^^^^^^^^^^^^^^^^^^^^^
  File "C:\Users\kishw\AppData\Local\Programs\Python\Python314\Lib\socketserver.py", line 362, in finish_request
    self.RequestHandlerClass(request, client_address, self)
    ~~~~~~~~~~~~~~~~~~~~~~~~^^^^^^^^^^^^^^^^^^^^^^^^^^^^^^^
  File "C:\Users\kishw\AppData\Local\Programs\Python\Python314\Lib\socketserver.py", line 766, in __init__
    self.handle()
    ~~~~~~~~~~~^^
  File "C:\Users\kishw\OneDrive\Desktop\ccxs\services\smb_service.py", line 78, in handle
    self.send("smb-01: " + flag("smb-01"))
    ~~~~~~~~~^^^^^^^^^^^^^^^^^^^^^^^^^^^^^
  File "C:\Users\kishw\OneDrive\Desktop\ccxs\services\smb_service.py", line 72, in send
    self.wfile.write((text + "\r\n").encode("utf-8", "replace"))
    ~~~~~~~~~~~~~~~~^^^^^^^^^^^^^^^^^^^^^^^^^^^^^^^^^^^^^^^^^^^^
  File "C:\Users\kishw\AppData\Local\Programs\Python\Python314\Lib\socketserver.py", line 845, in write
    self._sock.sendall(b)
    ~~~~~~~~~~~~~~~~~~^^^
ConnectionAbortedError: [WinError 10053] An established connection was aborted by the software in your host machine
----------------------------------------
----------------------------------------
Exception occurred during processing of request from ('192.168.1.9', 63395)
Traceback (most recent call last):
  File "C:\Users\kishw\AppData\Local\Programs\Python\Python314\Lib\socketserver.py", line 697, in process_request_thread
    self.finish_request(request, client_address)
    ~~~~~~~~~~~~~~~~~~~^^^^^^^^^^^^^^^^^^^^^^^^^
  File "C:\Users\kishw\AppData\Local\Programs\Python\Python314\Lib\socketserver.py", line 362, in finish_request
    self.RequestHandlerClass(request, client_address, self)
    ~~~~~~~~~~~~~~~~~~~~~~~~^^^^^^^^^^^^^^^^^^^^^^^^^^^^^^^
  File "C:\Users\kishw\AppData\Local\Programs\Python\Python314\Lib\socketserver.py", line 766, in __init__
    self.handle()
    ~~~~~~~~~~~^^
  File "C:\Users\kishw\OneDrive\Desktop\ccxs\services\ftp_service.py", line 161, in handle
    raw = self.request.recv(2048)
ConnectionAbortedError: [WinError 10053] An established connection was aborted by the software in your host machine
----------------------------------------
Exception (server): Error reading SSH protocol banner[WinError 10053] An established connection was aborted by the software in your host machine
Traceback (most recent call last):
  File "C:\Users\kishw\AppData\Local\Programs\Python\Python314\Lib\site-packages\paramiko\transport.py", line 2213, in _check_banner
    buf = self.packetizer.readline(timeout)
  File "C:\Users\kishw\AppData\Local\Programs\Python\Python314\Lib\site-packages\paramiko\packet.py", line 395, in readline
    buf += self._read_timeout(timeout)
           ~~~~~~~~~~~~~~~~~~^^^^^^^^^
  File "C:\Users\kishw\AppData\Local\Programs\Python\Python314\Lib\site-packages\paramiko\packet.py", line 663, in _read_timeout
    x = self.__socket.recv(128)
ConnectionAbortedError: [WinError 10053] An established connection was aborted by the software in your host machine

During handling of the above exception, another exception occurred:

Traceback (most recent call last):
  File "C:\Users\kishw\AppData\Local\Programs\Python\Python314\Lib\site-packages\paramiko\transport.py", line 2029, in run
    self._check_banner()
    ~~~~~~~~~~~~~~~~~~^^
  File "C:\Users\kishw\AppData\Local\Programs\Python\Python314\Lib\site-packages\paramiko\transport.py", line 2217, in _check_banner
    raise SSHException(
        "Error reading SSH protocol banner" + str(e)
    )
paramiko.ssh_exception.SSHException: Error reading SSH protocol banner[WinError 10053] An established connection was aborted by the software in your host machine

----------------------------------------
Exception occurred during processing of request from ('192.168.1.9', 63398)
Traceback (most recent call last):
  File "C:\Users\kishw\AppData\Local\Programs\Python\Python314\Lib\socketserver.py", line 697, in process_request_thread
    self.finish_request(request, client_address)
    ~~~~~~~~~~~~~~~~~~~^^^^^^^^^^^^^^^^^^^^^^^^^
  File "C:\Users\kishw\AppData\Local\Programs\Python\Python314\Lib\socketserver.py", line 362, in finish_request
    self.RequestHandlerClass(request, client_address, self)
    ~~~~~~~~~~~~~~~~~~~~~~~~^^^^^^^^^^^^^^^^^^^^^^^^^^^^^^^
  File "C:\Users\kishw\AppData\Local\Programs\Python\Python314\Lib\socketserver.py", line 766, in __init__
    self.handle()
    ~~~~~~~~~~~^^
  File "C:\Users\kishw\OneDrive\Desktop\ccxs\services\smb_service.py", line 78, in handle
    self.send("smb-01: " + flag("smb-01"))
    ~~~~~~~~~^^^^^^^^^^^^^^^^^^^^^^^^^^^^^
  File "C:\Users\kishw\OneDrive\Desktop\ccxs\services\smb_service.py", line 72, in send
    self.wfile.write((text + "\r\n").encode("utf-8", "replace"))
    ~~~~~~~~~~~~~~~~^^^^^^^^^^^^^^^^^^^^^^^^^^^^^^^^^^^^^^^^^^^^
  File "C:\Users\kishw\AppData\Local\Programs\Python\Python314\Lib\socketserver.py", line 845, in write
    self._sock.sendall(b)
    ~~~~~~~~~~~~~~~~~~^^^
ConnectionAbortedError: [WinError 10053] An established connection was aborted by the software in your host machine
----------------------------------------
----------------------------------------
Exception occurred during processing of request from ('127.0.0.1', 58672)
Traceback (most recent call last):
  File "C:\Users\kishw\AppData\Local\Programs\Python\Python314\Lib\socketserver.py", line 697, in process_request_thread
    self.finish_request(request, client_address)
    ~~~~~~~~~~~~~~~~~~~^^^^^^^^^^^^^^^^^^^^^^^^^
  File "C:\Users\kishw\AppData\Local\Programs\Python\Python314\Lib\socketserver.py", line 362, in finish_request
    self.RequestHandlerClass(request, client_address, self)
    ~~~~~~~~~~~~~~~~~~~~~~~~^^^^^^^^^^^^^^^^^^^^^^^^^^^^^^^
Exception (server): Error reading SSH protocol banner[WinError 10053] An established connection was aborted by the software in your host machine
  File "C:\Users\kishw\AppData\Local\Programs\Python\Python314\Lib\socketserver.py", line 766, in __init__
    self.handle()
    ~~~~~~~~~~~^^
  File "C:\Users\kishw\OneDrive\Desktop\ccxs\services\ftp_service.py", line 161, in handle
    raw = self.request.recv(2048)
ConnectionAbortedError: [WinError 10053] An established connection was aborted by the software in your host machine
----------------------------------------
Traceback (most recent call last):
  File "C:\Users\kishw\AppData\Local\Programs\Python\Python314\Lib\site-packages\paramiko\transport.py", line 2213, in _check_banner
    buf = self.packetizer.readline(timeout)
  File "C:\Users\kishw\AppData\Local\Programs\Python\Python314\Lib\site-packages\paramiko\packet.py", line 395, in readline
    buf += self._read_timeout(timeout)
           ~~~~~~~~~~~~~~~~~~^^^^^^^^^
  File "C:\Users\kishw\AppData\Local\Programs\Python\Python314\Lib\site-packages\paramiko\packet.py", line 663, in _read_timeout
    x = self.__socket.recv(128)
ConnectionAbortedError: [WinError 10053] An established connection was aborted by the software in your host machine

During handling of the above exception, another exception occurred:

Traceback (most recent call last):
  File "C:\Users\kishw\AppData\Local\Programs\Python\Python314\Lib\site-packages\paramiko\transport.py", line 2029, in run
    self._check_banner()
    ~~~~~~~~~~~~~~~~~~^^
  File "C:\Users\kishw\AppData\Local\Programs\Python\Python314\Lib\site-packages\paramiko\transport.py", line 2217, in _check_banner
    raise SSHException(
        "Error reading SSH protocol banner" + str(e)
    )
paramiko.ssh_exception.SSHException: Error reading SSH protocol banner[WinError 10053] An established connection was aborted by the software in your host machine

----------------------------------------
Exception occurred during processing of request from ('127.0.0.1', 58675)
Traceback (most recent call last):
  File "C:\Users\kishw\AppData\Local\Programs\Python\Python314\Lib\socketserver.py", line 697, in process_request_thread
    self.finish_request(request, client_address)
    ~~~~~~~~~~~~~~~~~~~^^^^^^^^^^^^^^^^^^^^^^^^^
  File "C:\Users\kishw\AppData\Local\Programs\Python\Python314\Lib\socketserver.py", line 362, in finish_request
    self.RequestHandlerClass(request, client_address, self)
    ~~~~~~~~~~~~~~~~~~~~~~~~^^^^^^^^^^^^^^^^^^^^^^^^^^^^^^^
  File "C:\Users\kishw\AppData\Local\Programs\Python\Python314\Lib\socketserver.py", line 766, in __init__
    self.handle()
    ~~~~~~~~~~~^^
  File "C:\Users\kishw\OneDrive\Desktop\ccxs\services\smb_service.py", line 78, in handle
    self.send("smb-01: " + flag("smb-01"))
    ~~~~~~~~~^^^^^^^^^^^^^^^^^^^^^^^^^^^^^
  File "C:\Users\kishw\OneDrive\Desktop\ccxs\services\smb_service.py", line 72, in send
    self.wfile.write((text + "\r\n").encode("utf-8", "replace"))
    ~~~~~~~~~~~~~~~~^^^^^^^^^^^^^^^^^^^^^^^^^^^^^^^^^^^^^^^^^^^^
  File "C:\Users\kishw\AppData\Local\Programs\Python\Python314\Lib\socketserver.py", line 845, in write
    self._sock.sendall(b)
    ~~~~~~~~~~~~~~~~~~^^^
ConnectionAbortedError: [WinError 10053] An established connection was aborted by the software in your host machine
----------------------------------------
----------------------------------------
Exception occurred during processing of request from ('192.168.1.9', 58682)
Exception (server): Error reading SSH protocol banner[WinError 10053] An established connection was aborted by the software in your host machine
Traceback (most recent call last):
  File "C:\Users\kishw\AppData\Local\Programs\Python\Python314\Lib\socketserver.py", line 697, in process_request_thread
    self.finish_request(request, client_address)
    ~~~~~~~~~~~~~~~~~~~^^^^^^^^^^^^^^^^^^^^^^^^^
  File "C:\Users\kishw\AppData\Local\Programs\Python\Python314\Lib\socketserver.py", line 362, in finish_request
    self.RequestHandlerClass(request, client_address, self)
    ~~~~~~~~~~~~~~~~~~~~~~~~^^^^^^^^^^^^^^^^^^^^^^^^^^^^^^^
  File "C:\Users\kishw\AppData\Local\Programs\Python\Python314\Lib\socketserver.py", line 766, in __init__
    self.handle()
    ~~~~~~~~~~~^^
  File "C:\Users\kishw\OneDrive\Desktop\ccxs\services\ftp_service.py", line 161, in handle
    raw = self.request.recv(2048)
Traceback (most recent call last):
ConnectionAbortedError: [WinError 10053] An established connection was aborted by the software in your host machine
  File "C:\Users\kishw\AppData\Local\Programs\Python\Python314\Lib\site-packages\paramiko\transport.py", line 2213, in _check_banner
----------------------------------------
    buf = self.packetizer.readline(timeout)
  File "C:\Users\kishw\AppData\Local\Programs\Python\Python314\Lib\site-packages\paramiko\packet.py", line 395, in readline
    buf += self._read_timeout(timeout)
           ~~~~~~~~~~~~~~~~~~^^^^^^^^^
  File "C:\Users\kishw\AppData\Local\Programs\Python\Python314\Lib\site-packages\paramiko\packet.py", line 663, in _read_timeout
    x = self.__socket.recv(128)
ConnectionAbortedError: [WinError 10053] An established connection was aborted by the software in your host machine

During handling of the above exception, another exception occurred:

Traceback (most recent call last):
  File "C:\Users\kishw\AppData\Local\Programs\Python\Python314\Lib\site-packages\paramiko\transport.py", line 2029, in run
    self._check_banner()
    ~~~~~~~~~~~~~~~~~~^^
  File "C:\Users\kishw\AppData\Local\Programs\Python\Python314\Lib\site-packages\paramiko\transport.py", line 2217, in _check_banner
    raise SSHException(
        "Error reading SSH protocol banner" + str(e)
    )
paramiko.ssh_exception.SSHException: Error reading SSH protocol banner[WinError 10053] An established connection was aborted by the software in your host machine

----------------------------------------
Exception occurred during processing of request from ('192.168.1.9', 58685)
Traceback (most recent call last):
  File "C:\Users\kishw\AppData\Local\Programs\Python\Python314\Lib\socketserver.py", line 697, in process_request_thread
    self.finish_request(request, client_address)
    ~~~~~~~~~~~~~~~~~~~^^^^^^^^^^^^^^^^^^^^^^^^^
  File "C:\Users\kishw\AppData\Local\Programs\Python\Python314\Lib\socketserver.py", line 362, in finish_request
    self.RequestHandlerClass(request, client_address, self)
    ~~~~~~~~~~~~~~~~~~~~~~~~^^^^^^^^^^^^^^^^^^^^^^^^^^^^^^^
  File "C:\Users\kishw\AppData\Local\Programs\Python\Python314\Lib\socketserver.py", line 766, in __init__
    self.handle()
    ~~~~~~~~~~~^^
  File "C:\Users\kishw\OneDrive\Desktop\ccxs\services\smb_service.py", line 78, in handle
    self.send("smb-01: " + flag("smb-01"))
    ~~~~~~~~~^^^^^^^^^^^^^^^^^^^^^^^^^^^^^
  File "C:\Users\kishw\OneDrive\Desktop\ccxs\services\smb_service.py", line 72, in send
    self.wfile.write((text + "\r\n").encode("utf-8", "replace"))
    ~~~~~~~~~~~~~~~~^^^^^^^^^^^^^^^^^^^^^^^^^^^^^^^^^^^^^^^^^^^^
  File "C:\Users\kishw\AppData\Local\Programs\Python\Python314\Lib\socketserver.py", line 845, in write
    self._sock.sendall(b)
    ~~~~~~~~~~~~~~~~~~^^^
ConnectionAbortedError: [WinError 10053] An established connection was aborted by the software in your host machine
----------------------------------------
----------------------------------------
Exception occurred during processing of request from ('192.168.1.10', 51922)
Exception (server): Error reading SSH protocol banner[WinError 10053] An established connection was aborted by the software in your host machine
Traceback (most recent call last):
  File "C:\Users\kishw\AppData\Local\Programs\Python\Python314\Lib\socketserver.py", line 697, in process_request_thread
    self.finish_request(request, client_address)
    ~~~~~~~~~~~~~~~~~~~^^^^^^^^^^^^^^^^^^^^^^^^^
  File "C:\Users\kishw\AppData\Local\Programs\Python\Python314\Lib\socketserver.py", line 362, in finish_request
    self.RequestHandlerClass(request, client_address, self)
    ~~~~~~~~~~~~~~~~~~~~~~~~^^^^^^^^^^^^^^^^^^^^^^^^^^^^^^^
  File "C:\Users\kishw\AppData\Local\Programs\Python\Python314\Lib\socketserver.py", line 766, in __init__
    self.handle()
    ~~~~~~~~~~~^^
  File "C:\Users\kishw\OneDrive\Desktop\ccxs\services\ftp_service.py", line 161, in handle
    raw = self.request.recv(2048)
ConnectionAbortedError: [WinError 10053] An established connection was aborted by the software in your host machine
----------------------------------------
Traceback (most recent call last):
  File "C:\Users\kishw\AppData\Local\Programs\Python\Python314\Lib\site-packages\paramiko\transport.py", line 2213, in _check_banner
    buf = self.packetizer.readline(timeout)
  File "C:\Users\kishw\AppData\Local\Programs\Python\Python314\Lib\site-packages\paramiko\packet.py", line 395, in readline
    buf += self._read_timeout(timeout)
           ~~~~~~~~~~~~~~~~~~^^^^^^^^^
  File "C:\Users\kishw\AppData\Local\Programs\Python\Python314\Lib\site-packages\paramiko\packet.py", line 663, in _read_timeout
    x = self.__socket.recv(128)
ConnectionAbortedError: [WinError 10053] An established connection was aborted by the software in your host machine

During handling of the above exception, another exception occurred:

Traceback (most recent call last):
  File "C:\Users\kishw\AppData\Local\Programs\Python\Python314\Lib\site-packages\paramiko\transport.py", line 2029, in run
    self._check_banner()
    ~~~~~~~~~~~~~~~~~~^^
  File "C:\Users\kishw\AppData\Local\Programs\Python\Python314\Lib\site-packages\paramiko\transport.py", line 2217, in _check_banner
    raise SSHException(
        "Error reading SSH protocol banner" + str(e)
    )
paramiko.ssh_exception.SSHException: Error reading SSH protocol banner[WinError 10053] An established connection was aborted by the software in your host machine

----------------------------------------
Exception occurred during processing of request from ('192.168.1.10', 51925)
Traceback (most recent call last):
  File "C:\Users\kishw\AppData\Local\Programs\Python\Python314\Lib\socketserver.py", line 697, in process_request_thread
    self.finish_request(request, client_address)
    ~~~~~~~~~~~~~~~~~~~^^^^^^^^^^^^^^^^^^^^^^^^^
  File "C:\Users\kishw\AppData\Local\Programs\Python\Python314\Lib\socketserver.py", line 362, in finish_request
    self.RequestHandlerClass(request, client_address, self)
    ~~~~~~~~~~~~~~~~~~~~~~~~^^^^^^^^^^^^^^^^^^^^^^^^^^^^^^^
  File "C:\Users\kishw\AppData\Local\Programs\Python\Python314\Lib\socketserver.py", line 766, in __init__
    self.handle()
    ~~~~~~~~~~~^^
  File "C:\Users\kishw\OneDrive\Desktop\ccxs\services\smb_service.py", line 78, in handle
    self.send("smb-01: " + flag("smb-01"))
    ~~~~~~~~~^^^^^^^^^^^^^^^^^^^^^^^^^^^^^
  File "C:\Users\kishw\OneDrive\Desktop\ccxs\services\smb_service.py", line 72, in send
    self.wfile.write((text + "\r\n").encode("utf-8", "replace"))
    ~~~~~~~~~~~~~~~~^^^^^^^^^^^^^^^^^^^^^^^^^^^^^^^^^^^^^^^^^^^^
  File "C:\Users\kishw\AppData\Local\Programs\Python\Python314\Lib\socketserver.py", line 845, in write
    self._sock.sendall(b)
    ~~~~~~~~~~~~~~~~~~^^^
ConnectionAbortedError: [WinError 10053] An established connection was aborted by the software in your host machine
----------------------------------------
==================================================================
  VulnLab services
  AUTHORIZED LAB ONLY - every service here is vulnerable on purpose
  bind: 0.0.0.0
==================================================================
  ftp        2121   FTP service
  telnet     2323   Telnet management console
  ssh        2222   SSH service (simulated Linux host)
  smb        4450   SMB share simulator
  debug-lab  8000   Debug-lab (Werkzeug debugger research)
  internals  8081   Hidden service catalogue
  cache      6379   Cache service (rabbit hole)
==================================================================
  lab data prepared under C:\Users\kishw\OneDrive\Desktop\ccxs\data
  press Ctrl+C to stop
==============================================================
  VulnLab FTP  (anonymous login allowed, on purpose)
  ftp://0.0.0.0:2121
==============================================================
  [ftp] started
==============================================================
  VulnLab Telnet management console (plaintext, on purpose)
  telnet 0.0.0.0:2323
==============================================================
  [telnet] started
==============================================================
  VulnLab SSH  (simulated Linux host, root never touches this disk)
  ssh -p 2222 student@0.0.0.0
==============================================================
  [ssh] started
==============================================================
  VulnLab SMB simulator (real SMB needs Linux - see smb/README.md)
  tcp://0.0.0.0:4450
==============================================================
  [smb] started
==============================================================
  VulnLab debug-lab  (debugger research instance)
  http://0.0.0.0:8000/
==============================================================
 * Serving Flask app 'services.debug_lab'
 * Debug mode: off
WARNING: This is a development server. Do not use it in a production deployment. Use a production WSGI server instead.
 * Running on all addresses (0.0.0.0)
 * Running on http://127.0.0.1:8000
 * Running on http://192.168.1.10:8000
Press CTRL+C to quit
----------------------------------------
Exception occurred during processing of request from ('192.168.1.10', 50868)
Traceback (most recent call last):
  File "C:\Users\kishw\AppData\Local\Programs\Python\Python314\Lib\socketserver.py", line 697, in process_request_thread
    self.finish_request(request, client_address)
    ~~~~~~~~~~~~~~~~~~~^^^^^^^^^^^^^^^^^^^^^^^^^
  File "C:\Users\kishw\AppData\Local\Programs\Python\Python314\Lib\socketserver.py", line 362, in finish_request
    self.RequestHandlerClass(request, client_address, self)
    ~~~~~~~~~~~~~~~~~~~~~~~~^^^^^^^^^^^^^^^^^^^^^^^^^^^^^^^
  File "C:\Users\kishw\AppData\Local\Programs\Python\Python314\Lib\socketserver.py", line 766, in __init__
    self.handle()
    ~~~~~~~~~~~^^
  File "C:\Users\kishw\OneDrive\Desktop\ccxs\services\ftp_service.py", line 161, in handle
    raw = self.request.recv(2048)
ConnectionResetError: [WinError 10054] An existing connection was forcibly closed by the remote host
----------------------------------------
Exception (server): Error reading SSH protocol banner[WinError 10054] An existing connection was forcibly closed by the remote host
Traceback (most recent call last):
  File "C:\Users\kishw\AppData\Local\Programs\Python\Python314\Lib\site-packages\paramiko\transport.py", line 2213, in _check_banner
    buf = self.packetizer.readline(timeout)
  File "C:\Users\kishw\AppData\Local\Programs\Python\Python314\Lib\site-packages\paramiko\packet.py", line 395, in readline
    buf += self._read_timeout(timeout)
           ~~~~~~~~~~~~~~~~~~^^^^^^^^^
  File "C:\Users\kishw\AppData\Local\Programs\Python\Python314\Lib\site-packages\paramiko\packet.py", line 663, in _read_timeout
    x = self.__socket.recv(128)
ConnectionResetError: [WinError 10054] An existing connection was forcibly closed by the remote host

During handling of the above exception, another exception occurred:

Traceback (most recent call last):
  File "C:\Users\kishw\AppData\Local\Programs\Python\Python314\Lib\site-packages\paramiko\transport.py", line 2029, in run
    self._check_banner()
    ~~~~~~~~~~~~~~~~~~^^
  File "C:\Users\kishw\AppData\Local\Programs\Python\Python314\Lib\site-packages\paramiko\transport.py", line 2217, in _check_banner
    raise SSHException(
        "Error reading SSH protocol banner" + str(e)
    )
paramiko.ssh_exception.SSHException: Error reading SSH protocol banner[WinError 10054] An existing connection was forcibly closed by the remote host

----------------------------------------
Exception occurred during processing of request from ('192.168.1.10', 50871)
Traceback (most recent call last):
  File "C:\Users\kishw\AppData\Local\Programs\Python\Python314\Lib\socketserver.py", line 697, in process_request_thread
    self.finish_request(request, client_address)
    ~~~~~~~~~~~~~~~~~~~^^^^^^^^^^^^^^^^^^^^^^^^^
  File "C:\Users\kishw\AppData\Local\Programs\Python\Python314\Lib\socketserver.py", line 362, in finish_request
    self.RequestHandlerClass(request, client_address, self)
    ~~~~~~~~~~~~~~~~~~~~~~~~^^^^^^^^^^^^^^^^^^^^^^^^^^^^^^^
  File "C:\Users\kishw\AppData\Local\Programs\Python\Python314\Lib\socketserver.py", line 766, in __init__
    self.handle()
    ~~~~~~~~~~~^^
  File "C:\Users\kishw\OneDrive\Desktop\ccxs\services\smb_service.py", line 78, in handle
    self.send("smb-01: " + flag("smb-01"))
    ~~~~~~~~~^^^^^^^^^^^^^^^^^^^^^^^^^^^^^
  File "C:\Users\kishw\OneDrive\Desktop\ccxs\services\smb_service.py", line 72, in send
    self.wfile.write((text + "\r\n").encode("utf-8", "replace"))
    ~~~~~~~~~~~~~~~~^^^^^^^^^^^^^^^^^^^^^^^^^^^^^^^^^^^^^^^^^^^^
  File "C:\Users\kishw\AppData\Local\Programs\Python\Python314\Lib\socketserver.py", line 845, in write
    self._sock.sendall(b)
    ~~~~~~~~~~~~~~~~~~^^^
ConnectionAbortedError: [WinError 10053] An established connection was aborted by the software in your host machine
----------------------------------------
----------------------------------------
Exception occurred during processing of request from ('192.168.1.10', 50878)
Traceback (most recent call last):
  File "C:\Users\kishw\AppData\Local\Programs\Python\Python314\Lib\socketserver.py", line 697, in process_request_thread
    self.finish_request(request, client_address)
    ~~~~~~~~~~~~~~~~~~~^^^^^^^^^^^^^^^^^^^^^^^^^
  File "C:\Users\kishw\AppData\Local\Programs\Python\Python314\Lib\socketserver.py", line 362, in finish_request
    self.RequestHandlerClass(request, client_address, self)
    ~~~~~~~~~~~~~~~~~~~~~~~~^^^^^^^^^^^^^^^^^^^^^^^^^^^^^^^
  File "C:\Users\kishw\AppData\Local\Programs\Python\Python314\Lib\socketserver.py", line 766, in __init__
    self.handle()
    ~~~~~~~~~~~^^
  File "C:\Users\kishw\OneDrive\Desktop\ccxs\services\ftp_service.py", line 161, in handle
    raw = self.request.recv(2048)
ConnectionAbortedError: [WinError 10053] An established connection was aborted by the software in your host machine
----------------------------------------
Exception (server): Error reading SSH protocol banner[WinError 10053] An established connection was aborted by the software in your host machine
Traceback (most recent call last):
  File "C:\Users\kishw\AppData\Local\Programs\Python\Python314\Lib\site-packages\paramiko\transport.py", line 2213, in _check_banner
    buf = self.packetizer.readline(timeout)
  File "C:\Users\kishw\AppData\Local\Programs\Python\Python314\Lib\site-packages\paramiko\packet.py", line 395, in readline
    buf += self._read_timeout(timeout)
           ~~~~~~~~~~~~~~~~~~^^^^^^^^^
  File "C:\Users\kishw\AppData\Local\Programs\Python\Python314\Lib\site-packages\paramiko\packet.py", line 663, in _read_timeout
    x = self.__socket.recv(128)
ConnectionAbortedError: [WinError 10053] An established connection was aborted by the software in your host machine

During handling of the above exception, another exception occurred:

Traceback (most recent call last):
  File "C:\Users\kishw\AppData\Local\Programs\Python\Python314\Lib\site-packages\paramiko\transport.py", line 2029, in run
    self._check_banner()
    ~~~~~~~~~~~~~~~~~~^^
  File "C:\Users\kishw\AppData\Local\Programs\Python\Python314\Lib\site-packages\paramiko\transport.py", line 2217, in _check_banner
    raise SSHException(
        "Error reading SSH protocol banner" + str(e)
    )
paramiko.ssh_exception.SSHException: Error reading SSH protocol banner[WinError 10053] An established connection was aborted by the software in your host machine

----------------------------------------
Exception occurred during processing of request from ('192.168.1.10', 50881)
Traceback (most recent call last):
  File "C:\Users\kishw\AppData\Local\Programs\Python\Python314\Lib\socketserver.py", line 697, in process_request_thread
    self.finish_request(request, client_address)
    ~~~~~~~~~~~~~~~~~~~^^^^^^^^^^^^^^^^^^^^^^^^^
  File "C:\Users\kishw\AppData\Local\Programs\Python\Python314\Lib\socketserver.py", line 362, in finish_request
    self.RequestHandlerClass(request, client_address, self)
    ~~~~~~~~~~~~~~~~~~~~~~~~^^^^^^^^^^^^^^^^^^^^^^^^^^^^^^^
  File "C:\Users\kishw\AppData\Local\Programs\Python\Python314\Lib\socketserver.py", line 766, in __init__
    self.handle()
    ~~~~~~~~~~~^^
  File "C:\Users\kishw\OneDrive\Desktop\ccxs\services\smb_service.py", line 78, in handle
    self.send("smb-01: " + flag("smb-01"))
    ~~~~~~~~~^^^^^^^^^^^^^^^^^^^^^^^^^^^^^
  File "C:\Users\kishw\OneDrive\Desktop\ccxs\services\smb_service.py", line 72, in send
    self.wfile.write((text + "\r\n").encode("utf-8", "replace"))
    ~~~~~~~~~~~~~~~~^^^^^^^^^^^^^^^^^^^^^^^^^^^^^^^^^^^^^^^^^^^^
  File "C:\Users\kishw\AppData\Local\Programs\Python\Python314\Lib\socketserver.py", line 845, in write
    self._sock.sendall(b)
    ~~~~~~~~~~~~~~~~~~^^^
ConnectionAbortedError: [WinError 10053] An established connection was aborted by the software in your host machine
----------------------------------------
----------------------------------------
Exception occurred during processing of request from ('192.168.1.10', 59674)
----------------------------------------
Traceback (most recent call last):
Exception occurred during processing of request from ('127.0.0.1', 59675)
  File "C:\Users\kishw\AppData\Local\Programs\Python\Python314\Lib\socketserver.py", line 697, in process_request_thread
    self.finish_request(request, client_address)
    ~~~~~~~~~~~~~~~~~~~^^^^^^^^^^^^^^^^^^^^^^^^^
  File "C:\Users\kishw\AppData\Local\Programs\Python\Python314\Lib\socketserver.py", line 362, in finish_request
    self.RequestHandlerClass(request, client_address, self)
    ~~~~~~~~~~~~~~~~~~~~~~~~^^^^^^^^^^^^^^^^^^^^^^^^^^^^^^^
  File "C:\Users\kishw\AppData\Local\Programs\Python\Python314\Lib\socketserver.py", line 766, in __init__
    self.handle()
    ~~~~~~~~~~~^^
Traceback (most recent call last):
  File "C:\Users\kishw\OneDrive\Desktop\ccxs\services\ftp_service.py", line 161, in handle
    raw = self.request.recv(2048)
ConnectionAbortedError: [WinError 10053] An established connection was aborted by the software in your host machine
  File "C:\Users\kishw\AppData\Local\Programs\Python\Python314\Lib\socketserver.py", line 697, in process_request_thread
    self.finish_request(request, client_address)
    ~~~~~~~~~~~~~~~~~~~^^^^^^^^^^^^^^^^^^^^^^^^^
----------------------------------------
  File "C:\Users\kishw\AppData\Local\Programs\Python\Python314\Lib\socketserver.py", line 362, in finish_request
    self.RequestHandlerClass(request, client_address, self)
    ~~~~~~~~~~~~~~~~~~~~~~~~^^^^^^^^^^^^^^^^^^^^^^^^^^^^^^^
  File "C:\Users\kishw\AppData\Local\Programs\Python\Python314\Lib\socketserver.py", line 766, in __init__
    self.handle()
    ~~~~~~~~~~~^^
  File "C:\Users\kishw\OneDrive\Desktop\ccxs\services\ftp_service.py", line 161, in handle
    raw = self.request.recv(2048)
ConnectionAbortedError: [WinError 10053] An established connection was aborted by the software in your host machine
----------------------------------------
Exception (server): Error reading SSH protocol banner[WinError 10054] An existing connection was forcibly closed by the remote host
Traceback (most recent call last):
  File "C:\Users\kishw\AppData\Local\Programs\Python\Python314\Lib\site-packages\paramiko\transport.py", line 2213, in _check_banner
    buf = self.packetizer.readline(timeout)
  File "C:\Users\kishw\AppData\Local\Programs\Python\Python314\Lib\site-packages\paramiko\packet.py", line 395, in readline
    buf += self._read_timeout(timeout)
           ~~~~~~~~~~~~~~~~~~^^^^^^^^^
  File "C:\Users\kishw\AppData\Local\Programs\Python\Python314\Lib\site-packages\paramiko\packet.py", line 663, in _read_timeout
    x = self.__socket.recv(128)
ConnectionResetError: [WinError 10054] An existing connection was forcibly closed by the remote host

During handling of the above exception, another exception occurred:

Traceback (most recent call last):
  File "C:\Users\kishw\AppData\Local\Programs\Python\Python314\Lib\site-packages\paramiko\transport.py", line 2029, in run
    self._check_banner()
    ~~~~~~~~~~~~~~~~~~^^
  File "C:\Users\kishw\AppData\Local\Programs\Python\Python314\Lib\site-packages\paramiko\transport.py", line 2217, in _check_banner
    raise SSHException(
        "Error reading SSH protocol banner" + str(e)
    )
paramiko.ssh_exception.SSHException: Error reading SSH protocol banner[WinError 10054] An existing connection was forcibly closed by the remote host

Exception (server): Error reading SSH protocol banner[WinError 10054] An existing connection was forcibly closed by the remote host
Traceback (most recent call last):
  File "C:\Users\kishw\AppData\Local\Programs\Python\Python314\Lib\site-packages\paramiko\transport.py", line 2213, in _check_banner
    buf = self.packetizer.readline(timeout)
  File "C:\Users\kishw\AppData\Local\Programs\Python\Python314\Lib\site-packages\paramiko\packet.py", line 395, in readline
    buf += self._read_timeout(timeout)
           ~~~~~~~~~~~~~~~~~~^^^^^^^^^
  File "C:\Users\kishw\AppData\Local\Programs\Python\Python314\Lib\site-packages\paramiko\packet.py", line 663, in _read_timeout
    x = self.__socket.recv(128)
ConnectionResetError: [WinError 10054] An existing connection was forcibly closed by the remote host

During handling of the above exception, another exception occurred:

Traceback (most recent call last):
  File "C:\Users\kishw\AppData\Local\Programs\Python\Python314\Lib\site-packages\paramiko\transport.py", line 2029, in run
    self._check_banner()
    ~~~~~~~~~~~~~~~~~~^^
  File "C:\Users\kishw\AppData\Local\Programs\Python\Python314\Lib\site-packages\paramiko\transport.py", line 2217, in _check_banner
    raise SSHException(
        "Error reading SSH protocol banner" + str(e)
    )
paramiko.ssh_exception.SSHException: Error reading SSH protocol banner[WinError 10054] An existing connection was forcibly closed by the remote host

----------------------------------------
Exception occurred during processing of request from ('192.168.1.10', 59680)
Traceback (most recent call last):
  File "C:\Users\kishw\AppData\Local\Programs\Python\Python314\Lib\socketserver.py", line 697, in process_request_thread
    self.finish_request(request, client_address)
    ~~~~~~~~~~~~~~~~~~~^^^^^^^^^^^^^^^^^^^^^^^^^
  File "C:\Users\kishw\AppData\Local\Programs\Python\Python314\Lib\socketserver.py", line 362, in finish_request
    self.RequestHandlerClass(request, client_address, self)
    ~~~~~~~~~~~~~~~~~~~~~~~~^^^^^^^^^^^^^^^^^^^^^^^^^^^^^^^
  File "C:\Users\kishw\AppData\Local\Programs\Python\Python314\Lib\socketserver.py", line 766, in __init__
    self.handle()
    ~~~~~~~~~~~^^
  File "C:\Users\kishw\OneDrive\Desktop\ccxs\services\smb_service.py", line 78, in handle
    self.send("smb-01: " + flag("smb-01"))
    ~~~~~~~~~^^^^^^^^^^^^^^^^^^^^^^^^^^^^^
  File "C:\Users\kishw\OneDrive\Desktop\ccxs\services\smb_service.py", line 72, in send
    self.wfile.write((text + "\r\n").encode("utf-8", "replace"))
    ~~~~~~~~~~~~~~~~^^^^^^^^^^^^^^^^^^^^^^^^^^^^^^^^^^^^^^^^^^^^
  File "C:\Users\kishw\AppData\Local\Programs\Python\Python314\Lib\socketserver.py", line 845, in write
    self._sock.sendall(b)
    ~~~~~~~~~~~~~~~~~~^^^
ConnectionAbortedError: [WinError 10053] An established connection was aborted by the software in your host machine
----------------------------------------
----------------------------------------
Exception occurred during processing of request from ('127.0.0.1', 59681)
Traceback (most recent call last):
  File "C:\Users\kishw\AppData\Local\Programs\Python\Python314\Lib\socketserver.py", line 697, in process_request_thread
    self.finish_request(request, client_address)
    ~~~~~~~~~~~~~~~~~~~^^^^^^^^^^^^^^^^^^^^^^^^^
  File "C:\Users\kishw\AppData\Local\Programs\Python\Python314\Lib\socketserver.py", line 362, in finish_request
    self.RequestHandlerClass(request, client_address, self)
    ~~~~~~~~~~~~~~~~~~~~~~~~^^^^^^^^^^^^^^^^^^^^^^^^^^^^^^^
  File "C:\Users\kishw\AppData\Local\Programs\Python\Python314\Lib\socketserver.py", line 766, in __init__
    self.handle()
    ~~~~~~~~~~~^^
  File "C:\Users\kishw\OneDrive\Desktop\ccxs\services\smb_service.py", line 78, in handle
    self.send("smb-01: " + flag("smb-01"))
    ~~~~~~~~~^^^^^^^^^^^^^^^^^^^^^^^^^^^^^
  File "C:\Users\kishw\OneDrive\Desktop\ccxs\services\smb_service.py", line 72, in send
    self.wfile.write((text + "\r\n").encode("utf-8", "replace"))
    ~~~~~~~~~~~~~~~~^^^^^^^^^^^^^^^^^^^^^^^^^^^^^^^^^^^^^^^^^^^^
  File "C:\Users\kishw\AppData\Local\Programs\Python\Python314\Lib\socketserver.py", line 845, in write
    self._sock.sendall(b)
    ~~~~~~~~~~~~~~~~~~^^^
ConnectionAbortedError: [WinError 10053] An established connection was aborted by the software in your host machine
----------------------------------------
----------------------------------------
Exception occurred during processing of request from ('192.168.1.10', 62472)
Traceback (most recent call last):
  File "C:\Users\kishw\AppData\Local\Programs\Python\Python314\Lib\socketserver.py", line 697, in process_request_thread
    self.finish_request(request, client_address)
    ~~~~~~~~~~~~~~~~~~~^^^^^^^^^^^^^^^^^^^^^^^^^
  File "C:\Users\kishw\AppData\Local\Programs\Python\Python314\Lib\socketserver.py", line 362, in finish_request
    self.RequestHandlerClass(request, client_address, self)
    ~~~~~~~~~~~~~~~~~~~~~~~~^^^^^^^^^^^^^^^^^^^^^^^^^^^^^^^
  File "C:\Users\kishw\AppData\Local\Programs\Python\Python314\Lib\socketserver.py", line 766, in __init__
    self.handle()
    ~~~~~~~~~~~^^
  File "C:\Users\kishw\OneDrive\Desktop\ccxs\services\ftp_service.py", line 161, in handle
    raw = self.request.recv(2048)
ConnectionAbortedError: [WinError 10053] An established connection was aborted by the software in your host machine
----------------------------------------
----------------------------------------
Exception occurred during processing of request from ('127.0.0.1', 62473)
Traceback (most recent call last):
  File "C:\Users\kishw\AppData\Local\Programs\Python\Python314\Lib\socketserver.py", line 697, in process_request_thread
    self.finish_request(request, client_address)
    ~~~~~~~~~~~~~~~~~~~^^^^^^^^^^^^^^^^^^^^^^^^^
  File "C:\Users\kishw\AppData\Local\Programs\Python\Python314\Lib\socketserver.py", line 362, in finish_request
    self.RequestHandlerClass(request, client_address, self)
    ~~~~~~~~~~~~~~~~~~~~~~~~^^^^^^^^^^^^^^^^^^^^^^^^^^^^^^^
  File "C:\Users\kishw\AppData\Local\Programs\Python\Python314\Lib\socketserver.py", line 766, in __init__
    self.handle()
    ~~~~~~~~~~~^^
  File "C:\Users\kishw\OneDrive\Desktop\ccxs\services\ftp_service.py", line 161, in handle
    raw = self.request.recv(2048)
ConnectionResetError: [WinError 10054] An existing connection was forcibly closed by the remote host
----------------------------------------
Exception (server): Error reading SSH protocol banner[WinError 10053] An established connection was aborted by the software in your host machine
Traceback (most recent call last):
  File "C:\Users\kishw\AppData\Local\Programs\Python\Python314\Lib\site-packages\paramiko\transport.py", line 2213, in _check_banner
    buf = self.packetizer.readline(timeout)
  File "C:\Users\kishw\AppData\Local\Programs\Python\Python314\Lib\site-packages\paramiko\packet.py", line 395, in readline
    buf += self._read_timeout(timeout)
           ~~~~~~~~~~~~~~~~~~^^^^^^^^^
  File "C:\Users\kishw\AppData\Local\Programs\Python\Python314\Lib\site-packages\paramiko\packet.py", line 663, in _read_timeout
    x = self.__socket.recv(128)
ConnectionAbortedError: [WinError 10053] An established connection was aborted by the software in your host machine

During handling of the above exception, another exception occurred:

Traceback (most recent call last):
  File "C:\Users\kishw\AppData\Local\Programs\Python\Python314\Lib\site-packages\paramiko\transport.py", line 2029, in run
    self._check_banner()
    ~~~~~~~~~~~~~~~~~~^^
  File "C:\Users\kishw\AppData\Local\Programs\Python\Python314\Lib\site-packages\paramiko\transport.py", line 2217, in _check_banner
    raise SSHException(
        "Error reading SSH protocol banner" + str(e)
    )
paramiko.ssh_exception.SSHException: Error reading SSH protocol banner[WinError 10053] An established connection was aborted by the software in your host machine

Exception (server): Error reading SSH protocol banner[WinError 10053] An established connection was aborted by the software in your host machine
Traceback (most recent call last):
  File "C:\Users\kishw\AppData\Local\Programs\Python\Python314\Lib\site-packages\paramiko\transport.py", line 2213, in _check_banner
    buf = self.packetizer.readline(timeout)
  File "C:\Users\kishw\AppData\Local\Programs\Python\Python314\Lib\site-packages\paramiko\packet.py", line 395, in readline
    buf += self._read_timeout(timeout)
           ~~~~~~~~~~~~~~~~~~^^^^^^^^^
  File "C:\Users\kishw\AppData\Local\Programs\Python\Python314\Lib\site-packages\paramiko\packet.py", line 663, in _read_timeout
    x = self.__socket.recv(128)
ConnectionAbortedError: [WinError 10053] An established connection was aborted by the software in your host machine

During handling of the above exception, another exception occurred:

Traceback (most recent call last):
  File "C:\Users\kishw\AppData\Local\Programs\Python\Python314\Lib\site-packages\paramiko\transport.py", line 2029, in run
    self._check_banner()
    ~~~~~~~~~~~~~~~~~~^^
  File "C:\Users\kishw\AppData\Local\Programs\Python\Python314\Lib\site-packages\paramiko\transport.py", line 2217, in _check_banner
    raise SSHException(
        "Error reading SSH protocol banner" + str(e)
    )
paramiko.ssh_exception.SSHException: Error reading SSH protocol banner[WinError 10053] An established connection was aborted by the software in your host machine

----------------------------------------
Exception occurred during processing of request from ('192.168.1.10', 62478)
Traceback (most recent call last):
  File "C:\Users\kishw\AppData\Local\Programs\Python\Python314\Lib\socketserver.py", line 697, in process_request_thread
    self.finish_request(request, client_address)
    ~~~~~~~~~~~~~~~~~~~^^^^^^^^^^^^^^^^^^^^^^^^^
  File "C:\Users\kishw\AppData\Local\Programs\Python\Python314\Lib\socketserver.py", line 362, in finish_request
    self.RequestHandlerClass(request, client_address, self)
    ~~~~~~~~~~~~~~~~~~~~~~~~^^^^^^^^^^^^^^^^^^^^^^^^^^^^^^^
  File "C:\Users\kishw\AppData\Local\Programs\Python\Python314\Lib\socketserver.py", line 766, in __init__
    self.handle()
    ~~~~~~~~~~~^^
  File "C:\Users\kishw\OneDrive\Desktop\ccxs\services\smb_service.py", line 78, in handle
    self.send("smb-01: " + flag("smb-01"))
    ~~~~~~~~~^^^^^^^^^^^^^^^^^^^^^^^^^^^^^
  File "C:\Users\kishw\OneDrive\Desktop\ccxs\services\smb_service.py", line 72, in send
    self.wfile.write((text + "\r\n").encode("utf-8", "replace"))
    ~~~~~~~~~~~~~~~~^^^^^^^^^^^^^^^^^^^^^^^^^^^^^^^^^^^^^^^^^^^^
  File "C:\Users\kishw\AppData\Local\Programs\Python\Python314\Lib\socketserver.py", line 845, in write
    self._sock.sendall(b)
    ~~~~~~~~~~~~~~~~~~^^^
ConnectionAbortedError: [WinError 10053] An established connection was aborted by the software in your host machine
----------------------------------------
----------------------------------------
Exception occurred during processing of request from ('127.0.0.1', 62479)
Traceback (most recent call last):
  File "C:\Users\kishw\AppData\Local\Programs\Python\Python314\Lib\socketserver.py", line 697, in process_request_thread
    self.finish_request(request, client_address)
    ~~~~~~~~~~~~~~~~~~~^^^^^^^^^^^^^^^^^^^^^^^^^
  File "C:\Users\kishw\AppData\Local\Programs\Python\Python314\Lib\socketserver.py", line 362, in finish_request
    self.RequestHandlerClass(request, client_address, self)
    ~~~~~~~~~~~~~~~~~~~~~~~~^^^^^^^^^^^^^^^^^^^^^^^^^^^^^^^
  File "C:\Users\kishw\AppData\Local\Programs\Python\Python314\Lib\socketserver.py", line 766, in __init__
    self.handle()
    ~~~~~~~~~~~^^
  File "C:\Users\kishw\OneDrive\Desktop\ccxs\services\smb_service.py", line 78, in handle
    self.send("smb-01: " + flag("smb-01"))
    ~~~~~~~~~^^^^^^^^^^^^^^^^^^^^^^^^^^^^^
  File "C:\Users\kishw\OneDrive\Desktop\ccxs\services\smb_service.py", line 72, in send
    self.wfile.write((text + "\r\n").encode("utf-8", "replace"))
    ~~~~~~~~~~~~~~~~^^^^^^^^^^^^^^^^^^^^^^^^^^^^^^^^^^^^^^^^^^^^
  File "C:\Users\kishw\AppData\Local\Programs\Python\Python314\Lib\socketserver.py", line 845, in write
    self._sock.sendall(b)
    ~~~~~~~~~~~~~~~~~~^^^
ConnectionAbortedError: [WinError 10053] An established connection was aborted by the software in your host machine
----------------------------------------
----------------------------------------
Exception occurred during processing of request from ('127.0.0.1', 53404)
Traceback (most recent call last):
  File "C:\Users\kishw\AppData\Local\Programs\Python\Python314\Lib\socketserver.py", line 697, in process_request_thread
    self.finish_request(request, client_address)
    ~~~~~~~~~~~~~~~~~~~^^^^^^^^^^^^^^^^^^^^^^^^^
  File "C:\Users\kishw\AppData\Local\Programs\Python\Python314\Lib\socketserver.py", line 362, in finish_request
    self.RequestHandlerClass(request, client_address, self)
    ~~~~~~~~~~~~~~~~~~~~~~~~^^^^^^^^^^^^^^^^^^^^^^^^^^^^^^^
  File "C:\Users\kishw\AppData\Local\Programs\Python\Python314\Lib\socketserver.py", line 766, in __init__
    self.handle()
    ~~~~~~~~~~~^^
  File "C:\Users\kishw\OneDrive\Desktop\ccxs\services\ftp_service.py", line 161, in handle
    raw = self.request.recv(2048)
ConnectionResetError: [WinError 10054] An existing connection was forcibly closed by the remote host
----------------------------------------
Exception (server): Error reading SSH protocol banner[WinError 10053] An established connection was aborted by the software in your host machine
Traceback (most recent call last):
  File "C:\Users\kishw\AppData\Local\Programs\Python\Python314\Lib\site-packages\paramiko\transport.py", line 2213, in _check_banner
    buf = self.packetizer.readline(timeout)
  File "C:\Users\kishw\AppData\Local\Programs\Python\Python314\Lib\site-packages\paramiko\packet.py", line 395, in readline
    buf += self._read_timeout(timeout)
           ~~~~~~~~~~~~~~~~~~^^^^^^^^^
  File "C:\Users\kishw\AppData\Local\Programs\Python\Python314\Lib\site-packages\paramiko\packet.py", line 663, in _read_timeout
    x = self.__socket.recv(128)
ConnectionAbortedError: [WinError 10053] An established connection was aborted by the software in your host machine

During handling of the above exception, another exception occurred:

Traceback (most recent call last):
  File "C:\Users\kishw\AppData\Local\Programs\Python\Python314\Lib\site-packages\paramiko\transport.py", line 2029, in run
    self._check_banner()
    ~~~~~~~~~~~~~~~~~~^^
  File "C:\Users\kishw\AppData\Local\Programs\Python\Python314\Lib\site-packages\paramiko\transport.py", line 2217, in _check_banner
    raise SSHException(
        "Error reading SSH protocol banner" + str(e)
    )
paramiko.ssh_exception.SSHException: Error reading SSH protocol banner[WinError 10053] An established connection was aborted by the software in your host machine

----------------------------------------
Exception occurred during processing of request from ('127.0.0.1', 64699)
Traceback (most recent call last):
  File "C:\Users\kishw\AppData\Local\Programs\Python\Python314\Lib\socketserver.py", line 697, in process_request_thread
    self.finish_request(request, client_address)
    ~~~~~~~~~~~~~~~~~~~^^^^^^^^^^^^^^^^^^^^^^^^^
  File "C:\Users\kishw\AppData\Local\Programs\Python\Python314\Lib\socketserver.py", line 362, in finish_request
    self.RequestHandlerClass(request, client_address, self)
    ~~~~~~~~~~~~~~~~~~~~~~~~^^^^^^^^^^^^^^^^^^^^^^^^^^^^^^^
  File "C:\Users\kishw\AppData\Local\Programs\Python\Python314\Lib\socketserver.py", line 766, in __init__
    self.handle()
    ~~~~~~~~~~~^^
  File "C:\Users\kishw\OneDrive\Desktop\ccxs\services\smb_service.py", line 78, in handle
    self.send("smb-01: " + flag("smb-01"))
    ~~~~~~~~~^^^^^^^^^^^^^^^^^^^^^^^^^^^^^
  File "C:\Users\kishw\OneDrive\Desktop\ccxs\services\smb_service.py", line 72, in send
    self.wfile.write((text + "\r\n").encode("utf-8", "replace"))
    ~~~~~~~~~~~~~~~~^^^^^^^^^^^^^^^^^^^^^^^^^^^^^^^^^^^^^^^^^^^^
  File "C:\Users\kishw\AppData\Local\Programs\Python\Python314\Lib\socketserver.py", line 845, in write
    self._sock.sendall(b)
    ~~~~~~~~~~~~~~~~~~^^^
ConnectionAbortedError: [WinError 10053] An established connection was aborted by the software in your host machine
----------------------------------------
----------------------------------------
Exception occurred during processing of request from ('192.168.1.10', 50181)
Traceback (most recent call last):
  File "C:\Users\kishw\AppData\Local\Programs\Python\Python314\Lib\socketserver.py", line 697, in process_request_thread
    self.finish_request(request, client_address)
    ~~~~~~~~~~~~~~~~~~~^^^^^^^^^^^^^^^^^^^^^^^^^
  File "C:\Users\kishw\AppData\Local\Programs\Python\Python314\Lib\socketserver.py", line 362, in finish_request
    self.RequestHandlerClass(request, client_address, self)
    ~~~~~~~~~~~~~~~~~~~~~~~~^^^^^^^^^^^^^^^^^^^^^^^^^^^^^^^
  File "C:\Users\kishw\AppData\Local\Programs\Python\Python314\Lib\socketserver.py", line 766, in __init__
    self.handle()
    ~~~~~~~~~~~^^
  File "C:\Users\kishw\OneDrive\Desktop\ccxs\services\ftp_service.py", line 161, in handle
    raw = self.request.recv(2048)
ConnectionAbortedError: [WinError 10053] An established connection was aborted by the software in your host machine
----------------------------------------
Exception (server): Error reading SSH protocol banner[WinError 10054] An existing connection was forcibly closed by the remote host
Traceback (most recent call last):
  File "C:\Users\kishw\AppData\Local\Programs\Python\Python314\Lib\site-packages\paramiko\transport.py", line 2213, in _check_banner
    buf = self.packetizer.readline(timeout)
  File "C:\Users\kishw\AppData\Local\Programs\Python\Python314\Lib\site-packages\paramiko\packet.py", line 395, in readline
    buf += self._read_timeout(timeout)
           ~~~~~~~~~~~~~~~~~~^^^^^^^^^
  File "C:\Users\kishw\AppData\Local\Programs\Python\Python314\Lib\site-packages\paramiko\packet.py", line 663, in _read_timeout
    x = self.__socket.recv(128)
ConnectionResetError: [WinError 10054] An existing connection was forcibly closed by the remote host

During handling of the above exception, another exception occurred:

Traceback (most recent call last):
  File "C:\Users\kishw\AppData\Local\Programs\Python\Python314\Lib\site-packages\paramiko\transport.py", line 2029, in run
    self._check_banner()
    ~~~~~~~~~~~~~~~~~~^^
  File "C:\Users\kishw\AppData\Local\Programs\Python\Python314\Lib\site-packages\paramiko\transport.py", line 2217, in _check_banner
    raise SSHException(
        "Error reading SSH protocol banner" + str(e)
    )
paramiko.ssh_exception.SSHException: Error reading SSH protocol banner[WinError 10054] An existing connection was forcibly closed by the remote host

----------------------------------------
Exception occurred during processing of request from ('192.168.1.10', 50184)
Traceback (most recent call last):
  File "C:\Users\kishw\AppData\Local\Programs\Python\Python314\Lib\socketserver.py", line 697, in process_request_thread
    self.finish_request(request, client_address)
    ~~~~~~~~~~~~~~~~~~~^^^^^^^^^^^^^^^^^^^^^^^^^
  File "C:\Users\kishw\AppData\Local\Programs\Python\Python314\Lib\socketserver.py", line 362, in finish_request
    self.RequestHandlerClass(request, client_address, self)
    ~~~~~~~~~~~~~~~~~~~~~~~~^^^^^^^^^^^^^^^^^^^^^^^^^^^^^^^
  File "C:\Users\kishw\AppData\Local\Programs\Python\Python314\Lib\socketserver.py", line 766, in __init__
    self.handle()
    ~~~~~~~~~~~^^
  File "C:\Users\kishw\OneDrive\Desktop\ccxs\services\smb_service.py", line 78, in handle
    self.send("smb-01: " + flag("smb-01"))
    ~~~~~~~~~^^^^^^^^^^^^^^^^^^^^^^^^^^^^^
  File "C:\Users\kishw\OneDrive\Desktop\ccxs\services\smb_service.py", line 72, in send
    self.wfile.write((text + "\r\n").encode("utf-8", "replace"))
    ~~~~~~~~~~~~~~~~^^^^^^^^^^^^^^^^^^^^^^^^^^^^^^^^^^^^^^^^^^^^
  File "C:\Users\kishw\AppData\Local\Programs\Python\Python314\Lib\socketserver.py", line 845, in write
    self._sock.sendall(b)
    ~~~~~~~~~~~~~~~~~~^^^
ConnectionAbortedError: [WinError 10053] An established connection was aborted by the software in your host machine
----------------------------------------
----------------------------------------
Exception occurred during processing of request from ('192.168.1.10', 50191)
Traceback (most recent call last):
  File "C:\Users\kishw\AppData\Local\Programs\Python\Python314\Lib\socketserver.py", line 697, in process_request_thread
    self.finish_request(request, client_address)
    ~~~~~~~~~~~~~~~~~~~^^^^^^^^^^^^^^^^^^^^^^^^^
  File "C:\Users\kishw\AppData\Local\Programs\Python\Python314\Lib\socketserver.py", line 362, in finish_request
    self.RequestHandlerClass(request, client_address, self)
    ~~~~~~~~~~~~~~~~~~~~~~~~^^^^^^^^^^^^^^^^^^^^^^^^^^^^^^^
  File "C:\Users\kishw\AppData\Local\Programs\Python\Python314\Lib\socketserver.py", line 766, in __init__
    self.handle()
    ~~~~~~~~~~~^^
  File "C:\Users\kishw\OneDrive\Desktop\ccxs\services\ftp_service.py", line 161, in handle
    raw = self.request.recv(2048)
ConnectionAbortedError: [WinError 10053] An established connection was aborted by the software in your host machine
----------------------------------------
Exception (server): Error reading SSH protocol banner[WinError 10053] An established connection was aborted by the software in your host machine
Traceback (most recent call last):
  File "C:\Users\kishw\AppData\Local\Programs\Python\Python314\Lib\site-packages\paramiko\transport.py", line 2213, in _check_banner
    buf = self.packetizer.readline(timeout)
  File "C:\Users\kishw\AppData\Local\Programs\Python\Python314\Lib\site-packages\paramiko\packet.py", line 395, in readline
    buf += self._read_timeout(timeout)
           ~~~~~~~~~~~~~~~~~~^^^^^^^^^
  File "C:\Users\kishw\AppData\Local\Programs\Python\Python314\Lib\site-packages\paramiko\packet.py", line 663, in _read_timeout
    x = self.__socket.recv(128)
ConnectionAbortedError: [WinError 10053] An established connection was aborted by the software in your host machine

During handling of the above exception, another exception occurred:

Traceback (most recent call last):
  File "C:\Users\kishw\AppData\Local\Programs\Python\Python314\Lib\site-packages\paramiko\transport.py", line 2029, in run
    self._check_banner()
    ~~~~~~~~~~~~~~~~~~^^
  File "C:\Users\kishw\AppData\Local\Programs\Python\Python314\Lib\site-packages\paramiko\transport.py", line 2217, in _check_banner
    raise SSHException(
        "Error reading SSH protocol banner" + str(e)
    )
paramiko.ssh_exception.SSHException: Error reading SSH protocol banner[WinError 10053] An established connection was aborted by the software in your host machine

----------------------------------------
Exception occurred during processing of request from ('192.168.1.10', 50194)
Traceback (most recent call last):
  File "C:\Users\kishw\AppData\Local\Programs\Python\Python314\Lib\socketserver.py", line 697, in process_request_thread
    self.finish_request(request, client_address)
    ~~~~~~~~~~~~~~~~~~~^^^^^^^^^^^^^^^^^^^^^^^^^
  File "C:\Users\kishw\AppData\Local\Programs\Python\Python314\Lib\socketserver.py", line 362, in finish_request
    self.RequestHandlerClass(request, client_address, self)
    ~~~~~~~~~~~~~~~~~~~~~~~~^^^^^^^^^^^^^^^^^^^^^^^^^^^^^^^
  File "C:\Users\kishw\AppData\Local\Programs\Python\Python314\Lib\socketserver.py", line 766, in __init__
    self.handle()
    ~~~~~~~~~~~^^
  File "C:\Users\kishw\OneDrive\Desktop\ccxs\services\smb_service.py", line 78, in handle
    self.send("smb-01: " + flag("smb-01"))
    ~~~~~~~~~^^^^^^^^^^^^^^^^^^^^^^^^^^^^^
  File "C:\Users\kishw\OneDrive\Desktop\ccxs\services\smb_service.py", line 72, in send
    self.wfile.write((text + "\r\n").encode("utf-8", "replace"))
    ~~~~~~~~~~~~~~~~^^^^^^^^^^^^^^^^^^^^^^^^^^^^^^^^^^^^^^^^^^^^
  File "C:\Users\kishw\AppData\Local\Programs\Python\Python314\Lib\socketserver.py", line 845, in write
    self._sock.sendall(b)
    ~~~~~~~~~~~~~~~~~~^^^
ConnectionAbortedError: [WinError 10053] An established connection was aborted by the software in your host machine
----------------------------------------
----------------------------------------
Exception occurred during processing of request from ('192.168.1.10', 50204)
----------------------------------------
Traceback (most recent call last):
Exception occurred during processing of request from ('127.0.0.1', 50205)
  File "C:\Users\kishw\AppData\Local\Programs\Python\Python314\Lib\socketserver.py", line 697, in process_request_thread
    self.finish_request(request, client_address)
    ~~~~~~~~~~~~~~~~~~~^^^^^^^^^^^^^^^^^^^^^^^^^
  File "C:\Users\kishw\AppData\Local\Programs\Python\Python314\Lib\socketserver.py", line 362, in finish_request
    self.RequestHandlerClass(request, client_address, self)
    ~~~~~~~~~~~~~~~~~~~~~~~~^^^^^^^^^^^^^^^^^^^^^^^^^^^^^^^
  File "C:\Users\kishw\AppData\Local\Programs\Python\Python314\Lib\socketserver.py", line 766, in __init__
    self.handle()
    ~~~~~~~~~~~^^
  File "C:\Users\kishw\OneDrive\Desktop\ccxs\services\ftp_service.py", line 161, in handle
    raw = self.request.recv(2048)
Traceback (most recent call last):
ConnectionAbortedError: [WinError 10053] An established connection was aborted by the software in your host machine
  File "C:\Users\kishw\AppData\Local\Programs\Python\Python314\Lib\socketserver.py", line 697, in process_request_thread
    self.finish_request(request, client_address)
    ~~~~~~~~~~~~~~~~~~~^^^^^^^^^^^^^^^^^^^^^^^^^
----------------------------------------
  File "C:\Users\kishw\AppData\Local\Programs\Python\Python314\Lib\socketserver.py", line 362, in finish_request
    self.RequestHandlerClass(request, client_address, self)
    ~~~~~~~~~~~~~~~~~~~~~~~~^^^^^^^^^^^^^^^^^^^^^^^^^^^^^^^
  File "C:\Users\kishw\AppData\Local\Programs\Python\Python314\Lib\socketserver.py", line 766, in __init__
    self.handle()
    ~~~~~~~~~~~^^
  File "C:\Users\kishw\OneDrive\Desktop\ccxs\services\ftp_service.py", line 161, in handle
    raw = self.request.recv(2048)
ConnectionAbortedError: [WinError 10053] An established connection was aborted by the software in your host machine
----------------------------------------
Exception (server): Error reading SSH protocol banner[WinError 10053] An established connection was aborted by the software in your host machine
Exception (server): Error reading SSH protocol banner[WinError 10053] An established connection was aborted by the software in your host machine
Traceback (most recent call last):
  File "C:\Users\kishw\AppData\Local\Programs\Python\Python314\Lib\site-packages\paramiko\transport.py", line 2213, in _check_banner
    buf = self.packetizer.readline(timeout)
  File "C:\Users\kishw\AppData\Local\Programs\Python\Python314\Lib\site-packages\paramiko\packet.py", line 395, in readline
    buf += self._read_timeout(timeout)
           ~~~~~~~~~~~~~~~~~~^^^^^^^^^
  File "C:\Users\kishw\AppData\Local\Programs\Python\Python314\Lib\site-packages\paramiko\packet.py", line 663, in _read_timeout
    x = self.__socket.recv(128)
ConnectionAbortedError: [WinError 10053] An established connection was aborted by the software in your host machine

During handling of the above exception, another exception occurred:

Traceback (most recent call last):
  File "C:\Users\kishw\AppData\Local\Programs\Python\Python314\Lib\site-packages\paramiko\transport.py", line 2029, in run
    self._check_banner()
    ~~~~~~~~~~~~~~~~~~^^
  File "C:\Users\kishw\AppData\Local\Programs\Python\Python314\Lib\site-packages\paramiko\transport.py", line 2217, in _check_banner
    raise SSHException(
        "Error reading SSH protocol banner" + str(e)
    )
paramiko.ssh_exception.SSHException: Error reading SSH protocol banner[WinError 10053] An established connection was aborted by the software in your host machine

Traceback (most recent call last):
  File "C:\Users\kishw\AppData\Local\Programs\Python\Python314\Lib\site-packages\paramiko\transport.py", line 2213, in _check_banner
    buf = self.packetizer.readline(timeout)
  File "C:\Users\kishw\AppData\Local\Programs\Python\Python314\Lib\site-packages\paramiko\packet.py", line 395, in readline
    buf += self._read_timeout(timeout)
           ~~~~~~~~~~~~~~~~~~^^^^^^^^^
  File "C:\Users\kishw\AppData\Local\Programs\Python\Python314\Lib\site-packages\paramiko\packet.py", line 663, in _read_timeout
    x = self.__socket.recv(128)
ConnectionAbortedError: [WinError 10053] An established connection was aborted by the software in your host machine

During handling of the above exception, another exception occurred:

Traceback (most recent call last):
  File "C:\Users\kishw\AppData\Local\Programs\Python\Python314\Lib\site-packages\paramiko\transport.py", line 2029, in run
    self._check_banner()
    ~~~~~~~~~~~~~~~~~~^^
  File "C:\Users\kishw\AppData\Local\Programs\Python\Python314\Lib\site-packages\paramiko\transport.py", line 2217, in _check_banner
    raise SSHException(
        "Error reading SSH protocol banner" + str(e)
    )
paramiko.ssh_exception.SSHException: Error reading SSH protocol banner[WinError 10053] An established connection was aborted by the software in your host machine

----------------------------------------
Exception occurred during processing of request from ('192.168.1.10', 50211)
Traceback (most recent call last):
  File "C:\Users\kishw\AppData\Local\Programs\Python\Python314\Lib\socketserver.py", line 697, in process_request_thread
    self.finish_request(request, client_address)
    ~~~~~~~~~~~~~~~~~~~^^^^^^^^^^^^^^^^^^^^^^^^^
  File "C:\Users\kishw\AppData\Local\Programs\Python\Python314\Lib\socketserver.py", line 362, in finish_request
    self.RequestHandlerClass(request, client_address, self)
    ~~~~~~~~~~~~~~~~~~~~~~~~^^^^^^^^^^^^^^^^^^^^^^^^^^^^^^^
  File "C:\Users\kishw\AppData\Local\Programs\Python\Python314\Lib\socketserver.py", line 766, in __init__
    self.handle()
    ~~~~~~~~~~~^^
  File "C:\Users\kishw\OneDrive\Desktop\ccxs\services\smb_service.py", line 78, in handle
    self.send("smb-01: " + flag("smb-01"))
    ~~~~~~~~~^^^^^^^^^^^^^^^^^^^^^^^^^^^^^
  File "C:\Users\kishw\OneDrive\Desktop\ccxs\services\smb_service.py", line 72, in send
    self.wfile.write((text + "\r\n").encode("utf-8", "replace"))
    ~~~~~~~~~~~~~~~~^^^^^^^^^^^^^^^^^^^^^^^^^^^^^^^^^^^^^^^^^^^^
  File "C:\Users\kishw\AppData\Local\Programs\Python\Python314\Lib\socketserver.py", line 845, in write
    self._sock.sendall(b)
    ~~~~~~~~~~~~~~~~~~^^^
ConnectionAbortedError: [WinError 10053] An established connection was aborted by the software in your host machine
----------------------------------------
----------------------------------------
Exception occurred during processing of request from ('127.0.0.1', 50212)
Traceback (most recent call last):
  File "C:\Users\kishw\AppData\Local\Programs\Python\Python314\Lib\socketserver.py", line 697, in process_request_thread
    self.finish_request(request, client_address)
    ~~~~~~~~~~~~~~~~~~~^^^^^^^^^^^^^^^^^^^^^^^^^
  File "C:\Users\kishw\AppData\Local\Programs\Python\Python314\Lib\socketserver.py", line 362, in finish_request
    self.RequestHandlerClass(request, client_address, self)
    ~~~~~~~~~~~~~~~~~~~~~~~~^^^^^^^^^^^^^^^^^^^^^^^^^^^^^^^
  File "C:\Users\kishw\AppData\Local\Programs\Python\Python314\Lib\socketserver.py", line 766, in __init__
    self.handle()
    ~~~~~~~~~~~^^
  File "C:\Users\kishw\OneDrive\Desktop\ccxs\services\smb_service.py", line 78, in handle
    self.send("smb-01: " + flag("smb-01"))
    ~~~~~~~~~^^^^^^^^^^^^^^^^^^^^^^^^^^^^^
  File "C:\Users\kishw\OneDrive\Desktop\ccxs\services\smb_service.py", line 72, in send
    self.wfile.write((text + "\r\n").encode("utf-8", "replace"))
    ~~~~~~~~~~~~~~~~^^^^^^^^^^^^^^^^^^^^^^^^^^^^^^^^^^^^^^^^^^^^
  File "C:\Users\kishw\AppData\Local\Programs\Python\Python314\Lib\socketserver.py", line 845, in write
    self._sock.sendall(b)
    ~~~~~~~~~~~~~~~~~~^^^
ConnectionAbortedError: [WinError 10053] An established connection was aborted by the software in your host machine
----------------------------------------
----------------------------------------
Exception occurred during processing of request from ('192.168.1.10', 50222)
Traceback (most recent call last):
  File "C:\Users\kishw\AppData\Local\Programs\Python\Python314\Lib\socketserver.py", line 697, in process_request_thread
    self.finish_request(request, client_address)
    ~~~~~~~~~~~~~~~~~~~^^^^^^^^^^^^^^^^^^^^^^^^^
  File "C:\Users\kishw\AppData\Local\Programs\Python\Python314\Lib\socketserver.py", line 362, in finish_request
    self.RequestHandlerClass(request, client_address, self)
    ~~~~~~~~~~~~~~~~~~~~~~~~^^^^^^^^^^^^^^^^^^^^^^^^^^^^^^^
  File "C:\Users\kishw\AppData\Local\Programs\Python\Python314\Lib\socketserver.py", line 766, in __init__
    self.handle()
    ~~~~~~~~~~~^^
  File "C:\Users\kishw\OneDrive\Desktop\ccxs\services\ftp_service.py", line 161, in handle
    raw = self.request.recv(2048)
ConnectionAbortedError: [WinError 10053] An established connection was aborted by the software in your host machine
----------------------------------------
Exception (server): Error reading SSH protocol banner[WinError 10053] An established connection was aborted by the software in your host machine
Traceback (most recent call last):
  File "C:\Users\kishw\AppData\Local\Programs\Python\Python314\Lib\site-packages\paramiko\transport.py", line 2213, in _check_banner
    buf = self.packetizer.readline(timeout)
  File "C:\Users\kishw\AppData\Local\Programs\Python\Python314\Lib\site-packages\paramiko\packet.py", line 395, in readline
    buf += self._read_timeout(timeout)
           ~~~~~~~~~~~~~~~~~~^^^^^^^^^
  File "C:\Users\kishw\AppData\Local\Programs\Python\Python314\Lib\site-packages\paramiko\packet.py", line 663, in _read_timeout
    x = self.__socket.recv(128)
ConnectionAbortedError: [WinError 10053] An established connection was aborted by the software in your host machine

During handling of the above exception, another exception occurred:

Traceback (most recent call last):
  File "C:\Users\kishw\AppData\Local\Programs\Python\Python314\Lib\site-packages\paramiko\transport.py", line 2029, in run
    self._check_banner()
    ~~~~~~~~~~~~~~~~~~^^
  File "C:\Users\kishw\AppData\Local\Programs\Python\Python314\Lib\site-packages\paramiko\transport.py", line 2217, in _check_banner
    raise SSHException(
        "Error reading SSH protocol banner" + str(e)
    )
paramiko.ssh_exception.SSHException: Error reading SSH protocol banner[WinError 10053] An established connection was aborted by the software in your host machine

----------------------------------------
Exception occurred during processing of request from ('192.168.1.10', 50225)
Traceback (most recent call last):
  File "C:\Users\kishw\AppData\Local\Programs\Python\Python314\Lib\socketserver.py", line 697, in process_request_thread
    self.finish_request(request, client_address)
    ~~~~~~~~~~~~~~~~~~~^^^^^^^^^^^^^^^^^^^^^^^^^
  File "C:\Users\kishw\AppData\Local\Programs\Python\Python314\Lib\socketserver.py", line 362, in finish_request
    self.RequestHandlerClass(request, client_address, self)
    ~~~~~~~~~~~~~~~~~~~~~~~~^^^^^^^^^^^^^^^^^^^^^^^^^^^^^^^
  File "C:\Users\kishw\AppData\Local\Programs\Python\Python314\Lib\socketserver.py", line 766, in __init__
    self.handle()
    ~~~~~~~~~~~^^
  File "C:\Users\kishw\OneDrive\Desktop\ccxs\services\smb_service.py", line 78, in handle
    self.send("smb-01: " + flag("smb-01"))
    ~~~~~~~~~^^^^^^^^^^^^^^^^^^^^^^^^^^^^^
  File "C:\Users\kishw\OneDrive\Desktop\ccxs\services\smb_service.py", line 72, in send
    self.wfile.write((text + "\r\n").encode("utf-8", "replace"))
    ~~~~~~~~~~~~~~~~^^^^^^^^^^^^^^^^^^^^^^^^^^^^^^^^^^^^^^^^^^^^
  File "C:\Users\kishw\AppData\Local\Programs\Python\Python314\Lib\socketserver.py", line 845, in write
    self._sock.sendall(b)
    ~~~~~~~~~~~~~~~~~~^^^
ConnectionAbortedError: [WinError 10053] An established connection was aborted by the software in your host machine
----------------------------------------
192.168.1.10 - - [06/Oct/2026 08:26:20] "GET / HTTP/1.1" 200 -
192.168.1.10 - - [06/Oct/2026 08:26:20] "GET /debug-lab/info HTTP/1.1" 200 -
192.168.1.10 - - [06/Oct/2026 08:26:20] "GET /debug-lab/console?pin=511331-430&code=open(r'C:\\Users\\kishw\\OneDrive\\Desktop\\ccxs\\data\\flagfiles\\debugger.flag').read() HTTP/1.1" 200 -
----------------------------------------
Exception occurred during processing of request from ('127.0.0.1', 63088)
Traceback (most recent call last):
  File "C:\Users\kishw\AppData\Local\Programs\Python\Python314\Lib\socketserver.py", line 697, in process_request_thread
    self.finish_request(request, client_address)
    ~~~~~~~~~~~~~~~~~~~^^^^^^^^^^^^^^^^^^^^^^^^^
  File "C:\Users\kishw\AppData\Local\Programs\Python\Python314\Lib\socketserver.py", line 362, in finish_request
    self.RequestHandlerClass(request, client_address, self)
    ~~~~~~~~~~~~~~~~~~~~~~~~^^^^^^^^^^^^^^^^^^^^^^^^^^^^^^^
  File "C:\Users\kishw\AppData\Local\Programs\Python\Python314\Lib\socketserver.py", line 766, in __init__
    self.handle()
    ~~~~~~~~~~~^^
  File "C:\Users\kishw\OneDrive\Desktop\ccxs\services\ftp_service.py", line 161, in handle
    raw = self.request.recv(2048)
ConnectionResetError: [WinError 10054] An existing connection was forcibly closed by the remote host
----------------------------------------
Exception (server): Error reading SSH protocol banner[WinError 10053] An established connection was aborted by the software in your host machine
Traceback (most recent call last):
  File "C:\Users\kishw\AppData\Local\Programs\Python\Python314\Lib\site-packages\paramiko\transport.py", line 2213, in _check_banner
    buf = self.packetizer.readline(timeout)
  File "C:\Users\kishw\AppData\Local\Programs\Python\Python314\Lib\site-packages\paramiko\packet.py", line 395, in readline
    buf += self._read_timeout(timeout)
           ~~~~~~~~~~~~~~~~~~^^^^^^^^^
  File "C:\Users\kishw\AppData\Local\Programs\Python\Python314\Lib\site-packages\paramiko\packet.py", line 663, in _read_timeout
    x = self.__socket.recv(128)
ConnectionAbortedError: [WinError 10053] An established connection was aborted by the software in your host machine

During handling of the above exception, another exception occurred:

Traceback (most recent call last):
  File "C:\Users\kishw\AppData\Local\Programs\Python\Python314\Lib\site-packages\paramiko\transport.py", line 2029, in run
    self._check_banner()
    ~~~~~~~~~~~~~~~~~~^^
  File "C:\Users\kishw\AppData\Local\Programs\Python\Python314\Lib\site-packages\paramiko\transport.py", line 2217, in _check_banner
    raise SSHException(
        "Error reading SSH protocol banner" + str(e)
    )
paramiko.ssh_exception.SSHException: Error reading SSH protocol banner[WinError 10053] An established connection was aborted by the software in your host machine

----------------------------------------
Exception occurred during processing of request from ('127.0.0.1', 63094)
Traceback (most recent call last):
  File "C:\Users\kishw\AppData\Local\Programs\Python\Python314\Lib\socketserver.py", line 697, in process_request_thread
    self.finish_request(request, client_address)
    ~~~~~~~~~~~~~~~~~~~^^^^^^^^^^^^^^^^^^^^^^^^^
  File "C:\Users\kishw\AppData\Local\Programs\Python\Python314\Lib\socketserver.py", line 362, in finish_request
    self.RequestHandlerClass(request, client_address, self)
    ~~~~~~~~~~~~~~~~~~~~~~~~^^^^^^^^^^^^^^^^^^^^^^^^^^^^^^^
  File "C:\Users\kishw\AppData\Local\Programs\Python\Python314\Lib\socketserver.py", line 766, in __init__
    self.handle()
    ~~~~~~~~~~~^^
  File "C:\Users\kishw\OneDrive\Desktop\ccxs\services\smb_service.py", line 78, in handle
    self.send("smb-01: " + flag("smb-01"))
    ~~~~~~~~~^^^^^^^^^^^^^^^^^^^^^^^^^^^^^
  File "C:\Users\kishw\OneDrive\Desktop\ccxs\services\smb_service.py", line 72, in send
    self.wfile.write((text + "\r\n").encode("utf-8", "replace"))
    ~~~~~~~~~~~~~~~~^^^^^^^^^^^^^^^^^^^^^^^^^^^^^^^^^^^^^^^^^^^^
  File "C:\Users\kishw\AppData\Local\Programs\Python\Python314\Lib\socketserver.py", line 845, in write
    self._sock.sendall(b)
    ~~~~~~~~~~~~~~~~~~^^^
ConnectionAbortedError: [WinError 10053] An established connection was aborted by the software in your host machine
----------------------------------------
----------------------------------------
Exception occurred during processing of request from ('192.168.1.10', 53484)
Traceback (most recent call last):
  File "C:\Users\kishw\AppData\Local\Programs\Python\Python314\Lib\socketserver.py", line 697, in process_request_thread
    self.finish_request(request, client_address)
    ~~~~~~~~~~~~~~~~~~~^^^^^^^^^^^^^^^^^^^^^^^^^
  File "C:\Users\kishw\AppData\Local\Programs\Python\Python314\Lib\socketserver.py", line 362, in finish_request
    self.RequestHandlerClass(request, client_address, self)
    ~~~~~~~~~~~~~~~~~~~~~~~~^^^^^^^^^^^^^^^^^^^^^^^^^^^^^^^
  File "C:\Users\kishw\AppData\Local\Programs\Python\Python314\Lib\socketserver.py", line 766, in __init__
    self.handle()
    ~~~~~~~~~~~^^
  File "C:\Users\kishw\OneDrive\Desktop\ccxs\services\ftp_service.py", line 161, in handle
    raw = self.request.recv(2048)
ConnectionResetError: [WinError 10054] An existing connection was forcibly closed by the remote host
----------------------------------------
Exception (server): Error reading SSH protocol banner[WinError 10054] An existing connection was forcibly closed by the remote host
Traceback (most recent call last):
  File "C:\Users\kishw\AppData\Local\Programs\Python\Python314\Lib\site-packages\paramiko\transport.py", line 2213, in _check_banner
    buf = self.packetizer.readline(timeout)
  File "C:\Users\kishw\AppData\Local\Programs\Python\Python314\Lib\site-packages\paramiko\packet.py", line 395, in readline
    buf += self._read_timeout(timeout)
           ~~~~~~~~~~~~~~~~~~^^^^^^^^^
  File "C:\Users\kishw\AppData\Local\Programs\Python\Python314\Lib\site-packages\paramiko\packet.py", line 663, in _read_timeout
    x = self.__socket.recv(128)
ConnectionResetError: [WinError 10054] An existing connection was forcibly closed by the remote host

During handling of the above exception, another exception occurred:

Traceback (most recent call last):
  File "C:\Users\kishw\AppData\Local\Programs\Python\Python314\Lib\site-packages\paramiko\transport.py", line 2029, in run
    self._check_banner()
    ~~~~~~~~~~~~~~~~~~^^
  File "C:\Users\kishw\AppData\Local\Programs\Python\Python314\Lib\site-packages\paramiko\transport.py", line 2217, in _check_banner
    raise SSHException(
        "Error reading SSH protocol banner" + str(e)
    )
paramiko.ssh_exception.SSHException: Error reading SSH protocol banner[WinError 10054] An existing connection was forcibly closed by the remote host

----------------------------------------
Exception occurred during processing of request from ('192.168.1.10', 53487)
Traceback (most recent call last):
  File "C:\Users\kishw\AppData\Local\Programs\Python\Python314\Lib\socketserver.py", line 697, in process_request_thread
    self.finish_request(request, client_address)
    ~~~~~~~~~~~~~~~~~~~^^^^^^^^^^^^^^^^^^^^^^^^^
  File "C:\Users\kishw\AppData\Local\Programs\Python\Python314\Lib\socketserver.py", line 362, in finish_request
    self.RequestHandlerClass(request, client_address, self)
    ~~~~~~~~~~~~~~~~~~~~~~~~^^^^^^^^^^^^^^^^^^^^^^^^^^^^^^^
  File "C:\Users\kishw\AppData\Local\Programs\Python\Python314\Lib\socketserver.py", line 766, in __init__
    self.handle()
    ~~~~~~~~~~~^^
  File "C:\Users\kishw\OneDrive\Desktop\ccxs\services\smb_service.py", line 78, in handle
    self.send("smb-01: " + flag("smb-01"))
    ~~~~~~~~~^^^^^^^^^^^^^^^^^^^^^^^^^^^^^
  File "C:\Users\kishw\OneDrive\Desktop\ccxs\services\smb_service.py", line 72, in send
    self.wfile.write((text + "\r\n").encode("utf-8", "replace"))
    ~~~~~~~~~~~~~~~~^^^^^^^^^^^^^^^^^^^^^^^^^^^^^^^^^^^^^^^^^^^^
  File "C:\Users\kishw\AppData\Local\Programs\Python\Python314\Lib\socketserver.py", line 845, in write
    self._sock.sendall(b)
    ~~~~~~~~~~~~~~~~~~^^^
ConnectionAbortedError: [WinError 10053] An established connection was aborted by the software in your host machine
----------------------------------------
----------------------------------------
Exception occurred during processing of request from ('192.168.1.10', 53511)
Traceback (most recent call last):
  File "C:\Users\kishw\AppData\Local\Programs\Python\Python314\Lib\socketserver.py", line 697, in process_request_thread
    self.finish_request(request, client_address)
    ~~~~~~~~~~~~~~~~~~~^^^^^^^^^^^^^^^^^^^^^^^^^
  File "C:\Users\kishw\AppData\Local\Programs\Python\Python314\Lib\socketserver.py", line 362, in finish_request
    self.RequestHandlerClass(request, client_address, self)
    ~~~~~~~~~~~~~~~~~~~~~~~~^^^^^^^^^^^^^^^^^^^^^^^^^^^^^^^
  File "C:\Users\kishw\AppData\Local\Programs\Python\Python314\Lib\socketserver.py", line 766, in __init__
    self.handle()
    ~~~~~~~~~~~^^
  File "C:\Users\kishw\OneDrive\Desktop\ccxs\services\ftp_service.py", line 161, in handle
    raw = self.request.recv(2048)
ConnectionResetError: [WinError 10054] An existing connection was forcibly closed by the remote host
----------------------------------------
Exception (server): Error reading SSH protocol banner[WinError 10053] An established connection was aborted by the software in your host machine
Traceback (most recent call last):
  File "C:\Users\kishw\AppData\Local\Programs\Python\Python314\Lib\site-packages\paramiko\transport.py", line 2213, in _check_banner
    buf = self.packetizer.readline(timeout)
  File "C:\Users\kishw\AppData\Local\Programs\Python\Python314\Lib\site-packages\paramiko\packet.py", line 395, in readline
    buf += self._read_timeout(timeout)
           ~~~~~~~~~~~~~~~~~~^^^^^^^^^
  File "C:\Users\kishw\AppData\Local\Programs\Python\Python314\Lib\site-packages\paramiko\packet.py", line 663, in _read_timeout
    x = self.__socket.recv(128)
ConnectionAbortedError: [WinError 10053] An established connection was aborted by the software in your host machine

During handling of the above exception, another exception occurred:

Traceback (most recent call last):
  File "C:\Users\kishw\AppData\Local\Programs\Python\Python314\Lib\site-packages\paramiko\transport.py", line 2029, in run
    self._check_banner()
    ~~~~~~~~~~~~~~~~~~^^
  File "C:\Users\kishw\AppData\Local\Programs\Python\Python314\Lib\site-packages\paramiko\transport.py", line 2217, in _check_banner
    raise SSHException(
        "Error reading SSH protocol banner" + str(e)
    )
paramiko.ssh_exception.SSHException: Error reading SSH protocol banner[WinError 10053] An established connection was aborted by the software in your host machine

----------------------------------------
Exception occurred during processing of request from ('192.168.1.10', 53514)
Traceback (most recent call last):
  File "C:\Users\kishw\AppData\Local\Programs\Python\Python314\Lib\socketserver.py", line 697, in process_request_thread
    self.finish_request(request, client_address)
    ~~~~~~~~~~~~~~~~~~~^^^^^^^^^^^^^^^^^^^^^^^^^
  File "C:\Users\kishw\AppData\Local\Programs\Python\Python314\Lib\socketserver.py", line 362, in finish_request
    self.RequestHandlerClass(request, client_address, self)
    ~~~~~~~~~~~~~~~~~~~~~~~~^^^^^^^^^^^^^^^^^^^^^^^^^^^^^^^
  File "C:\Users\kishw\AppData\Local\Programs\Python\Python314\Lib\socketserver.py", line 766, in __init__
    self.handle()
    ~~~~~~~~~~~^^
  File "C:\Users\kishw\OneDrive\Desktop\ccxs\services\smb_service.py", line 78, in handle
    self.send("smb-01: " + flag("smb-01"))
    ~~~~~~~~~^^^^^^^^^^^^^^^^^^^^^^^^^^^^^
  File "C:\Users\kishw\OneDrive\Desktop\ccxs\services\smb_service.py", line 72, in send
    self.wfile.write((text + "\r\n").encode("utf-8", "replace"))
    ~~~~~~~~~~~~~~~~^^^^^^^^^^^^^^^^^^^^^^^^^^^^^^^^^^^^^^^^^^^^
  File "C:\Users\kishw\AppData\Local\Programs\Python\Python314\Lib\socketserver.py", line 845, in write
    self._sock.sendall(b)
    ~~~~~~~~~~~~~~~~~~^^^
ConnectionAbortedError: [WinError 10053] An established connection was aborted by the software in your host machine
----------------------------------------
192.168.1.10 - - [06/Oct/2026 08:34:37] "GET / HTTP/1.1" 200 -
192.168.1.10 - - [06/Oct/2026 08:34:37] "GET /debug-lab/info HTTP/1.1" 200 -
192.168.1.10 - - [06/Oct/2026 08:34:37] "GET /debug-lab/console?pin=511331-430&code=open(r'C:\\Users\\kishw\\OneDrive\\Desktop\\ccxs\\data\\flagfiles\\debugger.flag').read() HTTP/1.1" 200 -
----------------------------------------
Exception occurred during processing of request from ('127.0.0.1', 52493)
Traceback (most recent call last):
  File "C:\Users\kishw\AppData\Local\Programs\Python\Python314\Lib\socketserver.py", line 697, in process_request_thread
    self.finish_request(request, client_address)
    ~~~~~~~~~~~~~~~~~~~^^^^^^^^^^^^^^^^^^^^^^^^^
  File "C:\Users\kishw\AppData\Local\Programs\Python\Python314\Lib\socketserver.py", line 362, in finish_request
    self.RequestHandlerClass(request, client_address, self)
    ~~~~~~~~~~~~~~~~~~~~~~~~^^^^^^^^^^^^^^^^^^^^^^^^^^^^^^^
  File "C:\Users\kishw\AppData\Local\Programs\Python\Python314\Lib\socketserver.py", line 766, in __init__
    self.handle()
    ~~~~~~~~~~~^^
  File "C:\Users\kishw\OneDrive\Desktop\ccxs\services\ftp_service.py", line 161, in handle
    raw = self.request.recv(2048)
ConnectionResetError: [WinError 10054] An existing connection was forcibly closed by the remote host
----------------------------------------
Exception (server): Error reading SSH protocol banner[WinError 10053] An established connection was aborted by the software in your host machine
Traceback (most recent call last):
  File "C:\Users\kishw\AppData\Local\Programs\Python\Python314\Lib\site-packages\paramiko\transport.py", line 2213, in _check_banner
    buf = self.packetizer.readline(timeout)
  File "C:\Users\kishw\AppData\Local\Programs\Python\Python314\Lib\site-packages\paramiko\packet.py", line 395, in readline
    buf += self._read_timeout(timeout)
           ~~~~~~~~~~~~~~~~~~^^^^^^^^^
  File "C:\Users\kishw\AppData\Local\Programs\Python\Python314\Lib\site-packages\paramiko\packet.py", line 663, in _read_timeout
    x = self.__socket.recv(128)
ConnectionAbortedError: [WinError 10053] An established connection was aborted by the software in your host machine

During handling of the above exception, another exception occurred:

Traceback (most recent call last):
  File "C:\Users\kishw\AppData\Local\Programs\Python\Python314\Lib\site-packages\paramiko\transport.py", line 2029, in run
    self._check_banner()
    ~~~~~~~~~~~~~~~~~~^^
  File "C:\Users\kishw\AppData\Local\Programs\Python\Python314\Lib\site-packages\paramiko\transport.py", line 2217, in _check_banner
    raise SSHException(
        "Error reading SSH protocol banner" + str(e)
    )
paramiko.ssh_exception.SSHException: Error reading SSH protocol banner[WinError 10053] An established connection was aborted by the software in your host machine

----------------------------------------
Exception occurred during processing of request from ('127.0.0.1', 52499)
Traceback (most recent call last):
  File "C:\Users\kishw\AppData\Local\Programs\Python\Python314\Lib\socketserver.py", line 697, in process_request_thread
    self.finish_request(request, client_address)
    ~~~~~~~~~~~~~~~~~~~^^^^^^^^^^^^^^^^^^^^^^^^^
  File "C:\Users\kishw\AppData\Local\Programs\Python\Python314\Lib\socketserver.py", line 362, in finish_request
    self.RequestHandlerClass(request, client_address, self)
    ~~~~~~~~~~~~~~~~~~~~~~~~^^^^^^^^^^^^^^^^^^^^^^^^^^^^^^^
  File "C:\Users\kishw\AppData\Local\Programs\Python\Python314\Lib\socketserver.py", line 766, in __init__
    self.handle()
    ~~~~~~~~~~~^^
  File "C:\Users\kishw\OneDrive\Desktop\ccxs\services\smb_service.py", line 78, in handle
    self.send("smb-01: " + flag("smb-01"))
    ~~~~~~~~~^^^^^^^^^^^^^^^^^^^^^^^^^^^^^
  File "C:\Users\kishw\OneDrive\Desktop\ccxs\services\smb_service.py", line 72, in send
    self.wfile.write((text + "\r\n").encode("utf-8", "replace"))
    ~~~~~~~~~~~~~~~~^^^^^^^^^^^^^^^^^^^^^^^^^^^^^^^^^^^^^^^^^^^^
  File "C:\Users\kishw\AppData\Local\Programs\Python\Python314\Lib\socketserver.py", line 845, in write
    self._sock.sendall(b)
    ~~~~~~~~~~~~~~~~~~^^^
ConnectionAbortedError: [WinError 10053] An established connection was aborted by the software in your host machine
----------------------------------------
192.168.1.10 - - [06/Oct/2026 08:41:23] "GET /debug-lab/console?pin=511331-430&code=2%2B2 HTTP/1.1" 200 -
192.168.1.10 - - [06/Oct/2026 08:42:34] "GET / HTTP/1.1" 200 -
192.168.1.10 - - [06/Oct/2026 08:42:34] "GET /debug-lab/info HTTP/1.1" 200 -
192.168.1.10 - - [06/Oct/2026 08:42:34] "GET /debug-lab/console?pin=511331-430&code=open(r'C:\\\\Users\\\\kishw\\\\OneDrive\\\\Desktop\\\\ccxs\\\\data\\\\flagfiles\\\\debugger.flag').read() HTTP/1.1" 200 -
192.168.1.10 - - [06/Oct/2026 08:42:34] "GET /debug-lab/console?pin=000-000&code=1%2B1 HTTP/1.1" 401 -
----------------------------------------
Exception occurred during processing of request from ('192.168.1.10', 58623)
Traceback (most recent call last):
  File "C:\Users\kishw\AppData\Local\Programs\Python\Python314\Lib\socketserver.py", line 697, in process_request_thread
    self.finish_request(request, client_address)
    ~~~~~~~~~~~~~~~~~~~^^^^^^^^^^^^^^^^^^^^^^^^^
  File "C:\Users\kishw\AppData\Local\Programs\Python\Python314\Lib\socketserver.py", line 362, in finish_request
    self.RequestHandlerClass(request, client_address, self)
    ~~~~~~~~~~~~~~~~~~~~~~~~^^^^^^^^^^^^^^^^^^^^^^^^^^^^^^^
  File "C:\Users\kishw\AppData\Local\Programs\Python\Python314\Lib\socketserver.py", line 766, in __init__
    self.handle()
    ~~~~~~~~~~~^^
  File "C:\Users\kishw\OneDrive\Desktop\ccxs\services\ftp_service.py", line 161, in handle
    raw = self.request.recv(2048)
ConnectionAbortedError: [WinError 10053] An established connection was aborted by the software in your host machine
----------------------------------------
----------------------------------------
Exception occurred during processing of request from ('127.0.0.1', 58624)
Traceback (most recent call last):
  File "C:\Users\kishw\AppData\Local\Programs\Python\Python314\Lib\socketserver.py", line 697, in process_request_thread
    self.finish_request(request, client_address)
    ~~~~~~~~~~~~~~~~~~~^^^^^^^^^^^^^^^^^^^^^^^^^
  File "C:\Users\kishw\AppData\Local\Programs\Python\Python314\Lib\socketserver.py", line 362, in finish_request
    self.RequestHandlerClass(request, client_address, self)
    ~~~~~~~~~~~~~~~~~~~~~~~~^^^^^^^^^^^^^^^^^^^^^^^^^^^^^^^
  File "C:\Users\kishw\AppData\Local\Programs\Python\Python314\Lib\socketserver.py", line 766, in __init__
    self.handle()
    ~~~~~~~~~~~^^
  File "C:\Users\kishw\OneDrive\Desktop\ccxs\services\ftp_service.py", line 161, in handle
    raw = self.request.recv(2048)
ConnectionResetError: [WinError 10054] An existing connection was forcibly closed by the remote host
----------------------------------------
Exception (server): Error reading SSH protocol banner[WinError 10053] An established connection was aborted by the software in your host machine
Exception (server): Error reading SSH protocol banner[WinError 10053] An established connection was aborted by the software in your host machine
Traceback (most recent call last):
  File "C:\Users\kishw\AppData\Local\Programs\Python\Python314\Lib\site-packages\paramiko\transport.py", line 2213, in _check_banner
    buf = self.packetizer.readline(timeout)
  File "C:\Users\kishw\AppData\Local\Programs\Python\Python314\Lib\site-packages\paramiko\packet.py", line 395, in readline
    buf += self._read_timeout(timeout)
           ~~~~~~~~~~~~~~~~~~^^^^^^^^^
  File "C:\Users\kishw\AppData\Local\Programs\Python\Python314\Lib\site-packages\paramiko\packet.py", line 663, in _read_timeout
    x = self.__socket.recv(128)
ConnectionAbortedError: [WinError 10053] An established connection was aborted by the software in your host machine

During handling of the above exception, another exception occurred:

Traceback (most recent call last):
  File "C:\Users\kishw\AppData\Local\Programs\Python\Python314\Lib\site-packages\paramiko\transport.py", line 2029, in run
    self._check_banner()
    ~~~~~~~~~~~~~~~~~~^^
  File "C:\Users\kishw\AppData\Local\Programs\Python\Python314\Lib\site-packages\paramiko\transport.py", line 2217, in _check_banner
    raise SSHException(
        "Error reading SSH protocol banner" + str(e)
    )
paramiko.ssh_exception.SSHException: Error reading SSH protocol banner[WinError 10053] An established connection was aborted by the software in your host machine

Traceback (most recent call last):
  File "C:\Users\kishw\AppData\Local\Programs\Python\Python314\Lib\site-packages\paramiko\transport.py", line 2213, in _check_banner
    buf = self.packetizer.readline(timeout)
  File "C:\Users\kishw\AppData\Local\Programs\Python\Python314\Lib\site-packages\paramiko\packet.py", line 395, in readline
    buf += self._read_timeout(timeout)
           ~~~~~~~~~~~~~~~~~~^^^^^^^^^
  File "C:\Users\kishw\AppData\Local\Programs\Python\Python314\Lib\site-packages\paramiko\packet.py", line 663, in _read_timeout
    x = self.__socket.recv(128)
ConnectionAbortedError: [WinError 10053] An established connection was aborted by the software in your host machine

During handling of the above exception, another exception occurred:

Traceback (most recent call last):
  File "C:\Users\kishw\AppData\Local\Programs\Python\Python314\Lib\site-packages\paramiko\transport.py", line 2029, in run
    self._check_banner()
    ~~~~~~~~~~~~~~~~~~^^
  File "C:\Users\kishw\AppData\Local\Programs\Python\Python314\Lib\site-packages\paramiko\transport.py", line 2217, in _check_banner
    raise SSHException(
        "Error reading SSH protocol banner" + str(e)
    )
paramiko.ssh_exception.SSHException: Error reading SSH protocol banner[WinError 10053] An established connection was aborted by the software in your host machine

----------------------------------------
Exception occurred during processing of request from ('192.168.1.10', 58629)
Traceback (most recent call last):
  File "C:\Users\kishw\AppData\Local\Programs\Python\Python314\Lib\socketserver.py", line 697, in process_request_thread
    self.finish_request(request, client_address)
    ~~~~~~~~~~~~~~~~~~~^^^^^^^^^^^^^^^^^^^^^^^^^
  File "C:\Users\kishw\AppData\Local\Programs\Python\Python314\Lib\socketserver.py", line 362, in finish_request
    self.RequestHandlerClass(request, client_address, self)
    ~~~~~~~~~~~~~~~~~~~~~~~~^^^^^^^^^^^^^^^^^^^^^^^^^^^^^^^
  File "C:\Users\kishw\AppData\Local\Programs\Python\Python314\Lib\socketserver.py", line 766, in __init__
    self.handle()
    ~~~~~~~~~~~^^
  File "C:\Users\kishw\OneDrive\Desktop\ccxs\services\smb_service.py", line 78, in handle
    self.send("smb-01: " + flag("smb-01"))
    ~~~~~~~~~^^^^^^^^^^^^^^^^^^^^^^^^^^^^^
  File "C:\Users\kishw\OneDrive\Desktop\ccxs\services\smb_service.py", line 72, in send
    self.wfile.write((text + "\r\n").encode("utf-8", "replace"))
    ~~~~~~~~~~~~~~~~^^^^^^^^^^^^^^^^^^^^^^^^^^^^^^^^^^^^^^^^^^^^
  File "C:\Users\kishw\AppData\Local\Programs\Python\Python314\Lib\socketserver.py", line 845, in write
    self._sock.sendall(b)
    ~~~~~~~~~~~~~~~~~~^^^
ConnectionAbortedError: [WinError 10053] An established connection was aborted by the software in your host machine
----------------------------------------
----------------------------------------
Exception occurred during processing of request from ('127.0.0.1', 58630)
Traceback (most recent call last):
  File "C:\Users\kishw\AppData\Local\Programs\Python\Python314\Lib\socketserver.py", line 697, in process_request_thread
    self.finish_request(request, client_address)
    ~~~~~~~~~~~~~~~~~~~^^^^^^^^^^^^^^^^^^^^^^^^^
  File "C:\Users\kishw\AppData\Local\Programs\Python\Python314\Lib\socketserver.py", line 362, in finish_request
    self.RequestHandlerClass(request, client_address, self)
    ~~~~~~~~~~~~~~~~~~~~~~~~^^^^^^^^^^^^^^^^^^^^^^^^^^^^^^^
  File "C:\Users\kishw\AppData\Local\Programs\Python\Python314\Lib\socketserver.py", line 766, in __init__
    self.handle()
    ~~~~~~~~~~~^^
  File "C:\Users\kishw\OneDrive\Desktop\ccxs\services\smb_service.py", line 78, in handle
    self.send("smb-01: " + flag("smb-01"))
    ~~~~~~~~~^^^^^^^^^^^^^^^^^^^^^^^^^^^^^
  File "C:\Users\kishw\OneDrive\Desktop\ccxs\services\smb_service.py", line 72, in send
    self.wfile.write((text + "\r\n").encode("utf-8", "replace"))
    ~~~~~~~~~~~~~~~~^^^^^^^^^^^^^^^^^^^^^^^^^^^^^^^^^^^^^^^^^^^^
  File "C:\Users\kishw\AppData\Local\Programs\Python\Python314\Lib\socketserver.py", line 845, in write
    self._sock.sendall(b)
    ~~~~~~~~~~~~~~~~~~^^^
ConnectionAbortedError: [WinError 10053] An established connection was aborted by the software in your host machine
----------------------------------------
----------------------------------------
Exception occurred during processing of request from ('192.168.1.10', 52482)
Traceback (most recent call last):
  File "C:\Users\kishw\AppData\Local\Programs\Python\Python314\Lib\socketserver.py", line 697, in process_request_thread
    self.finish_request(request, client_address)
    ~~~~~~~~~~~~~~~~~~~^^^^^^^^^^^^^^^^^^^^^^^^^
  File "C:\Users\kishw\AppData\Local\Programs\Python\Python314\Lib\socketserver.py", line 362, in finish_request
    self.RequestHandlerClass(request, client_address, self)
    ~~~~~~~~~~~~~~~~~~~~~~~~^^^^^^^^^^^^^^^^^^^^^^^^^^^^^^^
  File "C:\Users\kishw\AppData\Local\Programs\Python\Python314\Lib\socketserver.py", line 766, in __init__
    self.handle()
    ~~~~~~~~~~~^^
  File "C:\Users\kishw\OneDrive\Desktop\ccxs\services\ftp_service.py", line 161, in handle
    raw = self.request.recv(2048)
ConnectionResetError: [WinError 10054] An existing connection was forcibly closed by the remote host
----------------------------------------
Exception (server): Error reading SSH protocol banner[WinError 10053] An established connection was aborted by the software in your host machine
Traceback (most recent call last):
  File "C:\Users\kishw\AppData\Local\Programs\Python\Python314\Lib\site-packages\paramiko\transport.py", line 2213, in _check_banner
    buf = self.packetizer.readline(timeout)
  File "C:\Users\kishw\AppData\Local\Programs\Python\Python314\Lib\site-packages\paramiko\packet.py", line 395, in readline
    buf += self._read_timeout(timeout)
           ~~~~~~~~~~~~~~~~~~^^^^^^^^^
  File "C:\Users\kishw\AppData\Local\Programs\Python\Python314\Lib\site-packages\paramiko\packet.py", line 663, in _read_timeout
    x = self.__socket.recv(128)
ConnectionAbortedError: [WinError 10053] An established connection was aborted by the software in your host machine

During handling of the above exception, another exception occurred:

Traceback (most recent call last):
  File "C:\Users\kishw\AppData\Local\Programs\Python\Python314\Lib\site-packages\paramiko\transport.py", line 2029, in run
    self._check_banner()
    ~~~~~~~~~~~~~~~~~~^^
  File "C:\Users\kishw\AppData\Local\Programs\Python\Python314\Lib\site-packages\paramiko\transport.py", line 2217, in _check_banner
    raise SSHException(
        "Error reading SSH protocol banner" + str(e)
    )
paramiko.ssh_exception.SSHException: Error reading SSH protocol banner[WinError 10053] An established connection was aborted by the software in your host machine

----------------------------------------
Exception occurred during processing of request from ('192.168.1.10', 52486)
Traceback (most recent call last):
  File "C:\Users\kishw\AppData\Local\Programs\Python\Python314\Lib\socketserver.py", line 697, in process_request_thread
    self.finish_request(request, client_address)
    ~~~~~~~~~~~~~~~~~~~^^^^^^^^^^^^^^^^^^^^^^^^^
  File "C:\Users\kishw\AppData\Local\Programs\Python\Python314\Lib\socketserver.py", line 362, in finish_request
    self.RequestHandlerClass(request, client_address, self)
    ~~~~~~~~~~~~~~~~~~~~~~~~^^^^^^^^^^^^^^^^^^^^^^^^^^^^^^^
  File "C:\Users\kishw\AppData\Local\Programs\Python\Python314\Lib\socketserver.py", line 766, in __init__
    self.handle()
    ~~~~~~~~~~~^^
  File "C:\Users\kishw\OneDrive\Desktop\ccxs\services\smb_service.py", line 78, in handle
    self.send("smb-01: " + flag("smb-01"))
    ~~~~~~~~~^^^^^^^^^^^^^^^^^^^^^^^^^^^^^
  File "C:\Users\kishw\OneDrive\Desktop\ccxs\services\smb_service.py", line 72, in send
    self.wfile.write((text + "\r\n").encode("utf-8", "replace"))
    ~~~~~~~~~~~~~~~~^^^^^^^^^^^^^^^^^^^^^^^^^^^^^^^^^^^^^^^^^^^^
  File "C:\Users\kishw\AppData\Local\Programs\Python\Python314\Lib\socketserver.py", line 845, in write
    self._sock.sendall(b)
    ~~~~~~~~~~~~~~~~~~^^^
ConnectionAbortedError: [WinError 10053] An established connection was aborted by the software in your host machine
----------------------------------------
192.168.1.10 - - [06/Oct/2026 08:45:23] "GET / HTTP/1.1" 200 -
192.168.1.10 - - [06/Oct/2026 08:45:23] "GET /debug-lab/info HTTP/1.1" 200 -
192.168.1.10 - - [06/Oct/2026 08:45:23] "GET /debug-lab/console?pin=511331-430&code=open(r'C:\\Users\\kishw\\OneDrive\\Desktop\\ccxs\\data\\flagfiles\\debugger.flag').read() HTTP/1.1" 200 -
----------------------------------------
Exception occurred during processing of request from ('127.0.0.1', 49223)
Traceback (most recent call last):
  File "C:\Users\kishw\AppData\Local\Programs\Python\Python314\Lib\socketserver.py", line 697, in process_request_thread
    self.finish_request(request, client_address)
    ~~~~~~~~~~~~~~~~~~~^^^^^^^^^^^^^^^^^^^^^^^^^
Exception (server): Error reading SSH protocol banner[WinError 10053] An established connection was aborted by the software in your host machine
  File "C:\Users\kishw\AppData\Local\Programs\Python\Python314\Lib\socketserver.py", line 362, in finish_request
    self.RequestHandlerClass(request, client_address, self)
    ~~~~~~~~~~~~~~~~~~~~~~~~^^^^^^^^^^^^^^^^^^^^^^^^^^^^^^^
  File "C:\Users\kishw\AppData\Local\Programs\Python\Python314\Lib\socketserver.py", line 766, in __init__
    self.handle()
    ~~~~~~~~~~~^^
  File "C:\Users\kishw\OneDrive\Desktop\ccxs\services\ftp_service.py", line 161, in handle
    raw = self.request.recv(2048)
ConnectionAbortedError: [WinError 10053] An established connection was aborted by the software in your host machine
Traceback (most recent call last):
----------------------------------------
  File "C:\Users\kishw\AppData\Local\Programs\Python\Python314\Lib\site-packages\paramiko\transport.py", line 2213, in _check_banner
    buf = self.packetizer.readline(timeout)
  File "C:\Users\kishw\AppData\Local\Programs\Python\Python314\Lib\site-packages\paramiko\packet.py", line 395, in readline
    buf += self._read_timeout(timeout)
           ~~~~~~~~~~~~~~~~~~^^^^^^^^^
  File "C:\Users\kishw\AppData\Local\Programs\Python\Python314\Lib\site-packages\paramiko\packet.py", line 663, in _read_timeout
    x = self.__socket.recv(128)
ConnectionAbortedError: [WinError 10053] An established connection was aborted by the software in your host machine

During handling of the above exception, another exception occurred:

Traceback (most recent call last):
  File "C:\Users\kishw\AppData\Local\Programs\Python\Python314\Lib\site-packages\paramiko\transport.py", line 2029, in run
    self._check_banner()
    ~~~~~~~~~~~~~~~~~~^^
  File "C:\Users\kishw\AppData\Local\Programs\Python\Python314\Lib\site-packages\paramiko\transport.py", line 2217, in _check_banner
    raise SSHException(
        "Error reading SSH protocol banner" + str(e)
    )
paramiko.ssh_exception.SSHException: Error reading SSH protocol banner[WinError 10053] An established connection was aborted by the software in your host machine

----------------------------------------
Exception occurred during processing of request from ('127.0.0.1', 49229)
Traceback (most recent call last):
  File "C:\Users\kishw\AppData\Local\Programs\Python\Python314\Lib\socketserver.py", line 697, in process_request_thread
    self.finish_request(request, client_address)
    ~~~~~~~~~~~~~~~~~~~^^^^^^^^^^^^^^^^^^^^^^^^^
  File "C:\Users\kishw\AppData\Local\Programs\Python\Python314\Lib\socketserver.py", line 362, in finish_request
    self.RequestHandlerClass(request, client_address, self)
    ~~~~~~~~~~~~~~~~~~~~~~~~^^^^^^^^^^^^^^^^^^^^^^^^^^^^^^^
  File "C:\Users\kishw\AppData\Local\Programs\Python\Python314\Lib\socketserver.py", line 766, in __init__
    self.handle()
    ~~~~~~~~~~~^^
  File "C:\Users\kishw\OneDrive\Desktop\ccxs\services\smb_service.py", line 78, in handle
    self.send("smb-01: " + flag("smb-01"))
    ~~~~~~~~~^^^^^^^^^^^^^^^^^^^^^^^^^^^^^
  File "C:\Users\kishw\OneDrive\Desktop\ccxs\services\smb_service.py", line 72, in send
    self.wfile.write((text + "\r\n").encode("utf-8", "replace"))
    ~~~~~~~~~~~~~~~~^^^^^^^^^^^^^^^^^^^^^^^^^^^^^^^^^^^^^^^^^^^^
  File "C:\Users\kishw\AppData\Local\Programs\Python\Python314\Lib\socketserver.py", line 845, in write
    self._sock.sendall(b)
    ~~~~~~~~~~~~~~~~~~^^^
ConnectionAbortedError: [WinError 10053] An established connection was aborted by the software in your host machine
----------------------------------------
----------------------------------------
Exception occurred during processing of request from ('192.168.1.10', 63589)
Traceback (most recent call last):
  File "C:\Users\kishw\AppData\Local\Programs\Python\Python314\Lib\socketserver.py", line 697, in process_request_thread
    self.finish_request(request, client_address)
    ~~~~~~~~~~~~~~~~~~~^^^^^^^^^^^^^^^^^^^^^^^^^
  File "C:\Users\kishw\AppData\Local\Programs\Python\Python314\Lib\socketserver.py", line 362, in finish_request
    self.RequestHandlerClass(request, client_address, self)
    ~~~~~~~~~~~~~~~~~~~~~~~~^^^^^^^^^^^^^^^^^^^^^^^^^^^^^^^
  File "C:\Users\kishw\AppData\Local\Programs\Python\Python314\Lib\socketserver.py", line 766, in __init__
    self.handle()
    ~~~~~~~~~~~^^
  File "C:\Users\kishw\OneDrive\Desktop\ccxs\services\ftp_service.py", line 161, in handle
    raw = self.request.recv(2048)
ConnectionAbortedError: [WinError 10053] An established connection was aborted by the software in your host machine
----------------------------------------
Exception (server): Error reading SSH protocol banner[WinError 10053] An established connection was aborted by the software in your host machine
Traceback (most recent call last):
  File "C:\Users\kishw\AppData\Local\Programs\Python\Python314\Lib\site-packages\paramiko\transport.py", line 2213, in _check_banner
    buf = self.packetizer.readline(timeout)
  File "C:\Users\kishw\AppData\Local\Programs\Python\Python314\Lib\site-packages\paramiko\packet.py", line 395, in readline
    buf += self._read_timeout(timeout)
           ~~~~~~~~~~~~~~~~~~^^^^^^^^^
  File "C:\Users\kishw\AppData\Local\Programs\Python\Python314\Lib\site-packages\paramiko\packet.py", line 663, in _read_timeout
    x = self.__socket.recv(128)
ConnectionAbortedError: [WinError 10053] An established connection was aborted by the software in your host machine

During handling of the above exception, another exception occurred:

Traceback (most recent call last):
  File "C:\Users\kishw\AppData\Local\Programs\Python\Python314\Lib\site-packages\paramiko\transport.py", line 2029, in run
    self._check_banner()
    ~~~~~~~~~~~~~~~~~~^^
  File "C:\Users\kishw\AppData\Local\Programs\Python\Python314\Lib\site-packages\paramiko\transport.py", line 2217, in _check_banner
    raise SSHException(
        "Error reading SSH protocol banner" + str(e)
    )
paramiko.ssh_exception.SSHException: Error reading SSH protocol banner[WinError 10053] An established connection was aborted by the software in your host machine

----------------------------------------
Exception occurred during processing of request from ('192.168.1.10', 63592)
Traceback (most recent call last):
  File "C:\Users\kishw\AppData\Local\Programs\Python\Python314\Lib\socketserver.py", line 697, in process_request_thread
    self.finish_request(request, client_address)
    ~~~~~~~~~~~~~~~~~~~^^^^^^^^^^^^^^^^^^^^^^^^^
  File "C:\Users\kishw\AppData\Local\Programs\Python\Python314\Lib\socketserver.py", line 362, in finish_request
    self.RequestHandlerClass(request, client_address, self)
    ~~~~~~~~~~~~~~~~~~~~~~~~^^^^^^^^^^^^^^^^^^^^^^^^^^^^^^^
  File "C:\Users\kishw\AppData\Local\Programs\Python\Python314\Lib\socketserver.py", line 766, in __init__
    self.handle()
    ~~~~~~~~~~~^^
  File "C:\Users\kishw\OneDrive\Desktop\ccxs\services\smb_service.py", line 78, in handle
    self.send("smb-01: " + flag("smb-01"))
    ~~~~~~~~~^^^^^^^^^^^^^^^^^^^^^^^^^^^^^
  File "C:\Users\kishw\OneDrive\Desktop\ccxs\services\smb_service.py", line 72, in send
    self.wfile.write((text + "\r\n").encode("utf-8", "replace"))
    ~~~~~~~~~~~~~~~~^^^^^^^^^^^^^^^^^^^^^^^^^^^^^^^^^^^^^^^^^^^^
  File "C:\Users\kishw\AppData\Local\Programs\Python\Python314\Lib\socketserver.py", line 845, in write
    self._sock.sendall(b)
    ~~~~~~~~~~~~~~~~~~^^^
ConnectionAbortedError: [WinError 10053] An established connection was aborted by the software in your host machine
----------------------------------------
----------------------------------------
Exception occurred during processing of request from ('192.168.1.10', 60761)
Traceback (most recent call last):
  File "C:\Users\kishw\AppData\Local\Programs\Python\Python314\Lib\socketserver.py", line 697, in process_request_thread
    self.finish_request(request, client_address)
    ~~~~~~~~~~~~~~~~~~~^^^^^^^^^^^^^^^^^^^^^^^^^
  File "C:\Users\kishw\AppData\Local\Programs\Python\Python314\Lib\socketserver.py", line 362, in finish_request
    self.RequestHandlerClass(request, client_address, self)
    ~~~~~~~~~~~~~~~~~~~~~~~~^^^^^^^^^^^^^^^^^^^^^^^^^^^^^^^
  File "C:\Users\kishw\AppData\Local\Programs\Python\Python314\Lib\socketserver.py", line 766, in __init__
    self.handle()
    ~~~~~~~~~~~^^
  File "C:\Users\kishw\OneDrive\Desktop\ccxs\services\ftp_service.py", line 161, in handle
    raw = self.request.recv(2048)
ConnectionAbortedError: [WinError 10053] An established connection was aborted by the software in your host machine
----------------------------------------
Exception (server): Error reading SSH protocol banner[WinError 10053] An established connection was aborted by the software in your host machine
Traceback (most recent call last):
  File "C:\Users\kishw\AppData\Local\Programs\Python\Python314\Lib\site-packages\paramiko\transport.py", line 2213, in _check_banner
    buf = self.packetizer.readline(timeout)
  File "C:\Users\kishw\AppData\Local\Programs\Python\Python314\Lib\site-packages\paramiko\packet.py", line 395, in readline
    buf += self._read_timeout(timeout)
           ~~~~~~~~~~~~~~~~~~^^^^^^^^^
  File "C:\Users\kishw\AppData\Local\Programs\Python\Python314\Lib\site-packages\paramiko\packet.py", line 663, in _read_timeout
    x = self.__socket.recv(128)
ConnectionAbortedError: [WinError 10053] An established connection was aborted by the software in your host machine

During handling of the above exception, another exception occurred:

Traceback (most recent call last):
  File "C:\Users\kishw\AppData\Local\Programs\Python\Python314\Lib\site-packages\paramiko\transport.py", line 2029, in run
    self._check_banner()
    ~~~~~~~~~~~~~~~~~~^^
  File "C:\Users\kishw\AppData\Local\Programs\Python\Python314\Lib\site-packages\paramiko\transport.py", line 2217, in _check_banner
    raise SSHException(
        "Error reading SSH protocol banner" + str(e)
    )
paramiko.ssh_exception.SSHException: Error reading SSH protocol banner[WinError 10053] An established connection was aborted by the software in your host machine

----------------------------------------
Exception occurred during processing of request from ('192.168.1.10', 60764)
Traceback (most recent call last):
  File "C:\Users\kishw\AppData\Local\Programs\Python\Python314\Lib\socketserver.py", line 697, in process_request_thread
    self.finish_request(request, client_address)
    ~~~~~~~~~~~~~~~~~~~^^^^^^^^^^^^^^^^^^^^^^^^^
  File "C:\Users\kishw\AppData\Local\Programs\Python\Python314\Lib\socketserver.py", line 362, in finish_request
    self.RequestHandlerClass(request, client_address, self)
    ~~~~~~~~~~~~~~~~~~~~~~~~^^^^^^^^^^^^^^^^^^^^^^^^^^^^^^^
  File "C:\Users\kishw\AppData\Local\Programs\Python\Python314\Lib\socketserver.py", line 766, in __init__
    self.handle()
    ~~~~~~~~~~~^^
  File "C:\Users\kishw\OneDrive\Desktop\ccxs\services\smb_service.py", line 78, in handle
    self.send("smb-01: " + flag("smb-01"))
    ~~~~~~~~~^^^^^^^^^^^^^^^^^^^^^^^^^^^^^
  File "C:\Users\kishw\OneDrive\Desktop\ccxs\services\smb_service.py", line 72, in send
    self.wfile.write((text + "\r\n").encode("utf-8", "replace"))
    ~~~~~~~~~~~~~~~~^^^^^^^^^^^^^^^^^^^^^^^^^^^^^^^^^^^^^^^^^^^^
  File "C:\Users\kishw\AppData\Local\Programs\Python\Python314\Lib\socketserver.py", line 845, in write
    self._sock.sendall(b)
    ~~~~~~~~~~~~~~~~~~^^^
ConnectionAbortedError: [WinError 10053] An established connection was aborted by the software in your host machine
----------------------------------------
----------------------------------------
Exception occurred during processing of request from ('127.0.0.1', 56507)
Traceback (most recent call last):
  File "C:\Users\kishw\AppData\Local\Programs\Python\Python314\Lib\socketserver.py", line 697, in process_request_thread
    self.finish_request(request, client_address)
    ~~~~~~~~~~~~~~~~~~~^^^^^^^^^^^^^^^^^^^^^^^^^
  File "C:\Users\kishw\AppData\Local\Programs\Python\Python314\Lib\socketserver.py", line 362, in finish_request
    self.RequestHandlerClass(request, client_address, self)
    ~~~~~~~~~~~~~~~~~~~~~~~~^^^^^^^^^^^^^^^^^^^^^^^^^^^^^^^
  File "C:\Users\kishw\AppData\Local\Programs\Python\Python314\Lib\socketserver.py", line 766, in __init__
    self.handle()
    ~~~~~~~~~~~^^
  File "C:\Users\kishw\OneDrive\Desktop\ccxs\services\ftp_service.py", line 161, in handle
    raw = self.request.recv(2048)
ConnectionAbortedError: [WinError 10053] An established connection was aborted by the software in your host machine
----------------------------------------
Exception (server): Error reading SSH protocol banner[WinError 10053] An established connection was aborted by the software in your host machine
Traceback (most recent call last):
  File "C:\Users\kishw\AppData\Local\Programs\Python\Python314\Lib\site-packages\paramiko\transport.py", line 2213, in _check_banner
    buf = self.packetizer.readline(timeout)
  File "C:\Users\kishw\AppData\Local\Programs\Python\Python314\Lib\site-packages\paramiko\packet.py", line 395, in readline
    buf += self._read_timeout(timeout)
           ~~~~~~~~~~~~~~~~~~^^^^^^^^^
  File "C:\Users\kishw\AppData\Local\Programs\Python\Python314\Lib\site-packages\paramiko\packet.py", line 663, in _read_timeout
    x = self.__socket.recv(128)
ConnectionAbortedError: [WinError 10053] An established connection was aborted by the software in your host machine

During handling of the above exception, another exception occurred:

Traceback (most recent call last):
  File "C:\Users\kishw\AppData\Local\Programs\Python\Python314\Lib\site-packages\paramiko\transport.py", line 2029, in run
    self._check_banner()
    ~~~~~~~~~~~~~~~~~~^^
  File "C:\Users\kishw\AppData\Local\Programs\Python\Python314\Lib\site-packages\paramiko\transport.py", line 2217, in _check_banner
    raise SSHException(
        "Error reading SSH protocol banner" + str(e)
    )
paramiko.ssh_exception.SSHException: Error reading SSH protocol banner[WinError 10053] An established connection was aborted by the software in your host machine

----------------------------------------
Exception occurred during processing of request from ('127.0.0.1', 56513)
Traceback (most recent call last):
  File "C:\Users\kishw\AppData\Local\Programs\Python\Python314\Lib\socketserver.py", line 697, in process_request_thread
    self.finish_request(request, client_address)
    ~~~~~~~~~~~~~~~~~~~^^^^^^^^^^^^^^^^^^^^^^^^^
  File "C:\Users\kishw\AppData\Local\Programs\Python\Python314\Lib\socketserver.py", line 362, in finish_request
    self.RequestHandlerClass(request, client_address, self)
    ~~~~~~~~~~~~~~~~~~~~~~~~^^^^^^^^^^^^^^^^^^^^^^^^^^^^^^^
  File "C:\Users\kishw\AppData\Local\Programs\Python\Python314\Lib\socketserver.py", line 766, in __init__
    self.handle()
    ~~~~~~~~~~~^^
  File "C:\Users\kishw\OneDrive\Desktop\ccxs\services\smb_service.py", line 78, in handle
    self.send("smb-01: " + flag("smb-01"))
    ~~~~~~~~~^^^^^^^^^^^^^^^^^^^^^^^^^^^^^
  File "C:\Users\kishw\OneDrive\Desktop\ccxs\services\smb_service.py", line 72, in send
    self.wfile.write((text + "\r\n").encode("utf-8", "replace"))
    ~~~~~~~~~~~~~~~~^^^^^^^^^^^^^^^^^^^^^^^^^^^^^^^^^^^^^^^^^^^^
  File "C:\Users\kishw\AppData\Local\Programs\Python\Python314\Lib\socketserver.py", line 845, in write
    self._sock.sendall(b)
    ~~~~~~~~~~~~~~~~~~^^^
ConnectionAbortedError: [WinError 10053] An established connection was aborted by the software in your host machine
----------------------------------------
----------------------------------------
Exception occurred during processing of request from ('127.0.0.1', 58392)
Traceback (most recent call last):
  File "C:\Users\kishw\AppData\Local\Programs\Python\Python314\Lib\socketserver.py", line 697, in process_request_thread
    self.finish_request(request, client_address)
    ~~~~~~~~~~~~~~~~~~~^^^^^^^^^^^^^^^^^^^^^^^^^
  File "C:\Users\kishw\AppData\Local\Programs\Python\Python314\Lib\socketserver.py", line 362, in finish_request
    self.RequestHandlerClass(request, client_address, self)
    ~~~~~~~~~~~~~~~~~~~~~~~~^^^^^^^^^^^^^^^^^^^^^^^^^^^^^^^
Exception (server): Error reading SSH protocol banner[WinError 10053] An established connection was aborted by the software in your host machine
  File "C:\Users\kishw\AppData\Local\Programs\Python\Python314\Lib\socketserver.py", line 766, in __init__
    self.handle()
    ~~~~~~~~~~~^^
  File "C:\Users\kishw\OneDrive\Desktop\ccxs\services\ftp_service.py", line 161, in handle
    raw = self.request.recv(2048)
ConnectionAbortedError: [WinError 10053] An established connection was aborted by the software in your host machine
----------------------------------------
Traceback (most recent call last):
  File "C:\Users\kishw\AppData\Local\Programs\Python\Python314\Lib\site-packages\paramiko\transport.py", line 2213, in _check_banner
    buf = self.packetizer.readline(timeout)
  File "C:\Users\kishw\AppData\Local\Programs\Python\Python314\Lib\site-packages\paramiko\packet.py", line 395, in readline
    buf += self._read_timeout(timeout)
           ~~~~~~~~~~~~~~~~~~^^^^^^^^^
  File "C:\Users\kishw\AppData\Local\Programs\Python\Python314\Lib\site-packages\paramiko\packet.py", line 663, in _read_timeout
    x = self.__socket.recv(128)
ConnectionAbortedError: [WinError 10053] An established connection was aborted by the software in your host machine

During handling of the above exception, another exception occurred:

Traceback (most recent call last):
  File "C:\Users\kishw\AppData\Local\Programs\Python\Python314\Lib\site-packages\paramiko\transport.py", line 2029, in run
    self._check_banner()
    ~~~~~~~~~~~~~~~~~~^^
  File "C:\Users\kishw\AppData\Local\Programs\Python\Python314\Lib\site-packages\paramiko\transport.py", line 2217, in _check_banner
    raise SSHException(
        "Error reading SSH protocol banner" + str(e)
    )
paramiko.ssh_exception.SSHException: Error reading SSH protocol banner[WinError 10053] An established connection was aborted by the software in your host machine

----------------------------------------
Exception occurred during processing of request from ('127.0.0.1', 58398)
Traceback (most recent call last):
  File "C:\Users\kishw\AppData\Local\Programs\Python\Python314\Lib\socketserver.py", line 697, in process_request_thread
    self.finish_request(request, client_address)
    ~~~~~~~~~~~~~~~~~~~^^^^^^^^^^^^^^^^^^^^^^^^^
  File "C:\Users\kishw\AppData\Local\Programs\Python\Python314\Lib\socketserver.py", line 362, in finish_request
    self.RequestHandlerClass(request, client_address, self)
    ~~~~~~~~~~~~~~~~~~~~~~~~^^^^^^^^^^^^^^^^^^^^^^^^^^^^^^^
  File "C:\Users\kishw\AppData\Local\Programs\Python\Python314\Lib\socketserver.py", line 766, in __init__
    self.handle()
    ~~~~~~~~~~~^^
  File "C:\Users\kishw\OneDrive\Desktop\ccxs\services\smb_service.py", line 78, in handle
    self.send("smb-01: " + flag("smb-01"))
    ~~~~~~~~~^^^^^^^^^^^^^^^^^^^^^^^^^^^^^
  File "C:\Users\kishw\OneDrive\Desktop\ccxs\services\smb_service.py", line 72, in send
    self.wfile.write((text + "\r\n").encode("utf-8", "replace"))
    ~~~~~~~~~~~~~~~~^^^^^^^^^^^^^^^^^^^^^^^^^^^^^^^^^^^^^^^^^^^^
  File "C:\Users\kishw\AppData\Local\Programs\Python\Python314\Lib\socketserver.py", line 845, in write
    self._sock.sendall(b)
    ~~~~~~~~~~~~~~~~~~^^^
ConnectionAbortedError: [WinError 10053] An established connection was aborted by the software in your host machine
----------------------------------------
----------------------------------------
Exception occurred during processing of request from ('127.0.0.1', 58414)
Traceback (most recent call last):
  File "C:\Users\kishw\AppData\Local\Programs\Python\Python314\Lib\socketserver.py", line 697, in process_request_thread
    self.finish_request(request, client_address)
    ~~~~~~~~~~~~~~~~~~~^^^^^^^^^^^^^^^^^^^^^^^^^
  File "C:\Users\kishw\AppData\Local\Programs\Python\Python314\Lib\socketserver.py", line 362, in finish_request
    self.RequestHandlerClass(request, client_address, self)
    ~~~~~~~~~~~~~~~~~~~~~~~~^^^^^^^^^^^^^^^^^^^^^^^^^^^^^^^
  File "C:\Users\kishw\AppData\Local\Programs\Python\Python314\Lib\socketserver.py", line 766, in __init__
    self.handle()
    ~~~~~~~~~~~^^
  File "C:\Users\kishw\OneDrive\Desktop\ccxs\services\ftp_service.py", line 161, in handle
    raw = self.request.recv(2048)
ConnectionResetError: [WinError 10054] An existing connection was forcibly closed by the remote host
----------------------------------------
Exception (server): Error reading SSH protocol banner[WinError 10053] An established connection was aborted by the software in your host machine
Traceback (most recent call last):
  File "C:\Users\kishw\AppData\Local\Programs\Python\Python314\Lib\site-packages\paramiko\transport.py", line 2213, in _check_banner
    buf = self.packetizer.readline(timeout)
  File "C:\Users\kishw\AppData\Local\Programs\Python\Python314\Lib\site-packages\paramiko\packet.py", line 395, in readline
    buf += self._read_timeout(timeout)
           ~~~~~~~~~~~~~~~~~~^^^^^^^^^
  File "C:\Users\kishw\AppData\Local\Programs\Python\Python314\Lib\site-packages\paramiko\packet.py", line 663, in _read_timeout
    x = self.__socket.recv(128)
ConnectionAbortedError: [WinError 10053] An established connection was aborted by the software in your host machine

During handling of the above exception, another exception occurred:

Traceback (most recent call last):
  File "C:\Users\kishw\AppData\Local\Programs\Python\Python314\Lib\site-packages\paramiko\transport.py", line 2029, in run
    self._check_banner()
    ~~~~~~~~~~~~~~~~~~^^
  File "C:\Users\kishw\AppData\Local\Programs\Python\Python314\Lib\site-packages\paramiko\transport.py", line 2217, in _check_banner
    raise SSHException(
        "Error reading SSH protocol banner" + str(e)
    )
paramiko.ssh_exception.SSHException: Error reading SSH protocol banner[WinError 10053] An established connection was aborted by the software in your host machine

----------------------------------------
Exception occurred during processing of request from ('127.0.0.1', 58420)
Traceback (most recent call last):
  File "C:\Users\kishw\AppData\Local\Programs\Python\Python314\Lib\socketserver.py", line 697, in process_request_thread
    self.finish_request(request, client_address)
    ~~~~~~~~~~~~~~~~~~~^^^^^^^^^^^^^^^^^^^^^^^^^
  File "C:\Users\kishw\AppData\Local\Programs\Python\Python314\Lib\socketserver.py", line 362, in finish_request
    self.RequestHandlerClass(request, client_address, self)
    ~~~~~~~~~~~~~~~~~~~~~~~~^^^^^^^^^^^^^^^^^^^^^^^^^^^^^^^
  File "C:\Users\kishw\AppData\Local\Programs\Python\Python314\Lib\socketserver.py", line 766, in __init__
    self.handle()
    ~~~~~~~~~~~^^
  File "C:\Users\kishw\OneDrive\Desktop\ccxs\services\smb_service.py", line 78, in handle
    self.send("smb-01: " + flag("smb-01"))
    ~~~~~~~~~^^^^^^^^^^^^^^^^^^^^^^^^^^^^^
  File "C:\Users\kishw\OneDrive\Desktop\ccxs\services\smb_service.py", line 72, in send
    self.wfile.write((text + "\r\n").encode("utf-8", "replace"))
    ~~~~~~~~~~~~~~~~^^^^^^^^^^^^^^^^^^^^^^^^^^^^^^^^^^^^^^^^^^^^
  File "C:\Users\kishw\AppData\Local\Programs\Python\Python314\Lib\socketserver.py", line 845, in write
    self._sock.sendall(b)
    ~~~~~~~~~~~~~~~~~~^^^
ConnectionAbortedError: [WinError 10053] An established connection was aborted by the software in your host machine
----------------------------------------
----------------------------------------
Exception occurred during processing of request from ('127.0.0.1', 50458)
Traceback (most recent call last):
  File "C:\Users\kishw\AppData\Local\Programs\Python\Python314\Lib\socketserver.py", line 697, in process_request_thread
    self.finish_request(request, client_address)
    ~~~~~~~~~~~~~~~~~~~^^^^^^^^^^^^^^^^^^^^^^^^^
  File "C:\Users\kishw\AppData\Local\Programs\Python\Python314\Lib\socketserver.py", line 362, in finish_request
    self.RequestHandlerClass(request, client_address, self)
    ~~~~~~~~~~~~~~~~~~~~~~~~^^^^^^^^^^^^^^^^^^^^^^^^^^^^^^^
  File "C:\Users\kishw\AppData\Local\Programs\Python\Python314\Lib\socketserver.py", line 766, in __init__
    self.handle()
    ~~~~~~~~~~~^^
  File "C:\Users\kishw\OneDrive\Desktop\ccxs\services\ftp_service.py", line 161, in handle
    raw = self.request.recv(2048)
ConnectionAbortedError: [WinError 10053] An established connection was aborted by the software in your host machine
----------------------------------------
Exception (server): Error reading SSH protocol banner[WinError 10053] An established connection was aborted by the software in your host machine
Traceback (most recent call last):
  File "C:\Users\kishw\AppData\Local\Programs\Python\Python314\Lib\site-packages\paramiko\transport.py", line 2213, in _check_banner
    buf = self.packetizer.readline(timeout)
  File "C:\Users\kishw\AppData\Local\Programs\Python\Python314\Lib\site-packages\paramiko\packet.py", line 395, in readline
    buf += self._read_timeout(timeout)
           ~~~~~~~~~~~~~~~~~~^^^^^^^^^
  File "C:\Users\kishw\AppData\Local\Programs\Python\Python314\Lib\site-packages\paramiko\packet.py", line 663, in _read_timeout
    x = self.__socket.recv(128)
ConnectionAbortedError: [WinError 10053] An established connection was aborted by the software in your host machine

During handling of the above exception, another exception occurred:

Traceback (most recent call last):
  File "C:\Users\kishw\AppData\Local\Programs\Python\Python314\Lib\site-packages\paramiko\transport.py", line 2029, in run
    self._check_banner()
    ~~~~~~~~~~~~~~~~~~^^
  File "C:\Users\kishw\AppData\Local\Programs\Python\Python314\Lib\site-packages\paramiko\transport.py", line 2217, in _check_banner
    raise SSHException(
        "Error reading SSH protocol banner" + str(e)
    )
paramiko.ssh_exception.SSHException: Error reading SSH protocol banner[WinError 10053] An established connection was aborted by the software in your host machine

----------------------------------------
Exception occurred during processing of request from ('127.0.0.1', 50466)
Traceback (most recent call last):
  File "C:\Users\kishw\AppData\Local\Programs\Python\Python314\Lib\socketserver.py", line 697, in process_request_thread
    self.finish_request(request, client_address)
    ~~~~~~~~~~~~~~~~~~~^^^^^^^^^^^^^^^^^^^^^^^^^
  File "C:\Users\kishw\AppData\Local\Programs\Python\Python314\Lib\socketserver.py", line 362, in finish_request
    self.RequestHandlerClass(request, client_address, self)
    ~~~~~~~~~~~~~~~~~~~~~~~~^^^^^^^^^^^^^^^^^^^^^^^^^^^^^^^
  File "C:\Users\kishw\AppData\Local\Programs\Python\Python314\Lib\socketserver.py", line 766, in __init__
    self.handle()
    ~~~~~~~~~~~^^
  File "C:\Users\kishw\OneDrive\Desktop\ccxs\services\smb_service.py", line 78, in handle
    self.send("smb-01: " + flag("smb-01"))
    ~~~~~~~~~^^^^^^^^^^^^^^^^^^^^^^^^^^^^^
  File "C:\Users\kishw\OneDrive\Desktop\ccxs\services\smb_service.py", line 72, in send
    self.wfile.write((text + "\r\n").encode("utf-8", "replace"))
    ~~~~~~~~~~~~~~~~^^^^^^^^^^^^^^^^^^^^^^^^^^^^^^^^^^^^^^^^^^^^
  File "C:\Users\kishw\AppData\Local\Programs\Python\Python314\Lib\socketserver.py", line 845, in write
    self._sock.sendall(b)
    ~~~~~~~~~~~~~~~~~~^^^
ConnectionAbortedError: [WinError 10053] An established connection was aborted by the software in your host machine
----------------------------------------
----------------------------------------
Exception occurred during processing of request from ('127.0.0.1', 59399)
Traceback (most recent call last):
  File "C:\Users\kishw\AppData\Local\Programs\Python\Python314\Lib\socketserver.py", line 697, in process_request_thread
    self.finish_request(request, client_address)
    ~~~~~~~~~~~~~~~~~~~^^^^^^^^^^^^^^^^^^^^^^^^^
  File "C:\Users\kishw\AppData\Local\Programs\Python\Python314\Lib\socketserver.py", line 362, in finish_request
    self.RequestHandlerClass(request, client_address, self)
    ~~~~~~~~~~~~~~~~~~~~~~~~^^^^^^^^^^^^^^^^^^^^^^^^^^^^^^^
  File "C:\Users\kishw\AppData\Local\Programs\Python\Python314\Lib\socketserver.py", line 766, in __init__
    self.handle()
    ~~~~~~~~~~~^^
  File "C:\Users\kishw\OneDrive\Desktop\ccxs\services\ftp_service.py", line 161, in handle
    raw = self.request.recv(2048)
ConnectionAbortedError: [WinError 10053] An established connection was aborted by the software in your host machine
----------------------------------------
Exception (server): Error reading SSH protocol banner[WinError 10053] An established connection was aborted by the software in your host machine
Traceback (most recent call last):
  File "C:\Users\kishw\AppData\Local\Programs\Python\Python314\Lib\site-packages\paramiko\transport.py", line 2213, in _check_banner
    buf = self.packetizer.readline(timeout)
  File "C:\Users\kishw\AppData\Local\Programs\Python\Python314\Lib\site-packages\paramiko\packet.py", line 395, in readline
    buf += self._read_timeout(timeout)
           ~~~~~~~~~~~~~~~~~~^^^^^^^^^
  File "C:\Users\kishw\AppData\Local\Programs\Python\Python314\Lib\site-packages\paramiko\packet.py", line 663, in _read_timeout
    x = self.__socket.recv(128)
ConnectionAbortedError: [WinError 10053] An established connection was aborted by the software in your host machine

During handling of the above exception, another exception occurred:

Traceback (most recent call last):
  File "C:\Users\kishw\AppData\Local\Programs\Python\Python314\Lib\site-packages\paramiko\transport.py", line 2029, in run
    self._check_banner()
    ~~~~~~~~~~~~~~~~~~^^
  File "C:\Users\kishw\AppData\Local\Programs\Python\Python314\Lib\site-packages\paramiko\transport.py", line 2217, in _check_banner
    raise SSHException(
        "Error reading SSH protocol banner" + str(e)
    )
paramiko.ssh_exception.SSHException: Error reading SSH protocol banner[WinError 10053] An established connection was aborted by the software in your host machine

----------------------------------------
Exception occurred during processing of request from ('127.0.0.1', 59405)
Traceback (most recent call last):
  File "C:\Users\kishw\AppData\Local\Programs\Python\Python314\Lib\socketserver.py", line 697, in process_request_thread
    self.finish_request(request, client_address)
    ~~~~~~~~~~~~~~~~~~~^^^^^^^^^^^^^^^^^^^^^^^^^
  File "C:\Users\kishw\AppData\Local\Programs\Python\Python314\Lib\socketserver.py", line 362, in finish_request
    self.RequestHandlerClass(request, client_address, self)
    ~~~~~~~~~~~~~~~~~~~~~~~~^^^^^^^^^^^^^^^^^^^^^^^^^^^^^^^
  File "C:\Users\kishw\AppData\Local\Programs\Python\Python314\Lib\socketserver.py", line 766, in __init__
    self.handle()
    ~~~~~~~~~~~^^
  File "C:\Users\kishw\OneDrive\Desktop\ccxs\services\smb_service.py", line 78, in handle
    self.send("smb-01: " + flag("smb-01"))
    ~~~~~~~~~^^^^^^^^^^^^^^^^^^^^^^^^^^^^^
  File "C:\Users\kishw\OneDrive\Desktop\ccxs\services\smb_service.py", line 72, in send
    self.wfile.write((text + "\r\n").encode("utf-8", "replace"))
    ~~~~~~~~~~~~~~~~^^^^^^^^^^^^^^^^^^^^^^^^^^^^^^^^^^^^^^^^^^^^
  File "C:\Users\kishw\AppData\Local\Programs\Python\Python314\Lib\socketserver.py", line 845, in write
    self._sock.sendall(b)
    ~~~~~~~~~~~~~~~~~~^^^
ConnectionAbortedError: [WinError 10053] An established connection was aborted by the software in your host machine
----------------------------------------
----------------------------------------
Exception occurred during processing of request from ('127.0.0.1', 59375)
Traceback (most recent call last):
  File "C:\Users\kishw\AppData\Local\Programs\Python\Python314\Lib\socketserver.py", line 697, in process_request_thread
    self.finish_request(request, client_address)
    ~~~~~~~~~~~~~~~~~~~^^^^^^^^^^^^^^^^^^^^^^^^^
  File "C:\Users\kishw\AppData\Local\Programs\Python\Python314\Lib\socketserver.py", line 362, in finish_request
    self.RequestHandlerClass(request, client_address, self)
    ~~~~~~~~~~~~~~~~~~~~~~~~^^^^^^^^^^^^^^^^^^^^^^^^^^^^^^^
  File "C:\Users\kishw\AppData\Local\Programs\Python\Python314\Lib\socketserver.py", line 766, in __init__
    self.handle()
    ~~~~~~~~~~~^^
  File "C:\Users\kishw\OneDrive\Desktop\ccxs\services\ftp_service.py", line 161, in handle
    raw = self.request.recv(2048)
ConnectionResetError: [WinError 10054] An existing connection was forcibly closed by the remote host
----------------------------------------
Exception (server): Error reading SSH protocol banner[WinError 10053] An established connection was aborted by the software in your host machine
Traceback (most recent call last):
  File "C:\Users\kishw\AppData\Local\Programs\Python\Python314\Lib\site-packages\paramiko\transport.py", line 2213, in _check_banner
    buf = self.packetizer.readline(timeout)
  File "C:\Users\kishw\AppData\Local\Programs\Python\Python314\Lib\site-packages\paramiko\packet.py", line 395, in readline
    buf += self._read_timeout(timeout)
           ~~~~~~~~~~~~~~~~~~^^^^^^^^^
  File "C:\Users\kishw\AppData\Local\Programs\Python\Python314\Lib\site-packages\paramiko\packet.py", line 663, in _read_timeout
    x = self.__socket.recv(128)
ConnectionAbortedError: [WinError 10053] An established connection was aborted by the software in your host machine

During handling of the above exception, another exception occurred:

Traceback (most recent call last):
  File "C:\Users\kishw\AppData\Local\Programs\Python\Python314\Lib\site-packages\paramiko\transport.py", line 2029, in run
    self._check_banner()
    ~~~~~~~~~~~~~~~~~~^^
  File "C:\Users\kishw\AppData\Local\Programs\Python\Python314\Lib\site-packages\paramiko\transport.py", line 2217, in _check_banner
    raise SSHException(
        "Error reading SSH protocol banner" + str(e)
    )
paramiko.ssh_exception.SSHException: Error reading SSH protocol banner[WinError 10053] An established connection was aborted by the software in your host machine

----------------------------------------
Exception occurred during processing of request from ('127.0.0.1', 59381)
Traceback (most recent call last):
  File "C:\Users\kishw\AppData\Local\Programs\Python\Python314\Lib\socketserver.py", line 697, in process_request_thread
    self.finish_request(request, client_address)
    ~~~~~~~~~~~~~~~~~~~^^^^^^^^^^^^^^^^^^^^^^^^^
  File "C:\Users\kishw\AppData\Local\Programs\Python\Python314\Lib\socketserver.py", line 362, in finish_request
    self.RequestHandlerClass(request, client_address, self)
    ~~~~~~~~~~~~~~~~~~~~~~~~^^^^^^^^^^^^^^^^^^^^^^^^^^^^^^^
  File "C:\Users\kishw\AppData\Local\Programs\Python\Python314\Lib\socketserver.py", line 766, in __init__
    self.handle()
    ~~~~~~~~~~~^^
  File "C:\Users\kishw\OneDrive\Desktop\ccxs\services\smb_service.py", line 78, in handle
    self.send("smb-01: " + flag("smb-01"))
    ~~~~~~~~~^^^^^^^^^^^^^^^^^^^^^^^^^^^^^
  File "C:\Users\kishw\OneDrive\Desktop\ccxs\services\smb_service.py", line 72, in send
    self.wfile.write((text + "\r\n").encode("utf-8", "replace"))
    ~~~~~~~~~~~~~~~~^^^^^^^^^^^^^^^^^^^^^^^^^^^^^^^^^^^^^^^^^^^^
  File "C:\Users\kishw\AppData\Local\Programs\Python\Python314\Lib\socketserver.py", line 845, in write
    self._sock.sendall(b)
    ~~~~~~~~~~~~~~~~~~^^^
ConnectionAbortedError: [WinError 10053] An established connection was aborted by the software in your host machine
----------------------------------------
----------------------------------------
Exception occurred during processing of request from ('127.0.0.1', 59386)
Traceback (most recent call last):
  File "C:\Users\kishw\AppData\Local\Programs\Python\Python314\Lib\socketserver.py", line 697, in process_request_thread
    self.finish_request(request, client_address)
    ~~~~~~~~~~~~~~~~~~~^^^^^^^^^^^^^^^^^^^^^^^^^
  File "C:\Users\kishw\AppData\Local\Programs\Python\Python314\Lib\socketserver.py", line 362, in finish_request
    self.RequestHandlerClass(request, client_address, self)
    ~~~~~~~~~~~~~~~~~~~~~~~~^^^^^^^^^^^^^^^^^^^^^^^^^^^^^^^
Exception (server): Error reading SSH protocol banner[WinError 10053] An established connection was aborted by the software in your host machine
  File "C:\Users\kishw\AppData\Local\Programs\Python\Python314\Lib\socketserver.py", line 766, in __init__
    self.handle()
    ~~~~~~~~~~~^^
  File "C:\Users\kishw\OneDrive\Desktop\ccxs\services\ftp_service.py", line 161, in handle
    raw = self.request.recv(2048)
ConnectionAbortedError: [WinError 10053] An established connection was aborted by the software in your host machine
----------------------------------------
Traceback (most recent call last):
  File "C:\Users\kishw\AppData\Local\Programs\Python\Python314\Lib\site-packages\paramiko\transport.py", line 2213, in _check_banner
    buf = self.packetizer.readline(timeout)
  File "C:\Users\kishw\AppData\Local\Programs\Python\Python314\Lib\site-packages\paramiko\packet.py", line 395, in readline
    buf += self._read_timeout(timeout)
           ~~~~~~~~~~~~~~~~~~^^^^^^^^^
  File "C:\Users\kishw\AppData\Local\Programs\Python\Python314\Lib\site-packages\paramiko\packet.py", line 663, in _read_timeout
    x = self.__socket.recv(128)
ConnectionAbortedError: [WinError 10053] An established connection was aborted by the software in your host machine

During handling of the above exception, another exception occurred:

Traceback (most recent call last):
  File "C:\Users\kishw\AppData\Local\Programs\Python\Python314\Lib\site-packages\paramiko\transport.py", line 2029, in run
    self._check_banner()
    ~~~~~~~~~~~~~~~~~~^^
  File "C:\Users\kishw\AppData\Local\Programs\Python\Python314\Lib\site-packages\paramiko\transport.py", line 2217, in _check_banner
    raise SSHException(
        "Error reading SSH protocol banner" + str(e)
    )
paramiko.ssh_exception.SSHException: Error reading SSH protocol banner[WinError 10053] An established connection was aborted by the software in your host machine

----------------------------------------
Exception occurred during processing of request from ('127.0.0.1', 59392)
Traceback (most recent call last):
  File "C:\Users\kishw\AppData\Local\Programs\Python\Python314\Lib\socketserver.py", line 697, in process_request_thread
    self.finish_request(request, client_address)
    ~~~~~~~~~~~~~~~~~~~^^^^^^^^^^^^^^^^^^^^^^^^^
  File "C:\Users\kishw\AppData\Local\Programs\Python\Python314\Lib\socketserver.py", line 362, in finish_request
    self.RequestHandlerClass(request, client_address, self)
    ~~~~~~~~~~~~~~~~~~~~~~~~^^^^^^^^^^^^^^^^^^^^^^^^^^^^^^^
  File "C:\Users\kishw\AppData\Local\Programs\Python\Python314\Lib\socketserver.py", line 766, in __init__
    self.handle()
    ~~~~~~~~~~~^^
  File "C:\Users\kishw\OneDrive\Desktop\ccxs\services\smb_service.py", line 78, in handle
    self.send("smb-01: " + flag("smb-01"))
    ~~~~~~~~~^^^^^^^^^^^^^^^^^^^^^^^^^^^^^
  File "C:\Users\kishw\OneDrive\Desktop\ccxs\services\smb_service.py", line 72, in send
    self.wfile.write((text + "\r\n").encode("utf-8", "replace"))
    ~~~~~~~~~~~~~~~~^^^^^^^^^^^^^^^^^^^^^^^^^^^^^^^^^^^^^^^^^^^^
  File "C:\Users\kishw\AppData\Local\Programs\Python\Python314\Lib\socketserver.py", line 845, in write
    self._sock.sendall(b)
    ~~~~~~~~~~~~~~~~~~^^^
ConnectionAbortedError: [WinError 10053] An established connection was aborted by the software in your host machine
----------------------------------------
----------------------------------------
Exception occurred during processing of request from ('127.0.0.1', 59416)
Traceback (most recent call last):
  File "C:\Users\kishw\AppData\Local\Programs\Python\Python314\Lib\socketserver.py", line 697, in process_request_thread
    self.finish_request(request, client_address)
    ~~~~~~~~~~~~~~~~~~~^^^^^^^^^^^^^^^^^^^^^^^^^
  File "C:\Users\kishw\AppData\Local\Programs\Python\Python314\Lib\socketserver.py", line 362, in finish_request
    self.RequestHandlerClass(request, client_address, self)
    ~~~~~~~~~~~~~~~~~~~~~~~~^^^^^^^^^^^^^^^^^^^^^^^^^^^^^^^
Exception (server): Error reading SSH protocol banner[WinError 10053] An established connection was aborted by the software in your host machine
  File "C:\Users\kishw\AppData\Local\Programs\Python\Python314\Lib\socketserver.py", line 766, in __init__
    self.handle()
    ~~~~~~~~~~~^^
  File "C:\Users\kishw\OneDrive\Desktop\ccxs\services\ftp_service.py", line 161, in handle
    raw = self.request.recv(2048)
ConnectionAbortedError: [WinError 10053] An established connection was aborted by the software in your host machine
----------------------------------------
Traceback (most recent call last):
  File "C:\Users\kishw\AppData\Local\Programs\Python\Python314\Lib\site-packages\paramiko\transport.py", line 2213, in _check_banner
    buf = self.packetizer.readline(timeout)
  File "C:\Users\kishw\AppData\Local\Programs\Python\Python314\Lib\site-packages\paramiko\packet.py", line 395, in readline
    buf += self._read_timeout(timeout)
           ~~~~~~~~~~~~~~~~~~^^^^^^^^^
  File "C:\Users\kishw\AppData\Local\Programs\Python\Python314\Lib\site-packages\paramiko\packet.py", line 663, in _read_timeout
    x = self.__socket.recv(128)
ConnectionAbortedError: [WinError 10053] An established connection was aborted by the software in your host machine

During handling of the above exception, another exception occurred:

Traceback (most recent call last):
  File "C:\Users\kishw\AppData\Local\Programs\Python\Python314\Lib\site-packages\paramiko\transport.py", line 2029, in run
    self._check_banner()
    ~~~~~~~~~~~~~~~~~~^^
  File "C:\Users\kishw\AppData\Local\Programs\Python\Python314\Lib\site-packages\paramiko\transport.py", line 2217, in _check_banner
    raise SSHException(
        "Error reading SSH protocol banner" + str(e)
    )
paramiko.ssh_exception.SSHException: Error reading SSH protocol banner[WinError 10053] An established connection was aborted by the software in your host machine

----------------------------------------
Exception occurred during processing of request from ('127.0.0.1', 59422)
Traceback (most recent call last):
  File "C:\Users\kishw\AppData\Local\Programs\Python\Python314\Lib\socketserver.py", line 697, in process_request_thread
    self.finish_request(request, client_address)
    ~~~~~~~~~~~~~~~~~~~^^^^^^^^^^^^^^^^^^^^^^^^^
  File "C:\Users\kishw\AppData\Local\Programs\Python\Python314\Lib\socketserver.py", line 362, in finish_request
    self.RequestHandlerClass(request, client_address, self)
    ~~~~~~~~~~~~~~~~~~~~~~~~^^^^^^^^^^^^^^^^^^^^^^^^^^^^^^^
  File "C:\Users\kishw\AppData\Local\Programs\Python\Python314\Lib\socketserver.py", line 766, in __init__
    self.handle()
    ~~~~~~~~~~~^^
  File "C:\Users\kishw\OneDrive\Desktop\ccxs\services\smb_service.py", line 78, in handle
    self.send("smb-01: " + flag("smb-01"))
    ~~~~~~~~~^^^^^^^^^^^^^^^^^^^^^^^^^^^^^
  File "C:\Users\kishw\OneDrive\Desktop\ccxs\services\smb_service.py", line 72, in send
    self.wfile.write((text + "\r\n").encode("utf-8", "replace"))
    ~~~~~~~~~~~~~~~~^^^^^^^^^^^^^^^^^^^^^^^^^^^^^^^^^^^^^^^^^^^^
  File "C:\Users\kishw\AppData\Local\Programs\Python\Python314\Lib\socketserver.py", line 845, in write
    self._sock.sendall(b)
    ~~~~~~~~~~~~~~~~~~^^^
ConnectionAbortedError: [WinError 10053] An established connection was aborted by the software in your host machine
----------------------------------------
----------------------------------------
Exception occurred during processing of request from ('127.0.0.1', 59430)
Traceback (most recent call last):
  File "C:\Users\kishw\AppData\Local\Programs\Python\Python314\Lib\socketserver.py", line 697, in process_request_thread
    self.finish_request(request, client_address)
    ~~~~~~~~~~~~~~~~~~~^^^^^^^^^^^^^^^^^^^^^^^^^
  File "C:\Users\kishw\AppData\Local\Programs\Python\Python314\Lib\socketserver.py", line 362, in finish_request
    self.RequestHandlerClass(request, client_address, self)
    ~~~~~~~~~~~~~~~~~~~~~~~~^^^^^^^^^^^^^^^^^^^^^^^^^^^^^^^
  File "C:\Users\kishw\AppData\Local\Programs\Python\Python314\Lib\socketserver.py", line 766, in __init__
    self.handle()
    ~~~~~~~~~~~^^
  File "C:\Users\kishw\OneDrive\Desktop\ccxs\services\ftp_service.py", line 161, in handle
    raw = self.request.recv(2048)
ConnectionAbortedError: [WinError 10053] An established connection was aborted by the software in your host machine
----------------------------------------
Exception (server): Error reading SSH protocol banner[WinError 10053] An established connection was aborted by the software in your host machine
Traceback (most recent call last):
  File "C:\Users\kishw\AppData\Local\Programs\Python\Python314\Lib\site-packages\paramiko\transport.py", line 2213, in _check_banner
    buf = self.packetizer.readline(timeout)
  File "C:\Users\kishw\AppData\Local\Programs\Python\Python314\Lib\site-packages\paramiko\packet.py", line 395, in readline
    buf += self._read_timeout(timeout)
           ~~~~~~~~~~~~~~~~~~^^^^^^^^^
  File "C:\Users\kishw\AppData\Local\Programs\Python\Python314\Lib\site-packages\paramiko\packet.py", line 663, in _read_timeout
    x = self.__socket.recv(128)
ConnectionAbortedError: [WinError 10053] An established connection was aborted by the software in your host machine

During handling of the above exception, another exception occurred:

Traceback (most recent call last):
  File "C:\Users\kishw\AppData\Local\Programs\Python\Python314\Lib\site-packages\paramiko\transport.py", line 2029, in run
    self._check_banner()
    ~~~~~~~~~~~~~~~~~~^^
  File "C:\Users\kishw\AppData\Local\Programs\Python\Python314\Lib\site-packages\paramiko\transport.py", line 2217, in _check_banner
    raise SSHException(
        "Error reading SSH protocol banner" + str(e)
    )
paramiko.ssh_exception.SSHException: Error reading SSH protocol banner[WinError 10053] An established connection was aborted by the software in your host machine

----------------------------------------
Exception occurred during processing of request from ('127.0.0.1', 59436)
Traceback (most recent call last):
  File "C:\Users\kishw\AppData\Local\Programs\Python\Python314\Lib\socketserver.py", line 697, in process_request_thread
    self.finish_request(request, client_address)
    ~~~~~~~~~~~~~~~~~~~^^^^^^^^^^^^^^^^^^^^^^^^^
  File "C:\Users\kishw\AppData\Local\Programs\Python\Python314\Lib\socketserver.py", line 362, in finish_request
    self.RequestHandlerClass(request, client_address, self)
    ~~~~~~~~~~~~~~~~~~~~~~~~^^^^^^^^^^^^^^^^^^^^^^^^^^^^^^^
  File "C:\Users\kishw\AppData\Local\Programs\Python\Python314\Lib\socketserver.py", line 766, in __init__
    self.handle()
    ~~~~~~~~~~~^^
  File "C:\Users\kishw\OneDrive\Desktop\ccxs\services\smb_service.py", line 78, in handle
    self.send("smb-01: " + flag("smb-01"))
    ~~~~~~~~~^^^^^^^^^^^^^^^^^^^^^^^^^^^^^
  File "C:\Users\kishw\OneDrive\Desktop\ccxs\services\smb_service.py", line 72, in send
    self.wfile.write((text + "\r\n").encode("utf-8", "replace"))
    ~~~~~~~~~~~~~~~~^^^^^^^^^^^^^^^^^^^^^^^^^^^^^^^^^^^^^^^^^^^^
  File "C:\Users\kishw\AppData\Local\Programs\Python\Python314\Lib\socketserver.py", line 845, in write
    self._sock.sendall(b)
    ~~~~~~~~~~~~~~~~~~^^^
ConnectionAbortedError: [WinError 10053] An established connection was aborted by the software in your host machine
----------------------------------------
----------------------------------------
Exception occurred during processing of request from ('127.0.0.1', 59448)
Traceback (most recent call last):
  File "C:\Users\kishw\AppData\Local\Programs\Python\Python314\Lib\socketserver.py", line 697, in process_request_thread
    self.finish_request(request, client_address)
    ~~~~~~~~~~~~~~~~~~~^^^^^^^^^^^^^^^^^^^^^^^^^
  File "C:\Users\kishw\AppData\Local\Programs\Python\Python314\Lib\socketserver.py", line 362, in finish_request
    self.RequestHandlerClass(request, client_address, self)
    ~~~~~~~~~~~~~~~~~~~~~~~~^^^^^^^^^^^^^^^^^^^^^^^^^^^^^^^
  File "C:\Users\kishw\AppData\Local\Programs\Python\Python314\Lib\socketserver.py", line 766, in __init__
    self.handle()
    ~~~~~~~~~~~^^
  File "C:\Users\kishw\OneDrive\Desktop\ccxs\services\ftp_service.py", line 161, in handle
    raw = self.request.recv(2048)
ConnectionAbortedError: [WinError 10053] An established connection was aborted by the software in your host machine
----------------------------------------
Exception (server): Error reading SSH protocol banner[WinError 10053] An established connection was aborted by the software in your host machine
Traceback (most recent call last):
  File "C:\Users\kishw\AppData\Local\Programs\Python\Python314\Lib\site-packages\paramiko\transport.py", line 2213, in _check_banner
    buf = self.packetizer.readline(timeout)
  File "C:\Users\kishw\AppData\Local\Programs\Python\Python314\Lib\site-packages\paramiko\packet.py", line 395, in readline
    buf += self._read_timeout(timeout)
           ~~~~~~~~~~~~~~~~~~^^^^^^^^^
  File "C:\Users\kishw\AppData\Local\Programs\Python\Python314\Lib\site-packages\paramiko\packet.py", line 663, in _read_timeout
    x = self.__socket.recv(128)
ConnectionAbortedError: [WinError 10053] An established connection was aborted by the software in your host machine

During handling of the above exception, another exception occurred:

Traceback (most recent call last):
  File "C:\Users\kishw\AppData\Local\Programs\Python\Python314\Lib\site-packages\paramiko\transport.py", line 2029, in run
    self._check_banner()
    ~~~~~~~~~~~~~~~~~~^^
  File "C:\Users\kishw\AppData\Local\Programs\Python\Python314\Lib\site-packages\paramiko\transport.py", line 2217, in _check_banner
    raise SSHException(
        "Error reading SSH protocol banner" + str(e)
    )
paramiko.ssh_exception.SSHException: Error reading SSH protocol banner[WinError 10053] An established connection was aborted by the software in your host machine

----------------------------------------
Exception occurred during processing of request from ('127.0.0.1', 59454)
Traceback (most recent call last):
  File "C:\Users\kishw\AppData\Local\Programs\Python\Python314\Lib\socketserver.py", line 697, in process_request_thread
    self.finish_request(request, client_address)
    ~~~~~~~~~~~~~~~~~~~^^^^^^^^^^^^^^^^^^^^^^^^^
  File "C:\Users\kishw\AppData\Local\Programs\Python\Python314\Lib\socketserver.py", line 362, in finish_request
    self.RequestHandlerClass(request, client_address, self)
    ~~~~~~~~~~~~~~~~~~~~~~~~^^^^^^^^^^^^^^^^^^^^^^^^^^^^^^^
  File "C:\Users\kishw\AppData\Local\Programs\Python\Python314\Lib\socketserver.py", line 766, in __init__
    self.handle()
    ~~~~~~~~~~~^^
  File "C:\Users\kishw\OneDrive\Desktop\ccxs\services\smb_service.py", line 78, in handle
    self.send("smb-01: " + flag("smb-01"))
    ~~~~~~~~~^^^^^^^^^^^^^^^^^^^^^^^^^^^^^
  File "C:\Users\kishw\OneDrive\Desktop\ccxs\services\smb_service.py", line 72, in send
    self.wfile.write((text + "\r\n").encode("utf-8", "replace"))
    ~~~~~~~~~~~~~~~~^^^^^^^^^^^^^^^^^^^^^^^^^^^^^^^^^^^^^^^^^^^^
  File "C:\Users\kishw\AppData\Local\Programs\Python\Python314\Lib\socketserver.py", line 845, in write
    self._sock.sendall(b)
    ~~~~~~~~~~~~~~~~~~^^^
ConnectionAbortedError: [WinError 10053] An established connection was aborted by the software in your host machine
----------------------------------------
----------------------------------------
Exception occurred during processing of request from ('127.0.0.1', 59460)
Traceback (most recent call last):
  File "C:\Users\kishw\AppData\Local\Programs\Python\Python314\Lib\socketserver.py", line 697, in process_request_thread
    self.finish_request(request, client_address)
    ~~~~~~~~~~~~~~~~~~~^^^^^^^^^^^^^^^^^^^^^^^^^
  File "C:\Users\kishw\AppData\Local\Programs\Python\Python314\Lib\socketserver.py", line 362, in finish_request
    self.RequestHandlerClass(request, client_address, self)
    ~~~~~~~~~~~~~~~~~~~~~~~~^^^^^^^^^^^^^^^^^^^^^^^^^^^^^^^
  File "C:\Users\kishw\AppData\Local\Programs\Python\Python314\Lib\socketserver.py", line 766, in __init__
    self.handle()
    ~~~~~~~~~~~^^
  File "C:\Users\kishw\OneDrive\Desktop\ccxs\services\ftp_service.py", line 161, in handle
    raw = self.request.recv(2048)
ConnectionResetError: [WinError 10054] An existing connection was forcibly closed by the remote host
----------------------------------------
Exception (server): Error reading SSH protocol banner[WinError 10054] An existing connection was forcibly closed by the remote host
Traceback (most recent call last):
  File "C:\Users\kishw\AppData\Local\Programs\Python\Python314\Lib\site-packages\paramiko\transport.py", line 2213, in _check_banner
    buf = self.packetizer.readline(timeout)
  File "C:\Users\kishw\AppData\Local\Programs\Python\Python314\Lib\site-packages\paramiko\packet.py", line 395, in readline
    buf += self._read_timeout(timeout)
           ~~~~~~~~~~~~~~~~~~^^^^^^^^^
  File "C:\Users\kishw\AppData\Local\Programs\Python\Python314\Lib\site-packages\paramiko\packet.py", line 663, in _read_timeout
    x = self.__socket.recv(128)
ConnectionResetError: [WinError 10054] An existing connection was forcibly closed by the remote host

During handling of the above exception, another exception occurred:

Traceback (most recent call last):
  File "C:\Users\kishw\AppData\Local\Programs\Python\Python314\Lib\site-packages\paramiko\transport.py", line 2029, in run
    self._check_banner()
    ~~~~~~~~~~~~~~~~~~^^
  File "C:\Users\kishw\AppData\Local\Programs\Python\Python314\Lib\site-packages\paramiko\transport.py", line 2217, in _check_banner
    raise SSHException(
        "Error reading SSH protocol banner" + str(e)
    )
paramiko.ssh_exception.SSHException: Error reading SSH protocol banner[WinError 10054] An existing connection was forcibly closed by the remote host

----------------------------------------
Exception occurred during processing of request from ('127.0.0.1', 59467)
Traceback (most recent call last):
  File "C:\Users\kishw\AppData\Local\Programs\Python\Python314\Lib\socketserver.py", line 697, in process_request_thread
    self.finish_request(request, client_address)
    ~~~~~~~~~~~~~~~~~~~^^^^^^^^^^^^^^^^^^^^^^^^^
  File "C:\Users\kishw\AppData\Local\Programs\Python\Python314\Lib\socketserver.py", line 362, in finish_request
    self.RequestHandlerClass(request, client_address, self)
    ~~~~~~~~~~~~~~~~~~~~~~~~^^^^^^^^^^^^^^^^^^^^^^^^^^^^^^^
  File "C:\Users\kishw\AppData\Local\Programs\Python\Python314\Lib\socketserver.py", line 766, in __init__
    self.handle()
    ~~~~~~~~~~~^^
  File "C:\Users\kishw\OneDrive\Desktop\ccxs\services\smb_service.py", line 78, in handle
    self.send("smb-01: " + flag("smb-01"))
    ~~~~~~~~~^^^^^^^^^^^^^^^^^^^^^^^^^^^^^
  File "C:\Users\kishw\OneDrive\Desktop\ccxs\services\smb_service.py", line 72, in send
    self.wfile.write((text + "\r\n").encode("utf-8", "replace"))
    ~~~~~~~~~~~~~~~~^^^^^^^^^^^^^^^^^^^^^^^^^^^^^^^^^^^^^^^^^^^^
  File "C:\Users\kishw\AppData\Local\Programs\Python\Python314\Lib\socketserver.py", line 845, in write
    self._sock.sendall(b)
    ~~~~~~~~~~~~~~~~~~^^^
ConnectionAbortedError: [WinError 10053] An established connection was aborted by the software in your host machine
----------------------------------------
----------------------------------------
Exception occurred during processing of request from ('127.0.0.1', 59482)
Traceback (most recent call last):
  File "C:\Users\kishw\AppData\Local\Programs\Python\Python314\Lib\socketserver.py", line 697, in process_request_thread
    self.finish_request(request, client_address)
    ~~~~~~~~~~~~~~~~~~~^^^^^^^^^^^^^^^^^^^^^^^^^
  File "C:\Users\kishw\AppData\Local\Programs\Python\Python314\Lib\socketserver.py", line 362, in finish_request
    self.RequestHandlerClass(request, client_address, self)
    ~~~~~~~~~~~~~~~~~~~~~~~~^^^^^^^^^^^^^^^^^^^^^^^^^^^^^^^
  File "C:\Users\kishw\AppData\Local\Programs\Python\Python314\Lib\socketserver.py", line 766, in __init__
    self.handle()
    ~~~~~~~~~~~^^
  File "C:\Users\kishw\OneDrive\Desktop\ccxs\services\ftp_service.py", line 161, in handle
    raw = self.request.recv(2048)
ConnectionResetError: [WinError 10054] An existing connection was forcibly closed by the remote host
----------------------------------------
Exception (server): Error reading SSH protocol banner[WinError 10053] An established connection was aborted by the software in your host machine
Traceback (most recent call last):
  File "C:\Users\kishw\AppData\Local\Programs\Python\Python314\Lib\site-packages\paramiko\transport.py", line 2213, in _check_banner
    buf = self.packetizer.readline(timeout)
  File "C:\Users\kishw\AppData\Local\Programs\Python\Python314\Lib\site-packages\paramiko\packet.py", line 395, in readline
    buf += self._read_timeout(timeout)
           ~~~~~~~~~~~~~~~~~~^^^^^^^^^
  File "C:\Users\kishw\AppData\Local\Programs\Python\Python314\Lib\site-packages\paramiko\packet.py", line 663, in _read_timeout
    x = self.__socket.recv(128)
ConnectionAbortedError: [WinError 10053] An established connection was aborted by the software in your host machine

During handling of the above exception, another exception occurred:

Traceback (most recent call last):
  File "C:\Users\kishw\AppData\Local\Programs\Python\Python314\Lib\site-packages\paramiko\transport.py", line 2029, in run
    self._check_banner()
    ~~~~~~~~~~~~~~~~~~^^
  File "C:\Users\kishw\AppData\Local\Programs\Python\Python314\Lib\site-packages\paramiko\transport.py", line 2217, in _check_banner
    raise SSHException(
        "Error reading SSH protocol banner" + str(e)
    )
paramiko.ssh_exception.SSHException: Error reading SSH protocol banner[WinError 10053] An established connection was aborted by the software in your host machine

----------------------------------------
Exception occurred during processing of request from ('127.0.0.1', 59488)
Traceback (most recent call last):
  File "C:\Users\kishw\AppData\Local\Programs\Python\Python314\Lib\socketserver.py", line 697, in process_request_thread
    self.finish_request(request, client_address)
    ~~~~~~~~~~~~~~~~~~~^^^^^^^^^^^^^^^^^^^^^^^^^
  File "C:\Users\kishw\AppData\Local\Programs\Python\Python314\Lib\socketserver.py", line 362, in finish_request
    self.RequestHandlerClass(request, client_address, self)
    ~~~~~~~~~~~~~~~~~~~~~~~~^^^^^^^^^^^^^^^^^^^^^^^^^^^^^^^
  File "C:\Users\kishw\AppData\Local\Programs\Python\Python314\Lib\socketserver.py", line 766, in __init__
    self.handle()
    ~~~~~~~~~~~^^
  File "C:\Users\kishw\OneDrive\Desktop\ccxs\services\smb_service.py", line 78, in handle
    self.send("smb-01: " + flag("smb-01"))
    ~~~~~~~~~^^^^^^^^^^^^^^^^^^^^^^^^^^^^^
  File "C:\Users\kishw\OneDrive\Desktop\ccxs\services\smb_service.py", line 72, in send
    self.wfile.write((text + "\r\n").encode("utf-8", "replace"))
    ~~~~~~~~~~~~~~~~^^^^^^^^^^^^^^^^^^^^^^^^^^^^^^^^^^^^^^^^^^^^
  File "C:\Users\kishw\AppData\Local\Programs\Python\Python314\Lib\socketserver.py", line 845, in write
    self._sock.sendall(b)
    ~~~~~~~~~~~~~~~~~~^^^
ConnectionAbortedError: [WinError 10053] An established connection was aborted by the software in your host machine
----------------------------------------
----------------------------------------
Exception occurred during processing of request from ('127.0.0.1', 59493)
Traceback (most recent call last):
  File "C:\Users\kishw\AppData\Local\Programs\Python\Python314\Lib\socketserver.py", line 697, in process_request_thread
    self.finish_request(request, client_address)
    ~~~~~~~~~~~~~~~~~~~^^^^^^^^^^^^^^^^^^^^^^^^^
  File "C:\Users\kishw\AppData\Local\Programs\Python\Python314\Lib\socketserver.py", line 362, in finish_request
    self.RequestHandlerClass(request, client_address, self)
    ~~~~~~~~~~~~~~~~~~~~~~~~^^^^^^^^^^^^^^^^^^^^^^^^^^^^^^^
  File "C:\Users\kishw\AppData\Local\Programs\Python\Python314\Lib\socketserver.py", line 766, in __init__
    self.handle()
    ~~~~~~~~~~~^^
  File "C:\Users\kishw\OneDrive\Desktop\ccxs\services\ftp_service.py", line 161, in handle
    raw = self.request.recv(2048)
Exception (server): Error reading SSH protocol banner[WinError 10053] An established connection was aborted by the software in your host machine
ConnectionAbortedError: [WinError 10053] An established connection was aborted by the software in your host machine
----------------------------------------
Traceback (most recent call last):
  File "C:\Users\kishw\AppData\Local\Programs\Python\Python314\Lib\site-packages\paramiko\transport.py", line 2213, in _check_banner
    buf = self.packetizer.readline(timeout)
  File "C:\Users\kishw\AppData\Local\Programs\Python\Python314\Lib\site-packages\paramiko\packet.py", line 395, in readline
    buf += self._read_timeout(timeout)
           ~~~~~~~~~~~~~~~~~~^^^^^^^^^
  File "C:\Users\kishw\AppData\Local\Programs\Python\Python314\Lib\site-packages\paramiko\packet.py", line 663, in _read_timeout
    x = self.__socket.recv(128)
ConnectionAbortedError: [WinError 10053] An established connection was aborted by the software in your host machine

During handling of the above exception, another exception occurred:

Traceback (most recent call last):
  File "C:\Users\kishw\AppData\Local\Programs\Python\Python314\Lib\site-packages\paramiko\transport.py", line 2029, in run
    self._check_banner()
    ~~~~~~~~~~~~~~~~~~^^
  File "C:\Users\kishw\AppData\Local\Programs\Python\Python314\Lib\site-packages\paramiko\transport.py", line 2217, in _check_banner
    raise SSHException(
        "Error reading SSH protocol banner" + str(e)
    )
paramiko.ssh_exception.SSHException: Error reading SSH protocol banner[WinError 10053] An established connection was aborted by the software in your host machine

----------------------------------------
Exception occurred during processing of request from ('127.0.0.1', 59499)
Traceback (most recent call last):
  File "C:\Users\kishw\AppData\Local\Programs\Python\Python314\Lib\socketserver.py", line 697, in process_request_thread
    self.finish_request(request, client_address)
    ~~~~~~~~~~~~~~~~~~~^^^^^^^^^^^^^^^^^^^^^^^^^
  File "C:\Users\kishw\AppData\Local\Programs\Python\Python314\Lib\socketserver.py", line 362, in finish_request
    self.RequestHandlerClass(request, client_address, self)
    ~~~~~~~~~~~~~~~~~~~~~~~~^^^^^^^^^^^^^^^^^^^^^^^^^^^^^^^
  File "C:\Users\kishw\AppData\Local\Programs\Python\Python314\Lib\socketserver.py", line 766, in __init__
    self.handle()
    ~~~~~~~~~~~^^
  File "C:\Users\kishw\OneDrive\Desktop\ccxs\services\smb_service.py", line 78, in handle
    self.send("smb-01: " + flag("smb-01"))
    ~~~~~~~~~^^^^^^^^^^^^^^^^^^^^^^^^^^^^^
  File "C:\Users\kishw\OneDrive\Desktop\ccxs\services\smb_service.py", line 72, in send
    self.wfile.write((text + "\r\n").encode("utf-8", "replace"))
    ~~~~~~~~~~~~~~~~^^^^^^^^^^^^^^^^^^^^^^^^^^^^^^^^^^^^^^^^^^^^
  File "C:\Users\kishw\AppData\Local\Programs\Python\Python314\Lib\socketserver.py", line 845, in write
    self._sock.sendall(b)
    ~~~~~~~~~~~~~~~~~~^^^
ConnectionAbortedError: [WinError 10053] An established connection was aborted by the software in your host machine
----------------------------------------
----------------------------------------
Exception occurred during processing of request from ('127.0.0.1', 51371)
Traceback (most recent call last):
  File "C:\Users\kishw\AppData\Local\Programs\Python\Python314\Lib\socketserver.py", line 697, in process_request_thread
    self.finish_request(request, client_address)
    ~~~~~~~~~~~~~~~~~~~^^^^^^^^^^^^^^^^^^^^^^^^^
  File "C:\Users\kishw\AppData\Local\Programs\Python\Python314\Lib\socketserver.py", line 362, in finish_request
    self.RequestHandlerClass(request, client_address, self)
    ~~~~~~~~~~~~~~~~~~~~~~~~^^^^^^^^^^^^^^^^^^^^^^^^^^^^^^^
  File "C:\Users\kishw\AppData\Local\Programs\Python\Python314\Lib\socketserver.py", line 766, in __init__
    self.handle()
    ~~~~~~~~~~~^^
  File "C:\Users\kishw\OneDrive\Desktop\ccxs\services\ftp_service.py", line 161, in handle
    raw = self.request.recv(2048)
ConnectionResetError: [WinError 10054] An existing connection was forcibly closed by the remote host
----------------------------------------
Exception (server): Error reading SSH protocol banner[WinError 10053] An established connection was aborted by the software in your host machine
Traceback (most recent call last):
  File "C:\Users\kishw\AppData\Local\Programs\Python\Python314\Lib\site-packages\paramiko\transport.py", line 2213, in _check_banner
    buf = self.packetizer.readline(timeout)
  File "C:\Users\kishw\AppData\Local\Programs\Python\Python314\Lib\site-packages\paramiko\packet.py", line 395, in readline
    buf += self._read_timeout(timeout)
           ~~~~~~~~~~~~~~~~~~^^^^^^^^^
  File "C:\Users\kishw\AppData\Local\Programs\Python\Python314\Lib\site-packages\paramiko\packet.py", line 663, in _read_timeout
    x = self.__socket.recv(128)
ConnectionAbortedError: [WinError 10053] An established connection was aborted by the software in your host machine

During handling of the above exception, another exception occurred:

Traceback (most recent call last):
  File "C:\Users\kishw\AppData\Local\Programs\Python\Python314\Lib\site-packages\paramiko\transport.py", line 2029, in run
    self._check_banner()
    ~~~~~~~~~~~~~~~~~~^^
  File "C:\Users\kishw\AppData\Local\Programs\Python\Python314\Lib\site-packages\paramiko\transport.py", line 2217, in _check_banner
    raise SSHException(
        "Error reading SSH protocol banner" + str(e)
    )
paramiko.ssh_exception.SSHException: Error reading SSH protocol banner[WinError 10053] An established connection was aborted by the software in your host machine

----------------------------------------
Exception occurred during processing of request from ('127.0.0.1', 51378)
Traceback (most recent call last):
  File "C:\Users\kishw\AppData\Local\Programs\Python\Python314\Lib\socketserver.py", line 697, in process_request_thread
    self.finish_request(request, client_address)
    ~~~~~~~~~~~~~~~~~~~^^^^^^^^^^^^^^^^^^^^^^^^^
  File "C:\Users\kishw\AppData\Local\Programs\Python\Python314\Lib\socketserver.py", line 362, in finish_request
    self.RequestHandlerClass(request, client_address, self)
    ~~~~~~~~~~~~~~~~~~~~~~~~^^^^^^^^^^^^^^^^^^^^^^^^^^^^^^^
  File "C:\Users\kishw\AppData\Local\Programs\Python\Python314\Lib\socketserver.py", line 766, in __init__
    self.handle()
    ~~~~~~~~~~~^^
  File "C:\Users\kishw\OneDrive\Desktop\ccxs\services\smb_service.py", line 78, in handle
    self.send("smb-01: " + flag("smb-01"))
    ~~~~~~~~~^^^^^^^^^^^^^^^^^^^^^^^^^^^^^
  File "C:\Users\kishw\OneDrive\Desktop\ccxs\services\smb_service.py", line 72, in send
    self.wfile.write((text + "\r\n").encode("utf-8", "replace"))
    ~~~~~~~~~~~~~~~~^^^^^^^^^^^^^^^^^^^^^^^^^^^^^^^^^^^^^^^^^^^^
  File "C:\Users\kishw\AppData\Local\Programs\Python\Python314\Lib\socketserver.py", line 845, in write
    self._sock.sendall(b)
    ~~~~~~~~~~~~~~~~~~^^^
ConnectionAbortedError: [WinError 10053] An established connection was aborted by the software in your host machine
----------------------------------------
----------------------------------------
Exception occurred during processing of request from ('127.0.0.1', 51384)
Traceback (most recent call last):
  File "C:\Users\kishw\AppData\Local\Programs\Python\Python314\Lib\socketserver.py", line 697, in process_request_thread
    self.finish_request(request, client_address)
    ~~~~~~~~~~~~~~~~~~~^^^^^^^^^^^^^^^^^^^^^^^^^
  File "C:\Users\kishw\AppData\Local\Programs\Python\Python314\Lib\socketserver.py", line 362, in finish_request
    self.RequestHandlerClass(request, client_address, self)
    ~~~~~~~~~~~~~~~~~~~~~~~~^^^^^^^^^^^^^^^^^^^^^^^^^^^^^^^
  File "C:\Users\kishw\AppData\Local\Programs\Python\Python314\Lib\socketserver.py", line 766, in __init__
    self.handle()
    ~~~~~~~~~~~^^
  File "C:\Users\kishw\OneDrive\Desktop\ccxs\services\ftp_service.py", line 161, in handle
    raw = self.request.recv(2048)
ConnectionResetError: [WinError 10054] An existing connection was forcibly closed by the remote host
----------------------------------------
Exception (server): Error reading SSH protocol banner[WinError 10053] An established connection was aborted by the software in your host machine
Traceback (most recent call last):
  File "C:\Users\kishw\AppData\Local\Programs\Python\Python314\Lib\site-packages\paramiko\transport.py", line 2213, in _check_banner
    buf = self.packetizer.readline(timeout)
  File "C:\Users\kishw\AppData\Local\Programs\Python\Python314\Lib\site-packages\paramiko\packet.py", line 395, in readline
    buf += self._read_timeout(timeout)
           ~~~~~~~~~~~~~~~~~~^^^^^^^^^
  File "C:\Users\kishw\AppData\Local\Programs\Python\Python314\Lib\site-packages\paramiko\packet.py", line 663, in _read_timeout
    x = self.__socket.recv(128)
ConnectionAbortedError: [WinError 10053] An established connection was aborted by the software in your host machine

During handling of the above exception, another exception occurred:

Traceback (most recent call last):
  File "C:\Users\kishw\AppData\Local\Programs\Python\Python314\Lib\site-packages\paramiko\transport.py", line 2029, in run
    self._check_banner()
    ~~~~~~~~~~~~~~~~~~^^
  File "C:\Users\kishw\AppData\Local\Programs\Python\Python314\Lib\site-packages\paramiko\transport.py", line 2217, in _check_banner
    raise SSHException(
        "Error reading SSH protocol banner" + str(e)
    )
paramiko.ssh_exception.SSHException: Error reading SSH protocol banner[WinError 10053] An established connection was aborted by the software in your host machine

----------------------------------------
Exception occurred during processing of request from ('127.0.0.1', 51390)
Traceback (most recent call last):
  File "C:\Users\kishw\AppData\Local\Programs\Python\Python314\Lib\socketserver.py", line 697, in process_request_thread
    self.finish_request(request, client_address)
    ~~~~~~~~~~~~~~~~~~~^^^^^^^^^^^^^^^^^^^^^^^^^
  File "C:\Users\kishw\AppData\Local\Programs\Python\Python314\Lib\socketserver.py", line 362, in finish_request
    self.RequestHandlerClass(request, client_address, self)
    ~~~~~~~~~~~~~~~~~~~~~~~~^^^^^^^^^^^^^^^^^^^^^^^^^^^^^^^
  File "C:\Users\kishw\AppData\Local\Programs\Python\Python314\Lib\socketserver.py", line 766, in __init__
    self.handle()
    ~~~~~~~~~~~^^
  File "C:\Users\kishw\OneDrive\Desktop\ccxs\services\smb_service.py", line 78, in handle
    self.send("smb-01: " + flag("smb-01"))
    ~~~~~~~~~^^^^^^^^^^^^^^^^^^^^^^^^^^^^^
  File "C:\Users\kishw\OneDrive\Desktop\ccxs\services\smb_service.py", line 72, in send
    self.wfile.write((text + "\r\n").encode("utf-8", "replace"))
    ~~~~~~~~~~~~~~~~^^^^^^^^^^^^^^^^^^^^^^^^^^^^^^^^^^^^^^^^^^^^
  File "C:\Users\kishw\AppData\Local\Programs\Python\Python314\Lib\socketserver.py", line 845, in write
    self._sock.sendall(b)
    ~~~~~~~~~~~~~~~~~~^^^
ConnectionAbortedError: [WinError 10053] An established connection was aborted by the software in your host machine
----------------------------------------
----------------------------------------
Exception occurred during processing of request from ('127.0.0.1', 51414)
Traceback (most recent call last):
  File "C:\Users\kishw\AppData\Local\Programs\Python\Python314\Lib\socketserver.py", line 697, in process_request_thread
    self.finish_request(request, client_address)
    ~~~~~~~~~~~~~~~~~~~^^^^^^^^^^^^^^^^^^^^^^^^^
  File "C:\Users\kishw\AppData\Local\Programs\Python\Python314\Lib\socketserver.py", line 362, in finish_request
    self.RequestHandlerClass(request, client_address, self)
    ~~~~~~~~~~~~~~~~~~~~~~~~^^^^^^^^^^^^^^^^^^^^^^^^^^^^^^^
  File "C:\Users\kishw\AppData\Local\Programs\Python\Python314\Lib\socketserver.py", line 766, in __init__
    self.handle()
    ~~~~~~~~~~~^^
  File "C:\Users\kishw\OneDrive\Desktop\ccxs\services\ftp_service.py", line 161, in handle
    raw = self.request.recv(2048)
ConnectionAbortedError: [WinError 10053] An established connection was aborted by the software in your host machine
----------------------------------------
Exception (server): Error reading SSH protocol banner[WinError 10054] An existing connection was forcibly closed by the remote host
Traceback (most recent call last):
  File "C:\Users\kishw\AppData\Local\Programs\Python\Python314\Lib\site-packages\paramiko\transport.py", line 2213, in _check_banner
    buf = self.packetizer.readline(timeout)
  File "C:\Users\kishw\AppData\Local\Programs\Python\Python314\Lib\site-packages\paramiko\packet.py", line 395, in readline
    buf += self._read_timeout(timeout)
           ~~~~~~~~~~~~~~~~~~^^^^^^^^^
  File "C:\Users\kishw\AppData\Local\Programs\Python\Python314\Lib\site-packages\paramiko\packet.py", line 663, in _read_timeout
    x = self.__socket.recv(128)
ConnectionResetError: [WinError 10054] An existing connection was forcibly closed by the remote host

During handling of the above exception, another exception occurred:

Traceback (most recent call last):
  File "C:\Users\kishw\AppData\Local\Programs\Python\Python314\Lib\site-packages\paramiko\transport.py", line 2029, in run
    self._check_banner()
    ~~~~~~~~~~~~~~~~~~^^
  File "C:\Users\kishw\AppData\Local\Programs\Python\Python314\Lib\site-packages\paramiko\transport.py", line 2217, in _check_banner
    raise SSHException(
        "Error reading SSH protocol banner" + str(e)
    )
paramiko.ssh_exception.SSHException: Error reading SSH protocol banner[WinError 10054] An existing connection was forcibly closed by the remote host

----------------------------------------
Exception occurred during processing of request from ('127.0.0.1', 51421)
Traceback (most recent call last):
  File "C:\Users\kishw\AppData\Local\Programs\Python\Python314\Lib\socketserver.py", line 697, in process_request_thread
    self.finish_request(request, client_address)
    ~~~~~~~~~~~~~~~~~~~^^^^^^^^^^^^^^^^^^^^^^^^^
  File "C:\Users\kishw\AppData\Local\Programs\Python\Python314\Lib\socketserver.py", line 362, in finish_request
    self.RequestHandlerClass(request, client_address, self)
    ~~~~~~~~~~~~~~~~~~~~~~~~^^^^^^^^^^^^^^^^^^^^^^^^^^^^^^^
  File "C:\Users\kishw\AppData\Local\Programs\Python\Python314\Lib\socketserver.py", line 766, in __init__
    self.handle()
    ~~~~~~~~~~~^^
  File "C:\Users\kishw\OneDrive\Desktop\ccxs\services\smb_service.py", line 78, in handle
    self.send("smb-01: " + flag("smb-01"))
    ~~~~~~~~~^^^^^^^^^^^^^^^^^^^^^^^^^^^^^
  File "C:\Users\kishw\OneDrive\Desktop\ccxs\services\smb_service.py", line 72, in send
    self.wfile.write((text + "\r\n").encode("utf-8", "replace"))
    ~~~~~~~~~~~~~~~~^^^^^^^^^^^^^^^^^^^^^^^^^^^^^^^^^^^^^^^^^^^^
  File "C:\Users\kishw\AppData\Local\Programs\Python\Python314\Lib\socketserver.py", line 845, in write
    self._sock.sendall(b)
    ~~~~~~~~~~~~~~~~~~^^^
ConnectionAbortedError: [WinError 10053] An established connection was aborted by the software in your host machine
----------------------------------------
----------------------------------------
Exception occurred during processing of request from ('127.0.0.1', 51376)
Traceback (most recent call last):
  File "C:\Users\kishw\AppData\Local\Programs\Python\Python314\Lib\socketserver.py", line 697, in process_request_thread
    self.finish_request(request, client_address)
    ~~~~~~~~~~~~~~~~~~~^^^^^^^^^^^^^^^^^^^^^^^^^
  File "C:\Users\kishw\AppData\Local\Programs\Python\Python314\Lib\socketserver.py", line 362, in finish_request
    self.RequestHandlerClass(request, client_address, self)
    ~~~~~~~~~~~~~~~~~~~~~~~~^^^^^^^^^^^^^^^^^^^^^^^^^^^^^^^
  File "C:\Users\kishw\AppData\Local\Programs\Python\Python314\Lib\socketserver.py", line 766, in __init__
    self.handle()
    ~~~~~~~~~~~^^
  File "C:\Users\kishw\OneDrive\Desktop\ccxs\services\ftp_service.py", line 161, in handle
    raw = self.request.recv(2048)
ConnectionAbortedError: [WinError 10053] An established connection was aborted by the software in your host machine
----------------------------------------
Exception (server): Error reading SSH protocol banner[WinError 10053] An established connection was aborted by the software in your host machine
Traceback (most recent call last):
  File "C:\Users\kishw\AppData\Local\Programs\Python\Python314\Lib\site-packages\paramiko\transport.py", line 2213, in _check_banner
    buf = self.packetizer.readline(timeout)
  File "C:\Users\kishw\AppData\Local\Programs\Python\Python314\Lib\site-packages\paramiko\packet.py", line 395, in readline
    buf += self._read_timeout(timeout)
           ~~~~~~~~~~~~~~~~~~^^^^^^^^^
  File "C:\Users\kishw\AppData\Local\Programs\Python\Python314\Lib\site-packages\paramiko\packet.py", line 663, in _read_timeout
    x = self.__socket.recv(128)
ConnectionAbortedError: [WinError 10053] An established connection was aborted by the software in your host machine

During handling of the above exception, another exception occurred:

Traceback (most recent call last):
  File "C:\Users\kishw\AppData\Local\Programs\Python\Python314\Lib\site-packages\paramiko\transport.py", line 2029, in run
    self._check_banner()
    ~~~~~~~~~~~~~~~~~~^^
  File "C:\Users\kishw\AppData\Local\Programs\Python\Python314\Lib\site-packages\paramiko\transport.py", line 2217, in _check_banner
    raise SSHException(
        "Error reading SSH protocol banner" + str(e)
    )
paramiko.ssh_exception.SSHException: Error reading SSH protocol banner[WinError 10053] An established connection was aborted by the software in your host machine

----------------------------------------
Exception occurred during processing of request from ('127.0.0.1', 51390)
Traceback (most recent call last):
  File "C:\Users\kishw\AppData\Local\Programs\Python\Python314\Lib\socketserver.py", line 697, in process_request_thread
    self.finish_request(request, client_address)
    ~~~~~~~~~~~~~~~~~~~^^^^^^^^^^^^^^^^^^^^^^^^^
  File "C:\Users\kishw\AppData\Local\Programs\Python\Python314\Lib\socketserver.py", line 362, in finish_request
    self.RequestHandlerClass(request, client_address, self)
    ~~~~~~~~~~~~~~~~~~~~~~~~^^^^^^^^^^^^^^^^^^^^^^^^^^^^^^^
  File "C:\Users\kishw\AppData\Local\Programs\Python\Python314\Lib\socketserver.py", line 766, in __init__
    self.handle()
    ~~~~~~~~~~~^^
  File "C:\Users\kishw\OneDrive\Desktop\ccxs\services\smb_service.py", line 78, in handle
    self.send("smb-01: " + flag("smb-01"))
    ~~~~~~~~~^^^^^^^^^^^^^^^^^^^^^^^^^^^^^
  File "C:\Users\kishw\OneDrive\Desktop\ccxs\services\smb_service.py", line 72, in send
    self.wfile.write((text + "\r\n").encode("utf-8", "replace"))
    ~~~~~~~~~~~~~~~~^^^^^^^^^^^^^^^^^^^^^^^^^^^^^^^^^^^^^^^^^^^^
  File "C:\Users\kishw\AppData\Local\Programs\Python\Python314\Lib\socketserver.py", line 845, in write
    self._sock.sendall(b)
    ~~~~~~~~~~~~~~~~~~^^^
ConnectionAbortedError: [WinError 10053] An established connection was aborted by the software in your host machine
----------------------------------------
----------------------------------------
Exception occurred during processing of request from ('127.0.0.1', 49466)
Traceback (most recent call last):
  File "C:\Users\kishw\AppData\Local\Programs\Python\Python314\Lib\socketserver.py", line 697, in process_request_thread
    self.finish_request(request, client_address)
    ~~~~~~~~~~~~~~~~~~~^^^^^^^^^^^^^^^^^^^^^^^^^
  File "C:\Users\kishw\AppData\Local\Programs\Python\Python314\Lib\socketserver.py", line 362, in finish_request
    self.RequestHandlerClass(request, client_address, self)
    ~~~~~~~~~~~~~~~~~~~~~~~~^^^^^^^^^^^^^^^^^^^^^^^^^^^^^^^
  File "C:\Users\kishw\AppData\Local\Programs\Python\Python314\Lib\socketserver.py", line 766, in __init__
    self.handle()
    ~~~~~~~~~~~^^
  File "C:\Users\kishw\OneDrive\Desktop\ccxs\services\ftp_service.py", line 161, in handle
    raw = self.request.recv(2048)
ConnectionAbortedError: [WinError 10053] An established connection was aborted by the software in your host machine
----------------------------------------
Exception (server): Error reading SSH protocol banner[WinError 10054] An existing connection was forcibly closed by the remote host
Traceback (most recent call last):
  File "C:\Users\kishw\AppData\Local\Programs\Python\Python314\Lib\site-packages\paramiko\transport.py", line 2213, in _check_banner
    buf = self.packetizer.readline(timeout)
  File "C:\Users\kishw\AppData\Local\Programs\Python\Python314\Lib\site-packages\paramiko\packet.py", line 395, in readline
    buf += self._read_timeout(timeout)
           ~~~~~~~~~~~~~~~~~~^^^^^^^^^
  File "C:\Users\kishw\AppData\Local\Programs\Python\Python314\Lib\site-packages\paramiko\packet.py", line 663, in _read_timeout
    x = self.__socket.recv(128)
ConnectionResetError: [WinError 10054] An existing connection was forcibly closed by the remote host

During handling of the above exception, another exception occurred:

Traceback (most recent call last):
  File "C:\Users\kishw\AppData\Local\Programs\Python\Python314\Lib\site-packages\paramiko\transport.py", line 2029, in run
    self._check_banner()
    ~~~~~~~~~~~~~~~~~~^^
  File "C:\Users\kishw\AppData\Local\Programs\Python\Python314\Lib\site-packages\paramiko\transport.py", line 2217, in _check_banner
    raise SSHException(
        "Error reading SSH protocol banner" + str(e)
    )
paramiko.ssh_exception.SSHException: Error reading SSH protocol banner[WinError 10054] An existing connection was forcibly closed by the remote host

----------------------------------------
Exception occurred during processing of request from ('127.0.0.1', 49472)
Traceback (most recent call last):
  File "C:\Users\kishw\AppData\Local\Programs\Python\Python314\Lib\socketserver.py", line 697, in process_request_thread
    self.finish_request(request, client_address)
    ~~~~~~~~~~~~~~~~~~~^^^^^^^^^^^^^^^^^^^^^^^^^
  File "C:\Users\kishw\AppData\Local\Programs\Python\Python314\Lib\socketserver.py", line 362, in finish_request
    self.RequestHandlerClass(request, client_address, self)
    ~~~~~~~~~~~~~~~~~~~~~~~~^^^^^^^^^^^^^^^^^^^^^^^^^^^^^^^
  File "C:\Users\kishw\AppData\Local\Programs\Python\Python314\Lib\socketserver.py", line 766, in __init__
    self.handle()
    ~~~~~~~~~~~^^
  File "C:\Users\kishw\OneDrive\Desktop\ccxs\services\smb_service.py", line 78, in handle
    self.send("smb-01: " + flag("smb-01"))
    ~~~~~~~~~^^^^^^^^^^^^^^^^^^^^^^^^^^^^^
  File "C:\Users\kishw\OneDrive\Desktop\ccxs\services\smb_service.py", line 72, in send
    self.wfile.write((text + "\r\n").encode("utf-8", "replace"))
    ~~~~~~~~~~~~~~~~^^^^^^^^^^^^^^^^^^^^^^^^^^^^^^^^^^^^^^^^^^^^
  File "C:\Users\kishw\AppData\Local\Programs\Python\Python314\Lib\socketserver.py", line 845, in write
    self._sock.sendall(b)
    ~~~~~~~~~~~~~~~~~~^^^
ConnectionAbortedError: [WinError 10053] An established connection was aborted by the software in your host machine
----------------------------------------
----------------------------------------
Exception occurred during processing of request from ('127.0.0.1', 60373)
Traceback (most recent call last):
  File "C:\Users\kishw\AppData\Local\Programs\Python\Python314\Lib\socketserver.py", line 697, in process_request_thread
    self.finish_request(request, client_address)
    ~~~~~~~~~~~~~~~~~~~^^^^^^^^^^^^^^^^^^^^^^^^^
  File "C:\Users\kishw\AppData\Local\Programs\Python\Python314\Lib\socketserver.py", line 362, in finish_request
    self.RequestHandlerClass(request, client_address, self)
    ~~~~~~~~~~~~~~~~~~~~~~~~^^^^^^^^^^^^^^^^^^^^^^^^^^^^^^^
  File "C:\Users\kishw\AppData\Local\Programs\Python\Python314\Lib\socketserver.py", line 766, in __init__
    self.handle()
    ~~~~~~~~~~~^^
  File "C:\Users\kishw\OneDrive\Desktop\ccxs\services\ftp_service.py", line 161, in handle
    raw = self.request.recv(2048)
ConnectionAbortedError: [WinError 10053] An established connection was aborted by the software in your host machine
----------------------------------------
Exception (server): Error reading SSH protocol banner[WinError 10053] An established connection was aborted by the software in your host machine
Traceback (most recent call last):
  File "C:\Users\kishw\AppData\Local\Programs\Python\Python314\Lib\site-packages\paramiko\transport.py", line 2213, in _check_banner
    buf = self.packetizer.readline(timeout)
  File "C:\Users\kishw\AppData\Local\Programs\Python\Python314\Lib\site-packages\paramiko\packet.py", line 395, in readline
    buf += self._read_timeout(timeout)
           ~~~~~~~~~~~~~~~~~~^^^^^^^^^
  File "C:\Users\kishw\AppData\Local\Programs\Python\Python314\Lib\site-packages\paramiko\packet.py", line 663, in _read_timeout
    x = self.__socket.recv(128)
ConnectionAbortedError: [WinError 10053] An established connection was aborted by the software in your host machine

During handling of the above exception, another exception occurred:

Traceback (most recent call last):
  File "C:\Users\kishw\AppData\Local\Programs\Python\Python314\Lib\site-packages\paramiko\transport.py", line 2029, in run
    self._check_banner()
    ~~~~~~~~~~~~~~~~~~^^
  File "C:\Users\kishw\AppData\Local\Programs\Python\Python314\Lib\site-packages\paramiko\transport.py", line 2217, in _check_banner
    raise SSHException(
        "Error reading SSH protocol banner" + str(e)
    )
paramiko.ssh_exception.SSHException: Error reading SSH protocol banner[WinError 10053] An established connection was aborted by the software in your host machine

----------------------------------------
Exception occurred during processing of request from ('127.0.0.1', 60379)
Traceback (most recent call last):
  File "C:\Users\kishw\AppData\Local\Programs\Python\Python314\Lib\socketserver.py", line 697, in process_request_thread
    self.finish_request(request, client_address)
    ~~~~~~~~~~~~~~~~~~~^^^^^^^^^^^^^^^^^^^^^^^^^
  File "C:\Users\kishw\AppData\Local\Programs\Python\Python314\Lib\socketserver.py", line 362, in finish_request
    self.RequestHandlerClass(request, client_address, self)
    ~~~~~~~~~~~~~~~~~~~~~~~~^^^^^^^^^^^^^^^^^^^^^^^^^^^^^^^
  File "C:\Users\kishw\AppData\Local\Programs\Python\Python314\Lib\socketserver.py", line 766, in __init__
    self.handle()
    ~~~~~~~~~~~^^
  File "C:\Users\kishw\OneDrive\Desktop\ccxs\services\smb_service.py", line 78, in handle
    self.send("smb-01: " + flag("smb-01"))
    ~~~~~~~~~^^^^^^^^^^^^^^^^^^^^^^^^^^^^^
  File "C:\Users\kishw\OneDrive\Desktop\ccxs\services\smb_service.py", line 72, in send
    self.wfile.write((text + "\r\n").encode("utf-8", "replace"))
    ~~~~~~~~~~~~~~~~^^^^^^^^^^^^^^^^^^^^^^^^^^^^^^^^^^^^^^^^^^^^
  File "C:\Users\kishw\AppData\Local\Programs\Python\Python314\Lib\socketserver.py", line 845, in write
    self._sock.sendall(b)
    ~~~~~~~~~~~~~~~~~~^^^
ConnectionAbortedError: [WinError 10053] An established connection was aborted by the software in your host machine
----------------------------------------
----------------------------------------
Exception occurred during processing of request from ('127.0.0.1', 60395)
Traceback (most recent call last):
  File "C:\Users\kishw\AppData\Local\Programs\Python\Python314\Lib\socketserver.py", line 697, in process_request_thread
    self.finish_request(request, client_address)
    ~~~~~~~~~~~~~~~~~~~^^^^^^^^^^^^^^^^^^^^^^^^^
  File "C:\Users\kishw\AppData\Local\Programs\Python\Python314\Lib\socketserver.py", line 362, in finish_request
    self.RequestHandlerClass(request, client_address, self)
    ~~~~~~~~~~~~~~~~~~~~~~~~^^^^^^^^^^^^^^^^^^^^^^^^^^^^^^^
  File "C:\Users\kishw\AppData\Local\Programs\Python\Python314\Lib\socketserver.py", line 766, in __init__
    self.handle()
    ~~~~~~~~~~~^^
Exception (server): Error reading SSH protocol banner[WinError 10053] An established connection was aborted by the software in your host machine
  File "C:\Users\kishw\OneDrive\Desktop\ccxs\services\ftp_service.py", line 161, in handle
    raw = self.request.recv(2048)
ConnectionAbortedError: [WinError 10053] An established connection was aborted by the software in your host machine
----------------------------------------
Traceback (most recent call last):
  File "C:\Users\kishw\AppData\Local\Programs\Python\Python314\Lib\site-packages\paramiko\transport.py", line 2213, in _check_banner
    buf = self.packetizer.readline(timeout)
  File "C:\Users\kishw\AppData\Local\Programs\Python\Python314\Lib\site-packages\paramiko\packet.py", line 395, in readline
    buf += self._read_timeout(timeout)
           ~~~~~~~~~~~~~~~~~~^^^^^^^^^
  File "C:\Users\kishw\AppData\Local\Programs\Python\Python314\Lib\site-packages\paramiko\packet.py", line 663, in _read_timeout
    x = self.__socket.recv(128)
ConnectionAbortedError: [WinError 10053] An established connection was aborted by the software in your host machine

During handling of the above exception, another exception occurred:

Traceback (most recent call last):
  File "C:\Users\kishw\AppData\Local\Programs\Python\Python314\Lib\site-packages\paramiko\transport.py", line 2029, in run
    self._check_banner()
    ~~~~~~~~~~~~~~~~~~^^
  File "C:\Users\kishw\AppData\Local\Programs\Python\Python314\Lib\site-packages\paramiko\transport.py", line 2217, in _check_banner
    raise SSHException(
        "Error reading SSH protocol banner" + str(e)
    )
paramiko.ssh_exception.SSHException: Error reading SSH protocol banner[WinError 10053] An established connection was aborted by the software in your host machine

----------------------------------------
Exception occurred during processing of request from ('127.0.0.1', 60401)
Traceback (most recent call last):
  File "C:\Users\kishw\AppData\Local\Programs\Python\Python314\Lib\socketserver.py", line 697, in process_request_thread
    self.finish_request(request, client_address)
    ~~~~~~~~~~~~~~~~~~~^^^^^^^^^^^^^^^^^^^^^^^^^
  File "C:\Users\kishw\AppData\Local\Programs\Python\Python314\Lib\socketserver.py", line 362, in finish_request
    self.RequestHandlerClass(request, client_address, self)
    ~~~~~~~~~~~~~~~~~~~~~~~~^^^^^^^^^^^^^^^^^^^^^^^^^^^^^^^
  File "C:\Users\kishw\AppData\Local\Programs\Python\Python314\Lib\socketserver.py", line 766, in __init__
    self.handle()
    ~~~~~~~~~~~^^
  File "C:\Users\kishw\OneDrive\Desktop\ccxs\services\smb_service.py", line 78, in handle
    self.send("smb-01: " + flag("smb-01"))
    ~~~~~~~~~^^^^^^^^^^^^^^^^^^^^^^^^^^^^^
  File "C:\Users\kishw\OneDrive\Desktop\ccxs\services\smb_service.py", line 72, in send
    self.wfile.write((text + "\r\n").encode("utf-8", "replace"))
    ~~~~~~~~~~~~~~~~^^^^^^^^^^^^^^^^^^^^^^^^^^^^^^^^^^^^^^^^^^^^
  File "C:\Users\kishw\AppData\Local\Programs\Python\Python314\Lib\socketserver.py", line 845, in write
    self._sock.sendall(b)
    ~~~~~~~~~~~~~~~~~~^^^
ConnectionAbortedError: [WinError 10053] An established connection was aborted by the software in your host machine
----------------------------------------
----------------------------------------
Exception occurred during processing of request from ('127.0.0.1', 54949)
Traceback (most recent call last):
  File "C:\Users\kishw\AppData\Local\Programs\Python\Python314\Lib\socketserver.py", line 697, in process_request_thread
    self.finish_request(request, client_address)
    ~~~~~~~~~~~~~~~~~~~^^^^^^^^^^^^^^^^^^^^^^^^^
  File "C:\Users\kishw\AppData\Local\Programs\Python\Python314\Lib\socketserver.py", line 362, in finish_request
    self.RequestHandlerClass(request, client_address, self)
    ~~~~~~~~~~~~~~~~~~~~~~~~^^^^^^^^^^^^^^^^^^^^^^^^^^^^^^^
  File "C:\Users\kishw\AppData\Local\Programs\Python\Python314\Lib\socketserver.py", line 766, in __init__
    self.handle()
    ~~~~~~~~~~~^^
  File "C:\Users\kishw\OneDrive\Desktop\ccxs\services\ftp_service.py", line 161, in handle
    raw = self.request.recv(2048)
ConnectionAbortedError: [WinError 10053] An established connection was aborted by the software in your host machine
----------------------------------------
Exception (server): Error reading SSH protocol banner[WinError 10053] An established connection was aborted by the software in your host machine
Traceback (most recent call last):
  File "C:\Users\kishw\AppData\Local\Programs\Python\Python314\Lib\site-packages\paramiko\transport.py", line 2213, in _check_banner
    buf = self.packetizer.readline(timeout)
  File "C:\Users\kishw\AppData\Local\Programs\Python\Python314\Lib\site-packages\paramiko\packet.py", line 395, in readline
    buf += self._read_timeout(timeout)
           ~~~~~~~~~~~~~~~~~~^^^^^^^^^
  File "C:\Users\kishw\AppData\Local\Programs\Python\Python314\Lib\site-packages\paramiko\packet.py", line 663, in _read_timeout
    x = self.__socket.recv(128)
ConnectionAbortedError: [WinError 10053] An established connection was aborted by the software in your host machine

During handling of the above exception, another exception occurred:

Traceback (most recent call last):
  File "C:\Users\kishw\AppData\Local\Programs\Python\Python314\Lib\site-packages\paramiko\transport.py", line 2029, in run
    self._check_banner()
    ~~~~~~~~~~~~~~~~~~^^
  File "C:\Users\kishw\AppData\Local\Programs\Python\Python314\Lib\site-packages\paramiko\transport.py", line 2217, in _check_banner
    raise SSHException(
        "Error reading SSH protocol banner" + str(e)
    )
paramiko.ssh_exception.SSHException: Error reading SSH protocol banner[WinError 10053] An established connection was aborted by the software in your host machine

----------------------------------------
Exception occurred during processing of request from ('127.0.0.1', 54955)
Traceback (most recent call last):
  File "C:\Users\kishw\AppData\Local\Programs\Python\Python314\Lib\socketserver.py", line 697, in process_request_thread
    self.finish_request(request, client_address)
    ~~~~~~~~~~~~~~~~~~~^^^^^^^^^^^^^^^^^^^^^^^^^
  File "C:\Users\kishw\AppData\Local\Programs\Python\Python314\Lib\socketserver.py", line 362, in finish_request
    self.RequestHandlerClass(request, client_address, self)
    ~~~~~~~~~~~~~~~~~~~~~~~~^^^^^^^^^^^^^^^^^^^^^^^^^^^^^^^
  File "C:\Users\kishw\AppData\Local\Programs\Python\Python314\Lib\socketserver.py", line 766, in __init__
    self.handle()
    ~~~~~~~~~~~^^
  File "C:\Users\kishw\OneDrive\Desktop\ccxs\services\smb_service.py", line 78, in handle
    self.send("smb-01: " + flag("smb-01"))
    ~~~~~~~~~^^^^^^^^^^^^^^^^^^^^^^^^^^^^^
  File "C:\Users\kishw\OneDrive\Desktop\ccxs\services\smb_service.py", line 72, in send
    self.wfile.write((text + "\r\n").encode("utf-8", "replace"))
    ~~~~~~~~~~~~~~~~^^^^^^^^^^^^^^^^^^^^^^^^^^^^^^^^^^^^^^^^^^^^
  File "C:\Users\kishw\AppData\Local\Programs\Python\Python314\Lib\socketserver.py", line 845, in write
    self._sock.sendall(b)
    ~~~~~~~~~~~~~~~~~~^^^
ConnectionAbortedError: [WinError 10053] An established connection was aborted by the software in your host machine
----------------------------------------
----------------------------------------
Exception occurred during processing of request from ('127.0.0.1', 54966)
Traceback (most recent call last):
  File "C:\Users\kishw\AppData\Local\Programs\Python\Python314\Lib\socketserver.py", line 697, in process_request_thread
    self.finish_request(request, client_address)
    ~~~~~~~~~~~~~~~~~~~^^^^^^^^^^^^^^^^^^^^^^^^^
  File "C:\Users\kishw\AppData\Local\Programs\Python\Python314\Lib\socketserver.py", line 362, in finish_request
    self.RequestHandlerClass(request, client_address, self)
    ~~~~~~~~~~~~~~~~~~~~~~~~^^^^^^^^^^^^^^^^^^^^^^^^^^^^^^^
  File "C:\Users\kishw\AppData\Local\Programs\Python\Python314\Lib\socketserver.py", line 766, in __init__
    self.handle()
    ~~~~~~~~~~~^^
  File "C:\Users\kishw\OneDrive\Desktop\ccxs\services\ftp_service.py", line 161, in handle
    raw = self.request.recv(2048)
ConnectionResetError: [WinError 10054] An existing connection was forcibly closed by the remote host
----------------------------------------
Exception (server): Error reading SSH protocol banner[WinError 10053] An established connection was aborted by the software in your host machine
Traceback (most recent call last):
  File "C:\Users\kishw\AppData\Local\Programs\Python\Python314\Lib\site-packages\paramiko\transport.py", line 2213, in _check_banner
    buf = self.packetizer.readline(timeout)
  File "C:\Users\kishw\AppData\Local\Programs\Python\Python314\Lib\site-packages\paramiko\packet.py", line 395, in readline
    buf += self._read_timeout(timeout)
           ~~~~~~~~~~~~~~~~~~^^^^^^^^^
  File "C:\Users\kishw\AppData\Local\Programs\Python\Python314\Lib\site-packages\paramiko\packet.py", line 663, in _read_timeout
    x = self.__socket.recv(128)
ConnectionAbortedError: [WinError 10053] An established connection was aborted by the software in your host machine

During handling of the above exception, another exception occurred:

Traceback (most recent call last):
  File "C:\Users\kishw\AppData\Local\Programs\Python\Python314\Lib\site-packages\paramiko\transport.py", line 2029, in run
    self._check_banner()
    ~~~~~~~~~~~~~~~~~~^^
  File "C:\Users\kishw\AppData\Local\Programs\Python\Python314\Lib\site-packages\paramiko\transport.py", line 2217, in _check_banner
    raise SSHException(
        "Error reading SSH protocol banner" + str(e)
    )
paramiko.ssh_exception.SSHException: Error reading SSH protocol banner[WinError 10053] An established connection was aborted by the software in your host machine

----------------------------------------
Exception occurred during processing of request from ('127.0.0.1', 54972)
Traceback (most recent call last):
  File "C:\Users\kishw\AppData\Local\Programs\Python\Python314\Lib\socketserver.py", line 697, in process_request_thread
    self.finish_request(request, client_address)
    ~~~~~~~~~~~~~~~~~~~^^^^^^^^^^^^^^^^^^^^^^^^^
  File "C:\Users\kishw\AppData\Local\Programs\Python\Python314\Lib\socketserver.py", line 362, in finish_request
    self.RequestHandlerClass(request, client_address, self)
    ~~~~~~~~~~~~~~~~~~~~~~~~^^^^^^^^^^^^^^^^^^^^^^^^^^^^^^^
  File "C:\Users\kishw\AppData\Local\Programs\Python\Python314\Lib\socketserver.py", line 766, in __init__
    self.handle()
    ~~~~~~~~~~~^^
  File "C:\Users\kishw\OneDrive\Desktop\ccxs\services\smb_service.py", line 78, in handle
    self.send("smb-01: " + flag("smb-01"))
    ~~~~~~~~~^^^^^^^^^^^^^^^^^^^^^^^^^^^^^
  File "C:\Users\kishw\OneDrive\Desktop\ccxs\services\smb_service.py", line 72, in send
    self.wfile.write((text + "\r\n").encode("utf-8", "replace"))
    ~~~~~~~~~~~~~~~~^^^^^^^^^^^^^^^^^^^^^^^^^^^^^^^^^^^^^^^^^^^^
  File "C:\Users\kishw\AppData\Local\Programs\Python\Python314\Lib\socketserver.py", line 845, in write
    self._sock.sendall(b)
    ~~~~~~~~~~~~~~~~~~^^^
ConnectionAbortedError: [WinError 10053] An established connection was aborted by the software in your host machine
----------------------------------------
----------------------------------------
Exception occurred during processing of request from ('127.0.0.1', 63282)
Traceback (most recent call last):
  File "C:\Users\kishw\AppData\Local\Programs\Python\Python314\Lib\socketserver.py", line 697, in process_request_thread
    self.finish_request(request, client_address)
    ~~~~~~~~~~~~~~~~~~~^^^^^^^^^^^^^^^^^^^^^^^^^
  File "C:\Users\kishw\AppData\Local\Programs\Python\Python314\Lib\socketserver.py", line 362, in finish_request
    self.RequestHandlerClass(request, client_address, self)
    ~~~~~~~~~~~~~~~~~~~~~~~~^^^^^^^^^^^^^^^^^^^^^^^^^^^^^^^
  File "C:\Users\kishw\AppData\Local\Programs\Python\Python314\Lib\socketserver.py", line 766, in __init__
    self.handle()
    ~~~~~~~~~~~^^
  File "C:\Users\kishw\OneDrive\Desktop\ccxs\services\ftp_service.py", line 161, in handle
    raw = self.request.recv(2048)
ConnectionResetError: [WinError 10054] An existing connection was forcibly closed by the remote host
----------------------------------------
Exception (server): Error reading SSH protocol banner[WinError 10053] An established connection was aborted by the software in your host machine
Traceback (most recent call last):
  File "C:\Users\kishw\AppData\Local\Programs\Python\Python314\Lib\site-packages\paramiko\transport.py", line 2213, in _check_banner
    buf = self.packetizer.readline(timeout)
  File "C:\Users\kishw\AppData\Local\Programs\Python\Python314\Lib\site-packages\paramiko\packet.py", line 395, in readline
    buf += self._read_timeout(timeout)
           ~~~~~~~~~~~~~~~~~~^^^^^^^^^
  File "C:\Users\kishw\AppData\Local\Programs\Python\Python314\Lib\site-packages\paramiko\packet.py", line 663, in _read_timeout
    x = self.__socket.recv(128)
ConnectionAbortedError: [WinError 10053] An established connection was aborted by the software in your host machine

During handling of the above exception, another exception occurred:

Traceback (most recent call last):
  File "C:\Users\kishw\AppData\Local\Programs\Python\Python314\Lib\site-packages\paramiko\transport.py", line 2029, in run
    self._check_banner()
    ~~~~~~~~~~~~~~~~~~^^
  File "C:\Users\kishw\AppData\Local\Programs\Python\Python314\Lib\site-packages\paramiko\transport.py", line 2217, in _check_banner
    raise SSHException(
        "Error reading SSH protocol banner" + str(e)
    )
paramiko.ssh_exception.SSHException: Error reading SSH protocol banner[WinError 10053] An established connection was aborted by the software in your host machine

----------------------------------------
Exception occurred during processing of request from ('127.0.0.1', 63288)
Traceback (most recent call last):
  File "C:\Users\kishw\AppData\Local\Programs\Python\Python314\Lib\socketserver.py", line 697, in process_request_thread
    self.finish_request(request, client_address)
    ~~~~~~~~~~~~~~~~~~~^^^^^^^^^^^^^^^^^^^^^^^^^
  File "C:\Users\kishw\AppData\Local\Programs\Python\Python314\Lib\socketserver.py", line 362, in finish_request
    self.RequestHandlerClass(request, client_address, self)
    ~~~~~~~~~~~~~~~~~~~~~~~~^^^^^^^^^^^^^^^^^^^^^^^^^^^^^^^
  File "C:\Users\kishw\AppData\Local\Programs\Python\Python314\Lib\socketserver.py", line 766, in __init__
    self.handle()
    ~~~~~~~~~~~^^
  File "C:\Users\kishw\OneDrive\Desktop\ccxs\services\smb_service.py", line 78, in handle
    self.send("smb-01: " + flag("smb-01"))
    ~~~~~~~~~^^^^^^^^^^^^^^^^^^^^^^^^^^^^^
  File "C:\Users\kishw\OneDrive\Desktop\ccxs\services\smb_service.py", line 72, in send
    self.wfile.write((text + "\r\n").encode("utf-8", "replace"))
    ~~~~~~~~~~~~~~~~^^^^^^^^^^^^^^^^^^^^^^^^^^^^^^^^^^^^^^^^^^^^
  File "C:\Users\kishw\AppData\Local\Programs\Python\Python314\Lib\socketserver.py", line 845, in write
    self._sock.sendall(b)
    ~~~~~~~~~~~~~~~~~~^^^
ConnectionAbortedError: [WinError 10053] An established connection was aborted by the software in your host machine
----------------------------------------
----------------------------------------
Exception occurred during processing of request from ('127.0.0.1', 49405)
Traceback (most recent call last):
  File "C:\Users\kishw\AppData\Local\Programs\Python\Python314\Lib\socketserver.py", line 697, in process_request_thread
    self.finish_request(request, client_address)
    ~~~~~~~~~~~~~~~~~~~^^^^^^^^^^^^^^^^^^^^^^^^^
  File "C:\Users\kishw\AppData\Local\Programs\Python\Python314\Lib\socketserver.py", line 362, in finish_request
    self.RequestHandlerClass(request, client_address, self)
    ~~~~~~~~~~~~~~~~~~~~~~~~^^^^^^^^^^^^^^^^^^^^^^^^^^^^^^^
  File "C:\Users\kishw\AppData\Local\Programs\Python\Python314\Lib\socketserver.py", line 766, in __init__
    self.handle()
    ~~~~~~~~~~~^^
  File "C:\Users\kishw\OneDrive\Desktop\ccxs\services\ftp_service.py", line 161, in handle
    raw = self.request.recv(2048)
ConnectionResetError: [WinError 10054] An existing connection was forcibly closed by the remote host
----------------------------------------
Exception (server): Error reading SSH protocol banner[WinError 10054] An existing connection was forcibly closed by the remote host
Traceback (most recent call last):
  File "C:\Users\kishw\AppData\Local\Programs\Python\Python314\Lib\site-packages\paramiko\transport.py", line 2213, in _check_banner
    buf = self.packetizer.readline(timeout)
  File "C:\Users\kishw\AppData\Local\Programs\Python\Python314\Lib\site-packages\paramiko\packet.py", line 395, in readline
    buf += self._read_timeout(timeout)
           ~~~~~~~~~~~~~~~~~~^^^^^^^^^
  File "C:\Users\kishw\AppData\Local\Programs\Python\Python314\Lib\site-packages\paramiko\packet.py", line 663, in _read_timeout
    x = self.__socket.recv(128)
ConnectionResetError: [WinError 10054] An existing connection was forcibly closed by the remote host

During handling of the above exception, another exception occurred:

Traceback (most recent call last):
  File "C:\Users\kishw\AppData\Local\Programs\Python\Python314\Lib\site-packages\paramiko\transport.py", line 2029, in run
    self._check_banner()
    ~~~~~~~~~~~~~~~~~~^^
  File "C:\Users\kishw\AppData\Local\Programs\Python\Python314\Lib\site-packages\paramiko\transport.py", line 2217, in _check_banner
    raise SSHException(
        "Error reading SSH protocol banner" + str(e)
    )
paramiko.ssh_exception.SSHException: Error reading SSH protocol banner[WinError 10054] An existing connection was forcibly closed by the remote host

----------------------------------------
Exception occurred during processing of request from ('127.0.0.1', 49411)
Traceback (most recent call last):
  File "C:\Users\kishw\AppData\Local\Programs\Python\Python314\Lib\socketserver.py", line 697, in process_request_thread
    self.finish_request(request, client_address)
    ~~~~~~~~~~~~~~~~~~~^^^^^^^^^^^^^^^^^^^^^^^^^
  File "C:\Users\kishw\AppData\Local\Programs\Python\Python314\Lib\socketserver.py", line 362, in finish_request
    self.RequestHandlerClass(request, client_address, self)
    ~~~~~~~~~~~~~~~~~~~~~~~~^^^^^^^^^^^^^^^^^^^^^^^^^^^^^^^
  File "C:\Users\kishw\AppData\Local\Programs\Python\Python314\Lib\socketserver.py", line 766, in __init__
    self.handle()
    ~~~~~~~~~~~^^
  File "C:\Users\kishw\OneDrive\Desktop\ccxs\services\smb_service.py", line 78, in handle
    self.send("smb-01: " + flag("smb-01"))
    ~~~~~~~~~^^^^^^^^^^^^^^^^^^^^^^^^^^^^^
  File "C:\Users\kishw\OneDrive\Desktop\ccxs\services\smb_service.py", line 72, in send
    self.wfile.write((text + "\r\n").encode("utf-8", "replace"))
    ~~~~~~~~~~~~~~~~^^^^^^^^^^^^^^^^^^^^^^^^^^^^^^^^^^^^^^^^^^^^
  File "C:\Users\kishw\AppData\Local\Programs\Python\Python314\Lib\socketserver.py", line 845, in write
    self._sock.sendall(b)
    ~~~~~~~~~~~~~~~~~~^^^
ConnectionAbortedError: [WinError 10053] An established connection was aborted by the software in your host machine
----------------------------------------
----------------------------------------
Exception occurred during processing of request from ('127.0.0.1', 50746)
Traceback (most recent call last):
  File "C:\Users\kishw\AppData\Local\Programs\Python\Python314\Lib\socketserver.py", line 697, in process_request_thread
    self.finish_request(request, client_address)
    ~~~~~~~~~~~~~~~~~~~^^^^^^^^^^^^^^^^^^^^^^^^^
  File "C:\Users\kishw\AppData\Local\Programs\Python\Python314\Lib\socketserver.py", line 362, in finish_request
    self.RequestHandlerClass(request, client_address, self)
    ~~~~~~~~~~~~~~~~~~~~~~~~^^^^^^^^^^^^^^^^^^^^^^^^^^^^^^^
  File "C:\Users\kishw\AppData\Local\Programs\Python\Python314\Lib\socketserver.py", line 766, in __init__
    self.handle()
    ~~~~~~~~~~~^^
  File "C:\Users\kishw\OneDrive\Desktop\ccxs\services\ftp_service.py", line 161, in handle
    raw = self.request.recv(2048)
Exception (server): Error reading SSH protocol banner[WinError 10053] An established connection was aborted by the software in your host machine
ConnectionAbortedError: [WinError 10053] An established connection was aborted by the software in your host machine
----------------------------------------
Traceback (most recent call last):
  File "C:\Users\kishw\AppData\Local\Programs\Python\Python314\Lib\site-packages\paramiko\transport.py", line 2213, in _check_banner
    buf = self.packetizer.readline(timeout)
  File "C:\Users\kishw\AppData\Local\Programs\Python\Python314\Lib\site-packages\paramiko\packet.py", line 395, in readline
    buf += self._read_timeout(timeout)
           ~~~~~~~~~~~~~~~~~~^^^^^^^^^
  File "C:\Users\kishw\AppData\Local\Programs\Python\Python314\Lib\site-packages\paramiko\packet.py", line 663, in _read_timeout
    x = self.__socket.recv(128)
ConnectionAbortedError: [WinError 10053] An established connection was aborted by the software in your host machine

During handling of the above exception, another exception occurred:

Traceback (most recent call last):
  File "C:\Users\kishw\AppData\Local\Programs\Python\Python314\Lib\site-packages\paramiko\transport.py", line 2029, in run
    self._check_banner()
    ~~~~~~~~~~~~~~~~~~^^
  File "C:\Users\kishw\AppData\Local\Programs\Python\Python314\Lib\site-packages\paramiko\transport.py", line 2217, in _check_banner
    raise SSHException(
        "Error reading SSH protocol banner" + str(e)
    )
paramiko.ssh_exception.SSHException: Error reading SSH protocol banner[WinError 10053] An established connection was aborted by the software in your host machine

----------------------------------------
Exception occurred during processing of request from ('127.0.0.1', 50752)
Traceback (most recent call last):
  File "C:\Users\kishw\AppData\Local\Programs\Python\Python314\Lib\socketserver.py", line 697, in process_request_thread
    self.finish_request(request, client_address)
    ~~~~~~~~~~~~~~~~~~~^^^^^^^^^^^^^^^^^^^^^^^^^
  File "C:\Users\kishw\AppData\Local\Programs\Python\Python314\Lib\socketserver.py", line 362, in finish_request
    self.RequestHandlerClass(request, client_address, self)
    ~~~~~~~~~~~~~~~~~~~~~~~~^^^^^^^^^^^^^^^^^^^^^^^^^^^^^^^
  File "C:\Users\kishw\AppData\Local\Programs\Python\Python314\Lib\socketserver.py", line 766, in __init__
    self.handle()
    ~~~~~~~~~~~^^
  File "C:\Users\kishw\OneDrive\Desktop\ccxs\services\smb_service.py", line 78, in handle
    self.send("smb-01: " + flag("smb-01"))
    ~~~~~~~~~^^^^^^^^^^^^^^^^^^^^^^^^^^^^^
  File "C:\Users\kishw\OneDrive\Desktop\ccxs\services\smb_service.py", line 72, in send
    self.wfile.write((text + "\r\n").encode("utf-8", "replace"))
    ~~~~~~~~~~~~~~~~^^^^^^^^^^^^^^^^^^^^^^^^^^^^^^^^^^^^^^^^^^^^
  File "C:\Users\kishw\AppData\Local\Programs\Python\Python314\Lib\socketserver.py", line 845, in write
    self._sock.sendall(b)
    ~~~~~~~~~~~~~~~~~~^^^
ConnectionAbortedError: [WinError 10053] An established connection was aborted by the software in your host machine
----------------------------------------
----------------------------------------
Exception occurred during processing of request from ('127.0.0.1', 59802)
Traceback (most recent call last):
  File "C:\Users\kishw\AppData\Local\Programs\Python\Python314\Lib\socketserver.py", line 697, in process_request_thread
    self.finish_request(request, client_address)
    ~~~~~~~~~~~~~~~~~~~^^^^^^^^^^^^^^^^^^^^^^^^^
  File "C:\Users\kishw\AppData\Local\Programs\Python\Python314\Lib\socketserver.py", line 362, in finish_request
    self.RequestHandlerClass(request, client_address, self)
    ~~~~~~~~~~~~~~~~~~~~~~~~^^^^^^^^^^^^^^^^^^^^^^^^^^^^^^^
  File "C:\Users\kishw\AppData\Local\Programs\Python\Python314\Lib\socketserver.py", line 766, in __init__
    self.handle()
    ~~~~~~~~~~~^^
  File "C:\Users\kishw\OneDrive\Desktop\ccxs\services\ftp_service.py", line 161, in handle
    raw = self.request.recv(2048)
ConnectionAbortedError: [WinError 10053] An established connection was aborted by the software in your host machine
----------------------------------------
Exception (server): Error reading SSH protocol banner[WinError 10053] An established connection was aborted by the software in your host machine
Traceback (most recent call last):
  File "C:\Users\kishw\AppData\Local\Programs\Python\Python314\Lib\site-packages\paramiko\transport.py", line 2213, in _check_banner
    buf = self.packetizer.readline(timeout)
  File "C:\Users\kishw\AppData\Local\Programs\Python\Python314\Lib\site-packages\paramiko\packet.py", line 395, in readline
    buf += self._read_timeout(timeout)
           ~~~~~~~~~~~~~~~~~~^^^^^^^^^
  File "C:\Users\kishw\AppData\Local\Programs\Python\Python314\Lib\site-packages\paramiko\packet.py", line 663, in _read_timeout
    x = self.__socket.recv(128)
ConnectionAbortedError: [WinError 10053] An established connection was aborted by the software in your host machine

During handling of the above exception, another exception occurred:

Traceback (most recent call last):
  File "C:\Users\kishw\AppData\Local\Programs\Python\Python314\Lib\site-packages\paramiko\transport.py", line 2029, in run
    self._check_banner()
    ~~~~~~~~~~~~~~~~~~^^
  File "C:\Users\kishw\AppData\Local\Programs\Python\Python314\Lib\site-packages\paramiko\transport.py", line 2217, in _check_banner
    raise SSHException(
        "Error reading SSH protocol banner" + str(e)
    )
paramiko.ssh_exception.SSHException: Error reading SSH protocol banner[WinError 10053] An established connection was aborted by the software in your host machine

----------------------------------------
Exception occurred during processing of request from ('127.0.0.1', 59808)
Traceback (most recent call last):
  File "C:\Users\kishw\AppData\Local\Programs\Python\Python314\Lib\socketserver.py", line 697, in process_request_thread
    self.finish_request(request, client_address)
    ~~~~~~~~~~~~~~~~~~~^^^^^^^^^^^^^^^^^^^^^^^^^
  File "C:\Users\kishw\AppData\Local\Programs\Python\Python314\Lib\socketserver.py", line 362, in finish_request
    self.RequestHandlerClass(request, client_address, self)
    ~~~~~~~~~~~~~~~~~~~~~~~~^^^^^^^^^^^^^^^^^^^^^^^^^^^^^^^
  File "C:\Users\kishw\AppData\Local\Programs\Python\Python314\Lib\socketserver.py", line 766, in __init__
    self.handle()
    ~~~~~~~~~~~^^
  File "C:\Users\kishw\OneDrive\Desktop\ccxs\services\smb_service.py", line 78, in handle
    self.send("smb-01: " + flag("smb-01"))
    ~~~~~~~~~^^^^^^^^^^^^^^^^^^^^^^^^^^^^^
  File "C:\Users\kishw\OneDrive\Desktop\ccxs\services\smb_service.py", line 72, in send
    self.wfile.write((text + "\r\n").encode("utf-8", "replace"))
    ~~~~~~~~~~~~~~~~^^^^^^^^^^^^^^^^^^^^^^^^^^^^^^^^^^^^^^^^^^^^
  File "C:\Users\kishw\AppData\Local\Programs\Python\Python314\Lib\socketserver.py", line 845, in write
    self._sock.sendall(b)
    ~~~~~~~~~~~~~~~~~~^^^
ConnectionAbortedError: [WinError 10053] An established connection was aborted by the software in your host machine
----------------------------------------
----------------------------------------
Exception occurred during processing of request from ('127.0.0.1', 59815)
Traceback (most recent call last):
  File "C:\Users\kishw\AppData\Local\Programs\Python\Python314\Lib\socketserver.py", line 697, in process_request_thread
    self.finish_request(request, client_address)
    ~~~~~~~~~~~~~~~~~~~^^^^^^^^^^^^^^^^^^^^^^^^^
  File "C:\Users\kishw\AppData\Local\Programs\Python\Python314\Lib\socketserver.py", line 362, in finish_request
    self.RequestHandlerClass(request, client_address, self)
    ~~~~~~~~~~~~~~~~~~~~~~~~^^^^^^^^^^^^^^^^^^^^^^^^^^^^^^^
  File "C:\Users\kishw\AppData\Local\Programs\Python\Python314\Lib\socketserver.py", line 766, in __init__
    self.handle()
    ~~~~~~~~~~~^^
  File "C:\Users\kishw\OneDrive\Desktop\ccxs\services\ftp_service.py", line 161, in handle
    raw = self.request.recv(2048)
ConnectionResetError: [WinError 10054] An existing connection was forcibly closed by the remote host
----------------------------------------
Exception (server): Error reading SSH protocol banner[WinError 10053] An established connection was aborted by the software in your host machine
Traceback (most recent call last):
  File "C:\Users\kishw\AppData\Local\Programs\Python\Python314\Lib\site-packages\paramiko\transport.py", line 2213, in _check_banner
    buf = self.packetizer.readline(timeout)
  File "C:\Users\kishw\AppData\Local\Programs\Python\Python314\Lib\site-packages\paramiko\packet.py", line 395, in readline
    buf += self._read_timeout(timeout)
           ~~~~~~~~~~~~~~~~~~^^^^^^^^^
  File "C:\Users\kishw\AppData\Local\Programs\Python\Python314\Lib\site-packages\paramiko\packet.py", line 663, in _read_timeout
    x = self.__socket.recv(128)
ConnectionAbortedError: [WinError 10053] An established connection was aborted by the software in your host machine

During handling of the above exception, another exception occurred:

Traceback (most recent call last):
  File "C:\Users\kishw\AppData\Local\Programs\Python\Python314\Lib\site-packages\paramiko\transport.py", line 2029, in run
    self._check_banner()
    ~~~~~~~~~~~~~~~~~~^^
  File "C:\Users\kishw\AppData\Local\Programs\Python\Python314\Lib\site-packages\paramiko\transport.py", line 2217, in _check_banner
    raise SSHException(
        "Error reading SSH protocol banner" + str(e)
    )
paramiko.ssh_exception.SSHException: Error reading SSH protocol banner[WinError 10053] An established connection was aborted by the software in your host machine

----------------------------------------
Exception occurred during processing of request from ('127.0.0.1', 59821)
Traceback (most recent call last):
  File "C:\Users\kishw\AppData\Local\Programs\Python\Python314\Lib\socketserver.py", line 697, in process_request_thread
    self.finish_request(request, client_address)
    ~~~~~~~~~~~~~~~~~~~^^^^^^^^^^^^^^^^^^^^^^^^^
  File "C:\Users\kishw\AppData\Local\Programs\Python\Python314\Lib\socketserver.py", line 362, in finish_request
    self.RequestHandlerClass(request, client_address, self)
    ~~~~~~~~~~~~~~~~~~~~~~~~^^^^^^^^^^^^^^^^^^^^^^^^^^^^^^^
  File "C:\Users\kishw\AppData\Local\Programs\Python\Python314\Lib\socketserver.py", line 766, in __init__
    self.handle()
    ~~~~~~~~~~~^^
  File "C:\Users\kishw\OneDrive\Desktop\ccxs\services\smb_service.py", line 78, in handle
    self.send("smb-01: " + flag("smb-01"))
    ~~~~~~~~~^^^^^^^^^^^^^^^^^^^^^^^^^^^^^
  File "C:\Users\kishw\OneDrive\Desktop\ccxs\services\smb_service.py", line 72, in send
    self.wfile.write((text + "\r\n").encode("utf-8", "replace"))
    ~~~~~~~~~~~~~~~~^^^^^^^^^^^^^^^^^^^^^^^^^^^^^^^^^^^^^^^^^^^^
  File "C:\Users\kishw\AppData\Local\Programs\Python\Python314\Lib\socketserver.py", line 845, in write
    self._sock.sendall(b)
    ~~~~~~~~~~~~~~~~~~^^^
ConnectionAbortedError: [WinError 10053] An established connection was aborted by the software in your host machine
----------------------------------------
----------------------------------------
Exception occurred during processing of request from ('127.0.0.1', 61751)
Traceback (most recent call last):
  File "C:\Users\kishw\AppData\Local\Programs\Python\Python314\Lib\socketserver.py", line 697, in process_request_thread
    self.finish_request(request, client_address)
    ~~~~~~~~~~~~~~~~~~~^^^^^^^^^^^^^^^^^^^^^^^^^
  File "C:\Users\kishw\AppData\Local\Programs\Python\Python314\Lib\socketserver.py", line 362, in finish_request
    self.RequestHandlerClass(request, client_address, self)
    ~~~~~~~~~~~~~~~~~~~~~~~~^^^^^^^^^^^^^^^^^^^^^^^^^^^^^^^
  File "C:\Users\kishw\AppData\Local\Programs\Python\Python314\Lib\socketserver.py", line 766, in __init__
    self.handle()
    ~~~~~~~~~~~^^
  File "C:\Users\kishw\OneDrive\Desktop\ccxs\services\ftp_service.py", line 161, in handle
    raw = self.request.recv(2048)
ConnectionResetError: [WinError 10054] An existing connection was forcibly closed by the remote host
----------------------------------------
Exception (server): Error reading SSH protocol banner[WinError 10054] An existing connection was forcibly closed by the remote host
Traceback (most recent call last):
  File "C:\Users\kishw\AppData\Local\Programs\Python\Python314\Lib\site-packages\paramiko\transport.py", line 2213, in _check_banner
    buf = self.packetizer.readline(timeout)
  File "C:\Users\kishw\AppData\Local\Programs\Python\Python314\Lib\site-packages\paramiko\packet.py", line 395, in readline
    buf += self._read_timeout(timeout)
           ~~~~~~~~~~~~~~~~~~^^^^^^^^^
  File "C:\Users\kishw\AppData\Local\Programs\Python\Python314\Lib\site-packages\paramiko\packet.py", line 663, in _read_timeout
    x = self.__socket.recv(128)
ConnectionResetError: [WinError 10054] An existing connection was forcibly closed by the remote host

During handling of the above exception, another exception occurred:

Traceback (most recent call last):
  File "C:\Users\kishw\AppData\Local\Programs\Python\Python314\Lib\site-packages\paramiko\transport.py", line 2029, in run
    self._check_banner()
    ~~~~~~~~~~~~~~~~~~^^
  File "C:\Users\kishw\AppData\Local\Programs\Python\Python314\Lib\site-packages\paramiko\transport.py", line 2217, in _check_banner
    raise SSHException(
        "Error reading SSH protocol banner" + str(e)
    )
paramiko.ssh_exception.SSHException: Error reading SSH protocol banner[WinError 10054] An existing connection was forcibly closed by the remote host

----------------------------------------
Exception occurred during processing of request from ('127.0.0.1', 61757)
Traceback (most recent call last):
  File "C:\Users\kishw\AppData\Local\Programs\Python\Python314\Lib\socketserver.py", line 697, in process_request_thread
    self.finish_request(request, client_address)
    ~~~~~~~~~~~~~~~~~~~^^^^^^^^^^^^^^^^^^^^^^^^^
  File "C:\Users\kishw\AppData\Local\Programs\Python\Python314\Lib\socketserver.py", line 362, in finish_request
    self.RequestHandlerClass(request, client_address, self)
    ~~~~~~~~~~~~~~~~~~~~~~~~^^^^^^^^^^^^^^^^^^^^^^^^^^^^^^^
  File "C:\Users\kishw\AppData\Local\Programs\Python\Python314\Lib\socketserver.py", line 766, in __init__
    self.handle()
    ~~~~~~~~~~~^^
  File "C:\Users\kishw\OneDrive\Desktop\ccxs\services\smb_service.py", line 78, in handle
    self.send("smb-01: " + flag("smb-01"))
    ~~~~~~~~~^^^^^^^^^^^^^^^^^^^^^^^^^^^^^
  File "C:\Users\kishw\OneDrive\Desktop\ccxs\services\smb_service.py", line 72, in send
    self.wfile.write((text + "\r\n").encode("utf-8", "replace"))
    ~~~~~~~~~~~~~~~~^^^^^^^^^^^^^^^^^^^^^^^^^^^^^^^^^^^^^^^^^^^^
  File "C:\Users\kishw\AppData\Local\Programs\Python\Python314\Lib\socketserver.py", line 845, in write
    self._sock.sendall(b)
    ~~~~~~~~~~~~~~~~~~^^^
ConnectionAbortedError: [WinError 10053] An established connection was aborted by the software in your host machine
----------------------------------------
----------------------------------------
Exception occurred during processing of request from ('127.0.0.1', 54128)
Traceback (most recent call last):
  File "C:\Users\kishw\AppData\Local\Programs\Python\Python314\Lib\socketserver.py", line 697, in process_request_thread
    self.finish_request(request, client_address)
    ~~~~~~~~~~~~~~~~~~~^^^^^^^^^^^^^^^^^^^^^^^^^
  File "C:\Users\kishw\AppData\Local\Programs\Python\Python314\Lib\socketserver.py", line 362, in finish_request
    self.RequestHandlerClass(request, client_address, self)
    ~~~~~~~~~~~~~~~~~~~~~~~~^^^^^^^^^^^^^^^^^^^^^^^^^^^^^^^
  File "C:\Users\kishw\AppData\Local\Programs\Python\Python314\Lib\socketserver.py", line 766, in __init__
    self.handle()
    ~~~~~~~~~~~^^
  File "C:\Users\kishw\OneDrive\Desktop\ccxs\services\ftp_service.py", line 161, in handle
    raw = self.request.recv(2048)
ConnectionAbortedError: [WinError 10053] An established connection was aborted by the software in your host machine
----------------------------------------
Exception (server): Error reading SSH protocol banner[WinError 10053] An established connection was aborted by the software in your host machine
Traceback (most recent call last):
  File "C:\Users\kishw\AppData\Local\Programs\Python\Python314\Lib\site-packages\paramiko\transport.py", line 2213, in _check_banner
    buf = self.packetizer.readline(timeout)
  File "C:\Users\kishw\AppData\Local\Programs\Python\Python314\Lib\site-packages\paramiko\packet.py", line 395, in readline
    buf += self._read_timeout(timeout)
           ~~~~~~~~~~~~~~~~~~^^^^^^^^^
  File "C:\Users\kishw\AppData\Local\Programs\Python\Python314\Lib\site-packages\paramiko\packet.py", line 663, in _read_timeout
    x = self.__socket.recv(128)
ConnectionAbortedError: [WinError 10053] An established connection was aborted by the software in your host machine

During handling of the above exception, another exception occurred:

Traceback (most recent call last):
  File "C:\Users\kishw\AppData\Local\Programs\Python\Python314\Lib\site-packages\paramiko\transport.py", line 2029, in run
    self._check_banner()
    ~~~~~~~~~~~~~~~~~~^^
  File "C:\Users\kishw\AppData\Local\Programs\Python\Python314\Lib\site-packages\paramiko\transport.py", line 2217, in _check_banner
    raise SSHException(
        "Error reading SSH protocol banner" + str(e)
    )
paramiko.ssh_exception.SSHException: Error reading SSH protocol banner[WinError 10053] An established connection was aborted by the software in your host machine

----------------------------------------
Exception occurred during processing of request from ('127.0.0.1', 54134)
Traceback (most recent call last):
  File "C:\Users\kishw\AppData\Local\Programs\Python\Python314\Lib\socketserver.py", line 697, in process_request_thread
    self.finish_request(request, client_address)
    ~~~~~~~~~~~~~~~~~~~^^^^^^^^^^^^^^^^^^^^^^^^^
  File "C:\Users\kishw\AppData\Local\Programs\Python\Python314\Lib\socketserver.py", line 362, in finish_request
    self.RequestHandlerClass(request, client_address, self)
    ~~~~~~~~~~~~~~~~~~~~~~~~^^^^^^^^^^^^^^^^^^^^^^^^^^^^^^^
  File "C:\Users\kishw\AppData\Local\Programs\Python\Python314\Lib\socketserver.py", line 766, in __init__
    self.handle()
    ~~~~~~~~~~~^^
  File "C:\Users\kishw\OneDrive\Desktop\ccxs\services\smb_service.py", line 78, in handle
    self.send("smb-01: " + flag("smb-01"))
    ~~~~~~~~~^^^^^^^^^^^^^^^^^^^^^^^^^^^^^
  File "C:\Users\kishw\OneDrive\Desktop\ccxs\services\smb_service.py", line 72, in send
    self.wfile.write((text + "\r\n").encode("utf-8", "replace"))
    ~~~~~~~~~~~~~~~~^^^^^^^^^^^^^^^^^^^^^^^^^^^^^^^^^^^^^^^^^^^^
  File "C:\Users\kishw\AppData\Local\Programs\Python\Python314\Lib\socketserver.py", line 845, in write
    self._sock.sendall(b)
    ~~~~~~~~~~~~~~~~~~^^^
ConnectionAbortedError: [WinError 10053] An established connection was aborted by the software in your host machine
----------------------------------------
----------------------------------------
Exception occurred during processing of request from ('127.0.0.1', 58443)
Traceback (most recent call last):
  File "C:\Users\kishw\AppData\Local\Programs\Python\Python314\Lib\socketserver.py", line 697, in process_request_thread
    self.finish_request(request, client_address)
    ~~~~~~~~~~~~~~~~~~~^^^^^^^^^^^^^^^^^^^^^^^^^
  File "C:\Users\kishw\AppData\Local\Programs\Python\Python314\Lib\socketserver.py", line 362, in finish_request
    self.RequestHandlerClass(request, client_address, self)
    ~~~~~~~~~~~~~~~~~~~~~~~~^^^^^^^^^^^^^^^^^^^^^^^^^^^^^^^
  File "C:\Users\kishw\AppData\Local\Programs\Python\Python314\Lib\socketserver.py", line 766, in __init__
    self.handle()
    ~~~~~~~~~~~^^
  File "C:\Users\kishw\OneDrive\Desktop\ccxs\services\ftp_service.py", line 161, in handle
    raw = self.request.recv(2048)
ConnectionResetError: [WinError 10054] An existing connection was forcibly closed by the remote host
----------------------------------------
Exception (server): Error reading SSH protocol banner[WinError 10053] An established connection was aborted by the software in your host machine
Traceback (most recent call last):
  File "C:\Users\kishw\AppData\Local\Programs\Python\Python314\Lib\site-packages\paramiko\transport.py", line 2213, in _check_banner
    buf = self.packetizer.readline(timeout)
  File "C:\Users\kishw\AppData\Local\Programs\Python\Python314\Lib\site-packages\paramiko\packet.py", line 395, in readline
    buf += self._read_timeout(timeout)
           ~~~~~~~~~~~~~~~~~~^^^^^^^^^
  File "C:\Users\kishw\AppData\Local\Programs\Python\Python314\Lib\site-packages\paramiko\packet.py", line 663, in _read_timeout
    x = self.__socket.recv(128)
ConnectionAbortedError: [WinError 10053] An established connection was aborted by the software in your host machine

During handling of the above exception, another exception occurred:

Traceback (most recent call last):
  File "C:\Users\kishw\AppData\Local\Programs\Python\Python314\Lib\site-packages\paramiko\transport.py", line 2029, in run
    self._check_banner()
    ~~~~~~~~~~~~~~~~~~^^
  File "C:\Users\kishw\AppData\Local\Programs\Python\Python314\Lib\site-packages\paramiko\transport.py", line 2217, in _check_banner
    raise SSHException(
        "Error reading SSH protocol banner" + str(e)
    )
paramiko.ssh_exception.SSHException: Error reading SSH protocol banner[WinError 10053] An established connection was aborted by the software in your host machine

----------------------------------------
Exception occurred during processing of request from ('127.0.0.1', 58449)
Traceback (most recent call last):
  File "C:\Users\kishw\AppData\Local\Programs\Python\Python314\Lib\socketserver.py", line 697, in process_request_thread
    self.finish_request(request, client_address)
    ~~~~~~~~~~~~~~~~~~~^^^^^^^^^^^^^^^^^^^^^^^^^
  File "C:\Users\kishw\AppData\Local\Programs\Python\Python314\Lib\socketserver.py", line 362, in finish_request
    self.RequestHandlerClass(request, client_address, self)
    ~~~~~~~~~~~~~~~~~~~~~~~~^^^^^^^^^^^^^^^^^^^^^^^^^^^^^^^
  File "C:\Users\kishw\AppData\Local\Programs\Python\Python314\Lib\socketserver.py", line 766, in __init__
    self.handle()
    ~~~~~~~~~~~^^
  File "C:\Users\kishw\OneDrive\Desktop\ccxs\services\smb_service.py", line 78, in handle
    self.send("smb-01: " + flag("smb-01"))
    ~~~~~~~~~^^^^^^^^^^^^^^^^^^^^^^^^^^^^^
  File "C:\Users\kishw\OneDrive\Desktop\ccxs\services\smb_service.py", line 72, in send
    self.wfile.write((text + "\r\n").encode("utf-8", "replace"))
    ~~~~~~~~~~~~~~~~^^^^^^^^^^^^^^^^^^^^^^^^^^^^^^^^^^^^^^^^^^^^
  File "C:\Users\kishw\AppData\Local\Programs\Python\Python314\Lib\socketserver.py", line 845, in write
    self._sock.sendall(b)
    ~~~~~~~~~~~~~~~~~~^^^
ConnectionAbortedError: [WinError 10053] An established connection was aborted by the software in your host machine
----------------------------------------
----------------------------------------
Exception occurred during processing of request from ('127.0.0.1', 65049)
Traceback (most recent call last):
  File "C:\Users\kishw\AppData\Local\Programs\Python\Python314\Lib\socketserver.py", line 697, in process_request_thread
    self.finish_request(request, client_address)
    ~~~~~~~~~~~~~~~~~~~^^^^^^^^^^^^^^^^^^^^^^^^^
  File "C:\Users\kishw\AppData\Local\Programs\Python\Python314\Lib\socketserver.py", line 362, in finish_request
    self.RequestHandlerClass(request, client_address, self)
    ~~~~~~~~~~~~~~~~~~~~~~~~^^^^^^^^^^^^^^^^^^^^^^^^^^^^^^^
  File "C:\Users\kishw\AppData\Local\Programs\Python\Python314\Lib\socketserver.py", line 766, in __init__
    self.handle()
    ~~~~~~~~~~~^^
  File "C:\Users\kishw\OneDrive\Desktop\ccxs\services\ftp_service.py", line 161, in handle
    raw = self.request.recv(2048)
ConnectionAbortedError: [WinError 10053] An established connection was aborted by the software in your host machine
----------------------------------------
Exception (server): Error reading SSH protocol banner[WinError 10054] An existing connection was forcibly closed by the remote host
Traceback (most recent call last):
  File "C:\Users\kishw\AppData\Local\Programs\Python\Python314\Lib\site-packages\paramiko\transport.py", line 2213, in _check_banner
    buf = self.packetizer.readline(timeout)
  File "C:\Users\kishw\AppData\Local\Programs\Python\Python314\Lib\site-packages\paramiko\packet.py", line 395, in readline
    buf += self._read_timeout(timeout)
           ~~~~~~~~~~~~~~~~~~^^^^^^^^^
  File "C:\Users\kishw\AppData\Local\Programs\Python\Python314\Lib\site-packages\paramiko\packet.py", line 663, in _read_timeout
    x = self.__socket.recv(128)
ConnectionResetError: [WinError 10054] An existing connection was forcibly closed by the remote host

During handling of the above exception, another exception occurred:

Traceback (most recent call last):
  File "C:\Users\kishw\AppData\Local\Programs\Python\Python314\Lib\site-packages\paramiko\transport.py", line 2029, in run
    self._check_banner()
    ~~~~~~~~~~~~~~~~~~^^
  File "C:\Users\kishw\AppData\Local\Programs\Python\Python314\Lib\site-packages\paramiko\transport.py", line 2217, in _check_banner
    raise SSHException(
        "Error reading SSH protocol banner" + str(e)
    )
paramiko.ssh_exception.SSHException: Error reading SSH protocol banner[WinError 10054] An existing connection was forcibly closed by the remote host

----------------------------------------
Exception occurred during processing of request from ('127.0.0.1', 65055)
Traceback (most recent call last):
  File "C:\Users\kishw\AppData\Local\Programs\Python\Python314\Lib\socketserver.py", line 697, in process_request_thread
    self.finish_request(request, client_address)
    ~~~~~~~~~~~~~~~~~~~^^^^^^^^^^^^^^^^^^^^^^^^^
  File "C:\Users\kishw\AppData\Local\Programs\Python\Python314\Lib\socketserver.py", line 362, in finish_request
    self.RequestHandlerClass(request, client_address, self)
    ~~~~~~~~~~~~~~~~~~~~~~~~^^^^^^^^^^^^^^^^^^^^^^^^^^^^^^^
  File "C:\Users\kishw\AppData\Local\Programs\Python\Python314\Lib\socketserver.py", line 766, in __init__
    self.handle()
    ~~~~~~~~~~~^^
  File "C:\Users\kishw\OneDrive\Desktop\ccxs\services\smb_service.py", line 78, in handle
    self.send("smb-01: " + flag("smb-01"))
    ~~~~~~~~~^^^^^^^^^^^^^^^^^^^^^^^^^^^^^
  File "C:\Users\kishw\OneDrive\Desktop\ccxs\services\smb_service.py", line 72, in send
    self.wfile.write((text + "\r\n").encode("utf-8", "replace"))
    ~~~~~~~~~~~~~~~~^^^^^^^^^^^^^^^^^^^^^^^^^^^^^^^^^^^^^^^^^^^^
  File "C:\Users\kishw\AppData\Local\Programs\Python\Python314\Lib\socketserver.py", line 845, in write
    self._sock.sendall(b)
    ~~~~~~~~~~~~~~~~~~^^^
ConnectionAbortedError: [WinError 10053] An established connection was aborted by the software in your host machine
----------------------------------------
----------------------------------------
Exception occurred during processing of request from ('127.0.0.1', 65062)
Traceback (most recent call last):
  File "C:\Users\kishw\AppData\Local\Programs\Python\Python314\Lib\socketserver.py", line 697, in process_request_thread
    self.finish_request(request, client_address)
    ~~~~~~~~~~~~~~~~~~~^^^^^^^^^^^^^^^^^^^^^^^^^
  File "C:\Users\kishw\AppData\Local\Programs\Python\Python314\Lib\socketserver.py", line 362, in finish_request
    self.RequestHandlerClass(request, client_address, self)
    ~~~~~~~~~~~~~~~~~~~~~~~~^^^^^^^^^^^^^^^^^^^^^^^^^^^^^^^
  File "C:\Users\kishw\AppData\Local\Programs\Python\Python314\Lib\socketserver.py", line 766, in __init__
    self.handle()
    ~~~~~~~~~~~^^
  File "C:\Users\kishw\OneDrive\Desktop\ccxs\services\ftp_service.py", line 161, in handle
    raw = self.request.recv(2048)
ConnectionResetError: [WinError 10054] An existing connection was forcibly closed by the remote host
----------------------------------------
Exception (server): Error reading SSH protocol banner[WinError 10053] An established connection was aborted by the software in your host machine
Traceback (most recent call last):
  File "C:\Users\kishw\AppData\Local\Programs\Python\Python314\Lib\site-packages\paramiko\transport.py", line 2213, in _check_banner
    buf = self.packetizer.readline(timeout)
  File "C:\Users\kishw\AppData\Local\Programs\Python\Python314\Lib\site-packages\paramiko\packet.py", line 395, in readline
    buf += self._read_timeout(timeout)
           ~~~~~~~~~~~~~~~~~~^^^^^^^^^
  File "C:\Users\kishw\AppData\Local\Programs\Python\Python314\Lib\site-packages\paramiko\packet.py", line 663, in _read_timeout
    x = self.__socket.recv(128)
ConnectionAbortedError: [WinError 10053] An established connection was aborted by the software in your host machine

During handling of the above exception, another exception occurred:

Traceback (most recent call last):
  File "C:\Users\kishw\AppData\Local\Programs\Python\Python314\Lib\site-packages\paramiko\transport.py", line 2029, in run
    self._check_banner()
    ~~~~~~~~~~~~~~~~~~^^
  File "C:\Users\kishw\AppData\Local\Programs\Python\Python314\Lib\site-packages\paramiko\transport.py", line 2217, in _check_banner
    raise SSHException(
        "Error reading SSH protocol banner" + str(e)
    )
paramiko.ssh_exception.SSHException: Error reading SSH protocol banner[WinError 10053] An established connection was aborted by the software in your host machine

----------------------------------------
Exception occurred during processing of request from ('127.0.0.1', 65068)
Traceback (most recent call last):
  File "C:\Users\kishw\AppData\Local\Programs\Python\Python314\Lib\socketserver.py", line 697, in process_request_thread
    self.finish_request(request, client_address)
    ~~~~~~~~~~~~~~~~~~~^^^^^^^^^^^^^^^^^^^^^^^^^
  File "C:\Users\kishw\AppData\Local\Programs\Python\Python314\Lib\socketserver.py", line 362, in finish_request
    self.RequestHandlerClass(request, client_address, self)
    ~~~~~~~~~~~~~~~~~~~~~~~~^^^^^^^^^^^^^^^^^^^^^^^^^^^^^^^
  File "C:\Users\kishw\AppData\Local\Programs\Python\Python314\Lib\socketserver.py", line 766, in __init__
    self.handle()
    ~~~~~~~~~~~^^
  File "C:\Users\kishw\OneDrive\Desktop\ccxs\services\smb_service.py", line 78, in handle
    self.send("smb-01: " + flag("smb-01"))
    ~~~~~~~~~^^^^^^^^^^^^^^^^^^^^^^^^^^^^^
  File "C:\Users\kishw\OneDrive\Desktop\ccxs\services\smb_service.py", line 72, in send
    self.wfile.write((text + "\r\n").encode("utf-8", "replace"))
    ~~~~~~~~~~~~~~~~^^^^^^^^^^^^^^^^^^^^^^^^^^^^^^^^^^^^^^^^^^^^
  File "C:\Users\kishw\AppData\Local\Programs\Python\Python314\Lib\socketserver.py", line 845, in write
    self._sock.sendall(b)
    ~~~~~~~~~~~~~~~~~~^^^
ConnectionAbortedError: [WinError 10053] An established connection was aborted by the software in your host machine
----------------------------------------
----------------------------------------
Exception occurred during processing of request from ('192.168.1.10', 51169)
Traceback (most recent call last):
  File "C:\Users\kishw\AppData\Local\Programs\Python\Python314\Lib\socketserver.py", line 697, in process_request_thread
    self.finish_request(request, client_address)
    ~~~~~~~~~~~~~~~~~~~^^^^^^^^^^^^^^^^^^^^^^^^^
  File "C:\Users\kishw\AppData\Local\Programs\Python\Python314\Lib\socketserver.py", line 362, in finish_request
    self.RequestHandlerClass(request, client_address, self)
    ~~~~~~~~~~~~~~~~~~~~~~~~^^^^^^^^^^^^^^^^^^^^^^^^^^^^^^^
  File "C:\Users\kishw\AppData\Local\Programs\Python\Python314\Lib\socketserver.py", line 766, in __init__
    self.handle()
    ~~~~~~~~~~~^^
  File "C:\Users\kishw\OneDrive\Desktop\ccxs\services\ftp_service.py", line 161, in handle
    raw = self.request.recv(2048)
ConnectionAbortedError: [WinError 10053] An established connection was aborted by the software in your host machine
----------------------------------------
Exception (server): Error reading SSH protocol banner[WinError 10053] An established connection was aborted by the software in your host machine
Traceback (most recent call last):
  File "C:\Users\kishw\AppData\Local\Programs\Python\Python314\Lib\site-packages\paramiko\transport.py", line 2213, in _check_banner
    buf = self.packetizer.readline(timeout)
  File "C:\Users\kishw\AppData\Local\Programs\Python\Python314\Lib\site-packages\paramiko\packet.py", line 395, in readline
    buf += self._read_timeout(timeout)
           ~~~~~~~~~~~~~~~~~~^^^^^^^^^
  File "C:\Users\kishw\AppData\Local\Programs\Python\Python314\Lib\site-packages\paramiko\packet.py", line 663, in _read_timeout
    x = self.__socket.recv(128)
ConnectionAbortedError: [WinError 10053] An established connection was aborted by the software in your host machine

During handling of the above exception, another exception occurred:

Traceback (most recent call last):
  File "C:\Users\kishw\AppData\Local\Programs\Python\Python314\Lib\site-packages\paramiko\transport.py", line 2029, in run
    self._check_banner()
    ~~~~~~~~~~~~~~~~~~^^
  File "C:\Users\kishw\AppData\Local\Programs\Python\Python314\Lib\site-packages\paramiko\transport.py", line 2217, in _check_banner
    raise SSHException(
        "Error reading SSH protocol banner" + str(e)
    )
paramiko.ssh_exception.SSHException: Error reading SSH protocol banner[WinError 10053] An established connection was aborted by the software in your host machine

----------------------------------------
Exception occurred during processing of request from ('192.168.1.10', 51172)
Traceback (most recent call last):
  File "C:\Users\kishw\AppData\Local\Programs\Python\Python314\Lib\socketserver.py", line 697, in process_request_thread
    self.finish_request(request, client_address)
    ~~~~~~~~~~~~~~~~~~~^^^^^^^^^^^^^^^^^^^^^^^^^
  File "C:\Users\kishw\AppData\Local\Programs\Python\Python314\Lib\socketserver.py", line 362, in finish_request
    self.RequestHandlerClass(request, client_address, self)
    ~~~~~~~~~~~~~~~~~~~~~~~~^^^^^^^^^^^^^^^^^^^^^^^^^^^^^^^
  File "C:\Users\kishw\AppData\Local\Programs\Python\Python314\Lib\socketserver.py", line 766, in __init__
    self.handle()
    ~~~~~~~~~~~^^
  File "C:\Users\kishw\OneDrive\Desktop\ccxs\services\smb_service.py", line 78, in handle
    self.send("smb-01: " + flag("smb-01"))
    ~~~~~~~~~^^^^^^^^^^^^^^^^^^^^^^^^^^^^^
  File "C:\Users\kishw\OneDrive\Desktop\ccxs\services\smb_service.py", line 72, in send
    self.wfile.write((text + "\r\n").encode("utf-8", "replace"))
    ~~~~~~~~~~~~~~~~^^^^^^^^^^^^^^^^^^^^^^^^^^^^^^^^^^^^^^^^^^^^
  File "C:\Users\kishw\AppData\Local\Programs\Python\Python314\Lib\socketserver.py", line 845, in write
    self._sock.sendall(b)
    ~~~~~~~~~~~~~~~~~~^^^
ConnectionAbortedError: [WinError 10053] An established connection was aborted by the software in your host machine
----------------------------------------
192.168.1.10 - - [06/Oct/2026 09:01:10] "GET / HTTP/1.1" 200 -
192.168.1.10 - - [06/Oct/2026 09:01:10] "GET /debug-lab/info HTTP/1.1" 200 -
192.168.1.10 - - [06/Oct/2026 09:01:10] "GET /debug-lab/console?pin=511331-430&code=open(r'C:\\Users\\kishw\\OneDrive\\Desktop\\ccxs\\data\\flagfiles\\debugger.flag').read() HTTP/1.1" 200 -
----------------------------------------
Exception occurred during processing of request from ('127.0.0.1', 61436)
Traceback (most recent call last):
  File "C:\Users\kishw\AppData\Local\Programs\Python\Python314\Lib\socketserver.py", line 697, in process_request_thread
    self.finish_request(request, client_address)
    ~~~~~~~~~~~~~~~~~~~^^^^^^^^^^^^^^^^^^^^^^^^^
  File "C:\Users\kishw\AppData\Local\Programs\Python\Python314\Lib\socketserver.py", line 362, in finish_request
    self.RequestHandlerClass(request, client_address, self)
    ~~~~~~~~~~~~~~~~~~~~~~~~^^^^^^^^^^^^^^^^^^^^^^^^^^^^^^^
  File "C:\Users\kishw\AppData\Local\Programs\Python\Python314\Lib\socketserver.py", line 766, in __init__
    self.handle()
    ~~~~~~~~~~~^^
  File "C:\Users\kishw\OneDrive\Desktop\ccxs\services\ftp_service.py", line 161, in handle
    raw = self.request.recv(2048)
ConnectionAbortedError: [WinError 10053] An established connection was aborted by the software in your host machine
----------------------------------------
Exception (server): Error reading SSH protocol banner[WinError 10053] An established connection was aborted by the software in your host machine
Traceback (most recent call last):
  File "C:\Users\kishw\AppData\Local\Programs\Python\Python314\Lib\site-packages\paramiko\transport.py", line 2213, in _check_banner
    buf = self.packetizer.readline(timeout)
  File "C:\Users\kishw\AppData\Local\Programs\Python\Python314\Lib\site-packages\paramiko\packet.py", line 395, in readline
    buf += self._read_timeout(timeout)
           ~~~~~~~~~~~~~~~~~~^^^^^^^^^
  File "C:\Users\kishw\AppData\Local\Programs\Python\Python314\Lib\site-packages\paramiko\packet.py", line 663, in _read_timeout
    x = self.__socket.recv(128)
ConnectionAbortedError: [WinError 10053] An established connection was aborted by the software in your host machine

During handling of the above exception, another exception occurred:

Traceback (most recent call last):
  File "C:\Users\kishw\AppData\Local\Programs\Python\Python314\Lib\site-packages\paramiko\transport.py", line 2029, in run
    self._check_banner()
    ~~~~~~~~~~~~~~~~~~^^
  File "C:\Users\kishw\AppData\Local\Programs\Python\Python314\Lib\site-packages\paramiko\transport.py", line 2217, in _check_banner
    raise SSHException(
        "Error reading SSH protocol banner" + str(e)
    )
paramiko.ssh_exception.SSHException: Error reading SSH protocol banner[WinError 10053] An established connection was aborted by the software in your host machine

----------------------------------------
Exception occurred during processing of request from ('127.0.0.1', 61442)
Traceback (most recent call last):
  File "C:\Users\kishw\AppData\Local\Programs\Python\Python314\Lib\socketserver.py", line 697, in process_request_thread
    self.finish_request(request, client_address)
    ~~~~~~~~~~~~~~~~~~~^^^^^^^^^^^^^^^^^^^^^^^^^
  File "C:\Users\kishw\AppData\Local\Programs\Python\Python314\Lib\socketserver.py", line 362, in finish_request
    self.RequestHandlerClass(request, client_address, self)
    ~~~~~~~~~~~~~~~~~~~~~~~~^^^^^^^^^^^^^^^^^^^^^^^^^^^^^^^
  File "C:\Users\kishw\AppData\Local\Programs\Python\Python314\Lib\socketserver.py", line 766, in __init__
    self.handle()
    ~~~~~~~~~~~^^
  File "C:\Users\kishw\OneDrive\Desktop\ccxs\services\smb_service.py", line 78, in handle
    self.send("smb-01: " + flag("smb-01"))
    ~~~~~~~~~^^^^^^^^^^^^^^^^^^^^^^^^^^^^^
  File "C:\Users\kishw\OneDrive\Desktop\ccxs\services\smb_service.py", line 72, in send
    self.wfile.write((text + "\r\n").encode("utf-8", "replace"))
    ~~~~~~~~~~~~~~~~^^^^^^^^^^^^^^^^^^^^^^^^^^^^^^^^^^^^^^^^^^^^
  File "C:\Users\kishw\AppData\Local\Programs\Python\Python314\Lib\socketserver.py", line 845, in write
    self._sock.sendall(b)
    ~~~~~~~~~~~~~~~~~~^^^
ConnectionAbortedError: [WinError 10053] An established connection was aborted by the software in your host machine
----------------------------------------
----------------------------------------
Exception occurred during processing of request from ('192.168.1.10', 51064)
Traceback (most recent call last):
  File "C:\Users\kishw\AppData\Local\Programs\Python\Python314\Lib\socketserver.py", line 697, in process_request_thread
    self.finish_request(request, client_address)
    ~~~~~~~~~~~~~~~~~~~^^^^^^^^^^^^^^^^^^^^^^^^^
  File "C:\Users\kishw\AppData\Local\Programs\Python\Python314\Lib\socketserver.py", line 362, in finish_request
    self.RequestHandlerClass(request, client_address, self)
    ~~~~~~~~~~~~~~~~~~~~~~~~^^^^^^^^^^^^^^^^^^^^^^^^^^^^^^^
  File "C:\Users\kishw\AppData\Local\Programs\Python\Python314\Lib\socketserver.py", line 766, in __init__
    self.handle()
    ~~~~~~~~~~~^^
  File "C:\Users\kishw\OneDrive\Desktop\ccxs\services\ftp_service.py", line 161, in handle
    raw = self.request.recv(2048)
ConnectionResetError: [WinError 10054] An existing connection was forcibly closed by the remote host
----------------------------------------
Exception (server): Error reading SSH protocol banner[WinError 10054] An existing connection was forcibly closed by the remote host
Traceback (most recent call last):
  File "C:\Users\kishw\AppData\Local\Programs\Python\Python314\Lib\site-packages\paramiko\transport.py", line 2213, in _check_banner
    buf = self.packetizer.readline(timeout)
  File "C:\Users\kishw\AppData\Local\Programs\Python\Python314\Lib\site-packages\paramiko\packet.py", line 395, in readline
    buf += self._read_timeout(timeout)
           ~~~~~~~~~~~~~~~~~~^^^^^^^^^
  File "C:\Users\kishw\AppData\Local\Programs\Python\Python314\Lib\site-packages\paramiko\packet.py", line 663, in _read_timeout
    x = self.__socket.recv(128)
ConnectionResetError: [WinError 10054] An existing connection was forcibly closed by the remote host

During handling of the above exception, another exception occurred:

Traceback (most recent call last):
  File "C:\Users\kishw\AppData\Local\Programs\Python\Python314\Lib\site-packages\paramiko\transport.py", line 2029, in run
    self._check_banner()
    ~~~~~~~~~~~~~~~~~~^^
  File "C:\Users\kishw\AppData\Local\Programs\Python\Python314\Lib\site-packages\paramiko\transport.py", line 2217, in _check_banner
    raise SSHException(
        "Error reading SSH protocol banner" + str(e)
    )
paramiko.ssh_exception.SSHException: Error reading SSH protocol banner[WinError 10054] An existing connection was forcibly closed by the remote host

----------------------------------------
Exception occurred during processing of request from ('192.168.1.10', 51067)
Traceback (most recent call last):
  File "C:\Users\kishw\AppData\Local\Programs\Python\Python314\Lib\socketserver.py", line 697, in process_request_thread
    self.finish_request(request, client_address)
    ~~~~~~~~~~~~~~~~~~~^^^^^^^^^^^^^^^^^^^^^^^^^
  File "C:\Users\kishw\AppData\Local\Programs\Python\Python314\Lib\socketserver.py", line 362, in finish_request
    self.RequestHandlerClass(request, client_address, self)
    ~~~~~~~~~~~~~~~~~~~~~~~~^^^^^^^^^^^^^^^^^^^^^^^^^^^^^^^
  File "C:\Users\kishw\AppData\Local\Programs\Python\Python314\Lib\socketserver.py", line 766, in __init__
    self.handle()
    ~~~~~~~~~~~^^
  File "C:\Users\kishw\OneDrive\Desktop\ccxs\services\smb_service.py", line 78, in handle
    self.send("smb-01: " + flag("smb-01"))
    ~~~~~~~~~^^^^^^^^^^^^^^^^^^^^^^^^^^^^^
  File "C:\Users\kishw\OneDrive\Desktop\ccxs\services\smb_service.py", line 72, in send
    self.wfile.write((text + "\r\n").encode("utf-8", "replace"))
    ~~~~~~~~~~~~~~~~^^^^^^^^^^^^^^^^^^^^^^^^^^^^^^^^^^^^^^^^^^^^
  File "C:\Users\kishw\AppData\Local\Programs\Python\Python314\Lib\socketserver.py", line 845, in write
    self._sock.sendall(b)
    ~~~~~~~~~~~~~~~~~~^^^
ConnectionAbortedError: [WinError 10053] An established connection was aborted by the software in your host machine
----------------------------------------
192.168.1.10 - - [06/Oct/2026 09:22:47] "GET / HTTP/1.1" 200 -
192.168.1.10 - - [06/Oct/2026 09:22:47] "GET /debug-lab/info HTTP/1.1" 200 -
192.168.1.10 - - [06/Oct/2026 09:22:47] "GET /debug-lab/console?pin=511331-430&code=open(r'C:\\Users\\kishw\\OneDrive\\Desktop\\ccxs\\data\\flagfiles\\debugger.flag').read() HTTP/1.1" 200 -
192.168.1.10 - - [06/Oct/2026 09:24:07] "GET /debug-lab/console?pin=511331-430&code=2%2B2 HTTP/1.1" 200 -
192.168.1.10 - - [06/Oct/2026 09:25:14] "GET /debug-lab/console?pin=511331-430&code=2%2B2 HTTP/1.1" 200 -
----------------------------------------
Exception occurred during processing of request from ('192.168.1.10', 49164)
Traceback (most recent call last):
  File "C:\Users\kishw\AppData\Local\Programs\Python\Python314\Lib\socketserver.py", line 697, in process_request_thread
    self.finish_request(request, client_address)
    ~~~~~~~~~~~~~~~~~~~^^^^^^^^^^^^^^^^^^^^^^^^^
  File "C:\Users\kishw\AppData\Local\Programs\Python\Python314\Lib\socketserver.py", line 362, in finish_request
    self.RequestHandlerClass(request, client_address, self)
    ~~~~~~~~~~~~~~~~~~~~~~~~^^^^^^^^^^^^^^^^^^^^^^^^^^^^^^^
  File "C:\Users\kishw\AppData\Local\Programs\Python\Python314\Lib\socketserver.py", line 766, in __init__
    self.handle()
    ~~~~~~~~~~~^^
  File "C:\Users\kishw\OneDrive\Desktop\ccxs\services\ftp_service.py", line 161, in handle
    raw = self.request.recv(2048)
ConnectionAbortedError: [WinError 10053] An established connection was aborted by the software in your host machine
----------------------------------------
Exception (server): Error reading SSH protocol banner[WinError 10054] An existing connection was forcibly closed by the remote host
Traceback (most recent call last):
  File "C:\Users\kishw\AppData\Local\Programs\Python\Python314\Lib\site-packages\paramiko\transport.py", line 2213, in _check_banner
    buf = self.packetizer.readline(timeout)
  File "C:\Users\kishw\AppData\Local\Programs\Python\Python314\Lib\site-packages\paramiko\packet.py", line 395, in readline
    buf += self._read_timeout(timeout)
           ~~~~~~~~~~~~~~~~~~^^^^^^^^^
  File "C:\Users\kishw\AppData\Local\Programs\Python\Python314\Lib\site-packages\paramiko\packet.py", line 663, in _read_timeout
    x = self.__socket.recv(128)
ConnectionResetError: [WinError 10054] An existing connection was forcibly closed by the remote host

During handling of the above exception, another exception occurred:

Traceback (most recent call last):
  File "C:\Users\kishw\AppData\Local\Programs\Python\Python314\Lib\site-packages\paramiko\transport.py", line 2029, in run
    self._check_banner()
    ~~~~~~~~~~~~~~~~~~^^
  File "C:\Users\kishw\AppData\Local\Programs\Python\Python314\Lib\site-packages\paramiko\transport.py", line 2217, in _check_banner
    raise SSHException(
        "Error reading SSH protocol banner" + str(e)
    )
paramiko.ssh_exception.SSHException: Error reading SSH protocol banner[WinError 10054] An existing connection was forcibly closed by the remote host

----------------------------------------
Exception occurred during processing of request from ('192.168.1.10', 49167)
Traceback (most recent call last):
  File "C:\Users\kishw\AppData\Local\Programs\Python\Python314\Lib\socketserver.py", line 697, in process_request_thread
    self.finish_request(request, client_address)
    ~~~~~~~~~~~~~~~~~~~^^^^^^^^^^^^^^^^^^^^^^^^^
  File "C:\Users\kishw\AppData\Local\Programs\Python\Python314\Lib\socketserver.py", line 362, in finish_request
    self.RequestHandlerClass(request, client_address, self)
    ~~~~~~~~~~~~~~~~~~~~~~~~^^^^^^^^^^^^^^^^^^^^^^^^^^^^^^^
  File "C:\Users\kishw\AppData\Local\Programs\Python\Python314\Lib\socketserver.py", line 766, in __init__
    self.handle()
    ~~~~~~~~~~~^^
  File "C:\Users\kishw\OneDrive\Desktop\ccxs\services\smb_service.py", line 78, in handle
    self.send("smb-01: " + flag("smb-01"))
    ~~~~~~~~~^^^^^^^^^^^^^^^^^^^^^^^^^^^^^
  File "C:\Users\kishw\OneDrive\Desktop\ccxs\services\smb_service.py", line 72, in send
    self.wfile.write((text + "\r\n").encode("utf-8", "replace"))
    ~~~~~~~~~~~~~~~~^^^^^^^^^^^^^^^^^^^^^^^^^^^^^^^^^^^^^^^^^^^^
  File "C:\Users\kishw\AppData\Local\Programs\Python\Python314\Lib\socketserver.py", line 845, in write
    self._sock.sendall(b)
    ~~~~~~~~~~~~~~~~~~^^^
ConnectionAbortedError: [WinError 10053] An established connection was aborted by the software in your host machine
----------------------------------------
192.168.1.10 - - [06/Oct/2026 09:25:32] "GET / HTTP/1.1" 200 -
192.168.1.10 - - [06/Oct/2026 09:25:32] "GET /debug-lab/info HTTP/1.1" 200 -
192.168.1.10 - - [06/Oct/2026 09:25:32] "GET /debug-lab/console?pin=511331-430&code=open(r'C:\\Users\\kishw\\OneDrive\\Desktop\\ccxs\\data\\flagfiles\\debugger.flag').read() HTTP/1.1" 200 -
----------------------------------------
Exception occurred during processing of request from ('127.0.0.1', 52737)
Traceback (most recent call last):
  File "C:\Users\kishw\AppData\Local\Programs\Python\Python314\Lib\socketserver.py", line 697, in process_request_thread
    self.finish_request(request, client_address)
    ~~~~~~~~~~~~~~~~~~~^^^^^^^^^^^^^^^^^^^^^^^^^
  File "C:\Users\kishw\AppData\Local\Programs\Python\Python314\Lib\socketserver.py", line 362, in finish_request
    self.RequestHandlerClass(request, client_address, self)
    ~~~~~~~~~~~~~~~~~~~~~~~~^^^^^^^^^^^^^^^^^^^^^^^^^^^^^^^
  File "C:\Users\kishw\AppData\Local\Programs\Python\Python314\Lib\socketserver.py", line 766, in __init__
    self.handle()
    ~~~~~~~~~~~^^
  File "C:\Users\kishw\OneDrive\Desktop\ccxs\services\ftp_service.py", line 161, in handle
    raw = self.request.recv(2048)
ConnectionResetError: [WinError 10054] An existing connection was forcibly closed by the remote host
----------------------------------------
Exception (server): Error reading SSH protocol banner[WinError 10054] An existing connection was forcibly closed by the remote host
Traceback (most recent call last):
  File "C:\Users\kishw\AppData\Local\Programs\Python\Python314\Lib\site-packages\paramiko\transport.py", line 2213, in _check_banner
    buf = self.packetizer.readline(timeout)
  File "C:\Users\kishw\AppData\Local\Programs\Python\Python314\Lib\site-packages\paramiko\packet.py", line 395, in readline
    buf += self._read_timeout(timeout)
           ~~~~~~~~~~~~~~~~~~^^^^^^^^^
  File "C:\Users\kishw\AppData\Local\Programs\Python\Python314\Lib\site-packages\paramiko\packet.py", line 663, in _read_timeout
    x = self.__socket.recv(128)
ConnectionResetError: [WinError 10054] An existing connection was forcibly closed by the remote host

During handling of the above exception, another exception occurred:

Traceback (most recent call last):
  File "C:\Users\kishw\AppData\Local\Programs\Python\Python314\Lib\site-packages\paramiko\transport.py", line 2029, in run
    self._check_banner()
    ~~~~~~~~~~~~~~~~~~^^
  File "C:\Users\kishw\AppData\Local\Programs\Python\Python314\Lib\site-packages\paramiko\transport.py", line 2217, in _check_banner
    raise SSHException(
        "Error reading SSH protocol banner" + str(e)
    )
paramiko.ssh_exception.SSHException: Error reading SSH protocol banner[WinError 10054] An existing connection was forcibly closed by the remote host

----------------------------------------
Exception occurred during processing of request from ('127.0.0.1', 52743)
Traceback (most recent call last):
  File "C:\Users\kishw\AppData\Local\Programs\Python\Python314\Lib\socketserver.py", line 697, in process_request_thread
    self.finish_request(request, client_address)
    ~~~~~~~~~~~~~~~~~~~^^^^^^^^^^^^^^^^^^^^^^^^^
  File "C:\Users\kishw\AppData\Local\Programs\Python\Python314\Lib\socketserver.py", line 362, in finish_request
    self.RequestHandlerClass(request, client_address, self)
    ~~~~~~~~~~~~~~~~~~~~~~~~^^^^^^^^^^^^^^^^^^^^^^^^^^^^^^^
  File "C:\Users\kishw\AppData\Local\Programs\Python\Python314\Lib\socketserver.py", line 766, in __init__
    self.handle()
    ~~~~~~~~~~~^^
  File "C:\Users\kishw\OneDrive\Desktop\ccxs\services\smb_service.py", line 78, in handle
    self.send("smb-01: " + flag("smb-01"))
    ~~~~~~~~~^^^^^^^^^^^^^^^^^^^^^^^^^^^^^
  File "C:\Users\kishw\OneDrive\Desktop\ccxs\services\smb_service.py", line 72, in send
    self.wfile.write((text + "\r\n").encode("utf-8", "replace"))
    ~~~~~~~~~~~~~~~~^^^^^^^^^^^^^^^^^^^^^^^^^^^^^^^^^^^^^^^^^^^^
  File "C:\Users\kishw\AppData\Local\Programs\Python\Python314\Lib\socketserver.py", line 845, in write
    self._sock.sendall(b)
    ~~~~~~~~~~~~~~~~~~^^^
ConnectionAbortedError: [WinError 10053] An established connection was aborted by the software in your host machine
----------------------------------------
----------------------------------------
Exception occurred during processing of request from ('127.0.0.1', 56770)
Traceback (most recent call last):
  File "C:\Users\kishw\AppData\Local\Programs\Python\Python314\Lib\socketserver.py", line 697, in process_request_thread
    self.finish_request(request, client_address)
    ~~~~~~~~~~~~~~~~~~~^^^^^^^^^^^^^^^^^^^^^^^^^
  File "C:\Users\kishw\AppData\Local\Programs\Python\Python314\Lib\socketserver.py", line 362, in finish_request
    self.RequestHandlerClass(request, client_address, self)
    ~~~~~~~~~~~~~~~~~~~~~~~~^^^^^^^^^^^^^^^^^^^^^^^^^^^^^^^
  File "C:\Users\kishw\AppData\Local\Programs\Python\Python314\Lib\socketserver.py", line 766, in __init__
    self.handle()
    ~~~~~~~~~~~^^
  File "C:\Users\kishw\OneDrive\Desktop\ccxs\services\ftp_service.py", line 161, in handle
    raw = self.request.recv(2048)
ConnectionAbortedError: [WinError 10053] An established connection was aborted by the software in your host machine
----------------------------------------
Exception (server): Error reading SSH protocol banner[WinError 10054] An existing connection was forcibly closed by the remote host
Traceback (most recent call last):
  File "C:\Users\kishw\AppData\Local\Programs\Python\Python314\Lib\site-packages\paramiko\transport.py", line 2213, in _check_banner
    buf = self.packetizer.readline(timeout)
  File "C:\Users\kishw\AppData\Local\Programs\Python\Python314\Lib\site-packages\paramiko\packet.py", line 395, in readline
    buf += self._read_timeout(timeout)
           ~~~~~~~~~~~~~~~~~~^^^^^^^^^
  File "C:\Users\kishw\AppData\Local\Programs\Python\Python314\Lib\site-packages\paramiko\packet.py", line 663, in _read_timeout
    x = self.__socket.recv(128)
ConnectionResetError: [WinError 10054] An existing connection was forcibly closed by the remote host

During handling of the above exception, another exception occurred:

Traceback (most recent call last):
  File "C:\Users\kishw\AppData\Local\Programs\Python\Python314\Lib\site-packages\paramiko\transport.py", line 2029, in run
    self._check_banner()
    ~~~~~~~~~~~~~~~~~~^^
  File "C:\Users\kishw\AppData\Local\Programs\Python\Python314\Lib\site-packages\paramiko\transport.py", line 2217, in _check_banner
    raise SSHException(
        "Error reading SSH protocol banner" + str(e)
    )
paramiko.ssh_exception.SSHException: Error reading SSH protocol banner[WinError 10054] An existing connection was forcibly closed by the remote host

----------------------------------------
Exception occurred during processing of request from ('127.0.0.1', 56776)
Traceback (most recent call last):
  File "C:\Users\kishw\AppData\Local\Programs\Python\Python314\Lib\socketserver.py", line 697, in process_request_thread
    self.finish_request(request, client_address)
    ~~~~~~~~~~~~~~~~~~~^^^^^^^^^^^^^^^^^^^^^^^^^
  File "C:\Users\kishw\AppData\Local\Programs\Python\Python314\Lib\socketserver.py", line 362, in finish_request
    self.RequestHandlerClass(request, client_address, self)
    ~~~~~~~~~~~~~~~~~~~~~~~~^^^^^^^^^^^^^^^^^^^^^^^^^^^^^^^
  File "C:\Users\kishw\AppData\Local\Programs\Python\Python314\Lib\socketserver.py", line 766, in __init__
    self.handle()
    ~~~~~~~~~~~^^
  File "C:\Users\kishw\OneDrive\Desktop\ccxs\services\smb_service.py", line 78, in handle
    self.send("smb-01: " + flag("smb-01"))
    ~~~~~~~~~^^^^^^^^^^^^^^^^^^^^^^^^^^^^^
  File "C:\Users\kishw\OneDrive\Desktop\ccxs\services\smb_service.py", line 72, in send
    self.wfile.write((text + "\r\n").encode("utf-8", "replace"))
    ~~~~~~~~~~~~~~~~^^^^^^^^^^^^^^^^^^^^^^^^^^^^^^^^^^^^^^^^^^^^
  File "C:\Users\kishw\AppData\Local\Programs\Python\Python314\Lib\socketserver.py", line 845, in write
    self._sock.sendall(b)
    ~~~~~~~~~~~~~~~~~~^^^
ConnectionAbortedError: [WinError 10053] An established connection was aborted by the software in your host machine
----------------------------------------
----------------------------------------
Exception occurred during processing of request from ('127.0.0.1', 49253)
Traceback (most recent call last):
  File "C:\Users\kishw\AppData\Local\Programs\Python\Python314\Lib\socketserver.py", line 697, in process_request_thread
    self.finish_request(request, client_address)
    ~~~~~~~~~~~~~~~~~~~^^^^^^^^^^^^^^^^^^^^^^^^^
  File "C:\Users\kishw\AppData\Local\Programs\Python\Python314\Lib\socketserver.py", line 362, in finish_request
    self.RequestHandlerClass(request, client_address, self)
    ~~~~~~~~~~~~~~~~~~~~~~~~^^^^^^^^^^^^^^^^^^^^^^^^^^^^^^^
  File "C:\Users\kishw\AppData\Local\Programs\Python\Python314\Lib\socketserver.py", line 766, in __init__
    self.handle()
    ~~~~~~~~~~~^^
  File "C:\Users\kishw\OneDrive\Desktop\ccxs\services\ftp_service.py", line 161, in handle
    raw = self.request.recv(2048)
ConnectionAbortedError: [WinError 10053] An established connection was aborted by the software in your host machine
Exception (server): Error reading SSH protocol banner[WinError 10053] An established connection was aborted by the software in your host machine
----------------------------------------
Traceback (most recent call last):
  File "C:\Users\kishw\AppData\Local\Programs\Python\Python314\Lib\site-packages\paramiko\transport.py", line 2213, in _check_banner
    buf = self.packetizer.readline(timeout)
  File "C:\Users\kishw\AppData\Local\Programs\Python\Python314\Lib\site-packages\paramiko\packet.py", line 395, in readline
    buf += self._read_timeout(timeout)
           ~~~~~~~~~~~~~~~~~~^^^^^^^^^
  File "C:\Users\kishw\AppData\Local\Programs\Python\Python314\Lib\site-packages\paramiko\packet.py", line 663, in _read_timeout
    x = self.__socket.recv(128)
ConnectionAbortedError: [WinError 10053] An established connection was aborted by the software in your host machine

During handling of the above exception, another exception occurred:

Traceback (most recent call last):
  File "C:\Users\kishw\AppData\Local\Programs\Python\Python314\Lib\site-packages\paramiko\transport.py", line 2029, in run
    self._check_banner()
    ~~~~~~~~~~~~~~~~~~^^
  File "C:\Users\kishw\AppData\Local\Programs\Python\Python314\Lib\site-packages\paramiko\transport.py", line 2217, in _check_banner
    raise SSHException(
        "Error reading SSH protocol banner" + str(e)
    )
paramiko.ssh_exception.SSHException: Error reading SSH protocol banner[WinError 10053] An established connection was aborted by the software in your host machine

----------------------------------------
Exception occurred during processing of request from ('127.0.0.1', 49260)
Traceback (most recent call last):
  File "C:\Users\kishw\AppData\Local\Programs\Python\Python314\Lib\socketserver.py", line 697, in process_request_thread
    self.finish_request(request, client_address)
    ~~~~~~~~~~~~~~~~~~~^^^^^^^^^^^^^^^^^^^^^^^^^
  File "C:\Users\kishw\AppData\Local\Programs\Python\Python314\Lib\socketserver.py", line 362, in finish_request
    self.RequestHandlerClass(request, client_address, self)
    ~~~~~~~~~~~~~~~~~~~~~~~~^^^^^^^^^^^^^^^^^^^^^^^^^^^^^^^
  File "C:\Users\kishw\AppData\Local\Programs\Python\Python314\Lib\socketserver.py", line 766, in __init__
    self.handle()
    ~~~~~~~~~~~^^
  File "C:\Users\kishw\OneDrive\Desktop\ccxs\services\smb_service.py", line 78, in handle
    self.send("smb-01: " + flag("smb-01"))
    ~~~~~~~~~^^^^^^^^^^^^^^^^^^^^^^^^^^^^^
  File "C:\Users\kishw\OneDrive\Desktop\ccxs\services\smb_service.py", line 72, in send
    self.wfile.write((text + "\r\n").encode("utf-8", "replace"))
    ~~~~~~~~~~~~~~~~^^^^^^^^^^^^^^^^^^^^^^^^^^^^^^^^^^^^^^^^^^^^
  File "C:\Users\kishw\AppData\Local\Programs\Python\Python314\Lib\socketserver.py", line 845, in write
    self._sock.sendall(b)
    ~~~~~~~~~~~~~~~~~~^^^
ConnectionAbortedError: [WinError 10053] An established connection was aborted by the software in your host machine
----------------------------------------
----------------------------------------
Exception occurred during processing of request from ('192.168.1.10', 51998)
Traceback (most recent call last):
  File "C:\Users\kishw\AppData\Local\Programs\Python\Python314\Lib\socketserver.py", line 697, in process_request_thread
    self.finish_request(request, client_address)
    ~~~~~~~~~~~~~~~~~~~^^^^^^^^^^^^^^^^^^^^^^^^^
  File "C:\Users\kishw\AppData\Local\Programs\Python\Python314\Lib\socketserver.py", line 362, in finish_request
    self.RequestHandlerClass(request, client_address, self)
    ~~~~~~~~~~~~~~~~~~~~~~~~^^^^^^^^^^^^^^^^^^^^^^^^^^^^^^^
  File "C:\Users\kishw\AppData\Local\Programs\Python\Python314\Lib\socketserver.py", line 766, in __init__
    self.handle()
    ~~~~~~~~~~~^^
Exception (server): Error reading SSH protocol banner[WinError 10053] An established connection was aborted by the software in your host machine
  File "C:\Users\kishw\OneDrive\Desktop\ccxs\services\ftp_service.py", line 161, in handle
    raw = self.request.recv(2048)
ConnectionAbortedError: [WinError 10053] An established connection was aborted by the software in your host machine
----------------------------------------
Traceback (most recent call last):
  File "C:\Users\kishw\AppData\Local\Programs\Python\Python314\Lib\site-packages\paramiko\transport.py", line 2213, in _check_banner
    buf = self.packetizer.readline(timeout)
  File "C:\Users\kishw\AppData\Local\Programs\Python\Python314\Lib\site-packages\paramiko\packet.py", line 395, in readline
    buf += self._read_timeout(timeout)
           ~~~~~~~~~~~~~~~~~~^^^^^^^^^
  File "C:\Users\kishw\AppData\Local\Programs\Python\Python314\Lib\site-packages\paramiko\packet.py", line 663, in _read_timeout
    x = self.__socket.recv(128)
ConnectionAbortedError: [WinError 10053] An established connection was aborted by the software in your host machine

During handling of the above exception, another exception occurred:

Traceback (most recent call last):
  File "C:\Users\kishw\AppData\Local\Programs\Python\Python314\Lib\site-packages\paramiko\transport.py", line 2029, in run
    self._check_banner()
    ~~~~~~~~~~~~~~~~~~^^
  File "C:\Users\kishw\AppData\Local\Programs\Python\Python314\Lib\site-packages\paramiko\transport.py", line 2217, in _check_banner
    raise SSHException(
        "Error reading SSH protocol banner" + str(e)
    )
paramiko.ssh_exception.SSHException: Error reading SSH protocol banner[WinError 10053] An established connection was aborted by the software in your host machine

----------------------------------------
Exception occurred during processing of request from ('192.168.1.10', 52001)
Traceback (most recent call last):
  File "C:\Users\kishw\AppData\Local\Programs\Python\Python314\Lib\socketserver.py", line 697, in process_request_thread
    self.finish_request(request, client_address)
    ~~~~~~~~~~~~~~~~~~~^^^^^^^^^^^^^^^^^^^^^^^^^
  File "C:\Users\kishw\AppData\Local\Programs\Python\Python314\Lib\socketserver.py", line 362, in finish_request
    self.RequestHandlerClass(request, client_address, self)
    ~~~~~~~~~~~~~~~~~~~~~~~~^^^^^^^^^^^^^^^^^^^^^^^^^^^^^^^
  File "C:\Users\kishw\AppData\Local\Programs\Python\Python314\Lib\socketserver.py", line 766, in __init__
    self.handle()
    ~~~~~~~~~~~^^
  File "C:\Users\kishw\OneDrive\Desktop\ccxs\services\smb_service.py", line 78, in handle
    self.send("smb-01: " + flag("smb-01"))
    ~~~~~~~~~^^^^^^^^^^^^^^^^^^^^^^^^^^^^^
  File "C:\Users\kishw\OneDrive\Desktop\ccxs\services\smb_service.py", line 72, in send
    self.wfile.write((text + "\r\n").encode("utf-8", "replace"))
    ~~~~~~~~~~~~~~~~^^^^^^^^^^^^^^^^^^^^^^^^^^^^^^^^^^^^^^^^^^^^
  File "C:\Users\kishw\AppData\Local\Programs\Python\Python314\Lib\socketserver.py", line 845, in write
    self._sock.sendall(b)
    ~~~~~~~~~~~~~~~~~~^^^
ConnectionAbortedError: [WinError 10053] An established connection was aborted by the software in your host machine
----------------------------------------
192.168.1.10 - - [06/Oct/2026 09:44:04] "GET / HTTP/1.1" 200 -
192.168.1.10 - - [06/Oct/2026 09:44:04] "GET /debug-lab/info HTTP/1.1" 200 -
192.168.1.10 - - [06/Oct/2026 09:44:04] "GET /debug-lab/console?pin=511331-430&code=open(r'C:\\Users\\kishw\\OneDrive\\Desktop\\ccxs\\data\\flagfiles\\debugger.flag').read() HTTP/1.1" 200 -
----------------------------------------
Exception occurred during processing of request from ('127.0.0.1', 62724)
Traceback (most recent call last):
  File "C:\Users\kishw\AppData\Local\Programs\Python\Python314\Lib\socketserver.py", line 697, in process_request_thread
    self.finish_request(request, client_address)
    ~~~~~~~~~~~~~~~~~~~^^^^^^^^^^^^^^^^^^^^^^^^^
  File "C:\Users\kishw\AppData\Local\Programs\Python\Python314\Lib\socketserver.py", line 362, in finish_request
    self.RequestHandlerClass(request, client_address, self)
    ~~~~~~~~~~~~~~~~~~~~~~~~^^^^^^^^^^^^^^^^^^^^^^^^^^^^^^^
  File "C:\Users\kishw\AppData\Local\Programs\Python\Python314\Lib\socketserver.py", line 766, in __init__
    self.handle()
    ~~~~~~~~~~~^^
  File "C:\Users\kishw\OneDrive\Desktop\ccxs\services\ftp_service.py", line 161, in handle
    raw = self.request.recv(2048)
ConnectionResetError: [WinError 10054] An existing connection was forcibly closed by the remote host
----------------------------------------
Exception (server): Error reading SSH protocol banner[WinError 10053] An established connection was aborted by the software in your host machine
Traceback (most recent call last):
  File "C:\Users\kishw\AppData\Local\Programs\Python\Python314\Lib\site-packages\paramiko\transport.py", line 2213, in _check_banner
    buf = self.packetizer.readline(timeout)
  File "C:\Users\kishw\AppData\Local\Programs\Python\Python314\Lib\site-packages\paramiko\packet.py", line 395, in readline
    buf += self._read_timeout(timeout)
           ~~~~~~~~~~~~~~~~~~^^^^^^^^^
  File "C:\Users\kishw\AppData\Local\Programs\Python\Python314\Lib\site-packages\paramiko\packet.py", line 663, in _read_timeout
    x = self.__socket.recv(128)
ConnectionAbortedError: [WinError 10053] An established connection was aborted by the software in your host machine

During handling of the above exception, another exception occurred:

Traceback (most recent call last):
  File "C:\Users\kishw\AppData\Local\Programs\Python\Python314\Lib\site-packages\paramiko\transport.py", line 2029, in run
    self._check_banner()
    ~~~~~~~~~~~~~~~~~~^^
  File "C:\Users\kishw\AppData\Local\Programs\Python\Python314\Lib\site-packages\paramiko\transport.py", line 2217, in _check_banner
    raise SSHException(
        "Error reading SSH protocol banner" + str(e)
    )
paramiko.ssh_exception.SSHException: Error reading SSH protocol banner[WinError 10053] An established connection was aborted by the software in your host machine

----------------------------------------
Exception occurred during processing of request from ('127.0.0.1', 62730)
Traceback (most recent call last):
  File "C:\Users\kishw\AppData\Local\Programs\Python\Python314\Lib\socketserver.py", line 697, in process_request_thread
    self.finish_request(request, client_address)
    ~~~~~~~~~~~~~~~~~~~^^^^^^^^^^^^^^^^^^^^^^^^^
  File "C:\Users\kishw\AppData\Local\Programs\Python\Python314\Lib\socketserver.py", line 362, in finish_request
    self.RequestHandlerClass(request, client_address, self)
    ~~~~~~~~~~~~~~~~~~~~~~~~^^^^^^^^^^^^^^^^^^^^^^^^^^^^^^^
  File "C:\Users\kishw\AppData\Local\Programs\Python\Python314\Lib\socketserver.py", line 766, in __init__
    self.handle()
    ~~~~~~~~~~~^^
  File "C:\Users\kishw\OneDrive\Desktop\ccxs\services\smb_service.py", line 78, in handle
    self.send("smb-01: " + flag("smb-01"))
    ~~~~~~~~~^^^^^^^^^^^^^^^^^^^^^^^^^^^^^
  File "C:\Users\kishw\OneDrive\Desktop\ccxs\services\smb_service.py", line 72, in send
    self.wfile.write((text + "\r\n").encode("utf-8", "replace"))
    ~~~~~~~~~~~~~~~~^^^^^^^^^^^^^^^^^^^^^^^^^^^^^^^^^^^^^^^^^^^^
  File "C:\Users\kishw\AppData\Local\Programs\Python\Python314\Lib\socketserver.py", line 845, in write
    self._sock.sendall(b)
    ~~~~~~~~~~~~~~~~~~^^^
ConnectionAbortedError: [WinError 10053] An established connection was aborted by the software in your host machine
----------------------------------------
192.168.1.10 - - [06/Oct/2026 09:50:44] "GET /debug-lab/console?pin=511331-430&code=2%2B2 HTTP/1.1" 200 -
192.168.1.10 - - [06/Oct/2026 09:51:55] "GET / HTTP/1.1" 200 -
192.168.1.10 - - [06/Oct/2026 09:51:55] "GET /debug-lab/info HTTP/1.1" 200 -
192.168.1.10 - - [06/Oct/2026 09:51:55] "GET /debug-lab/console?pin=511331-430&code=open(r'C:\\\\Users\\\\kishw\\\\OneDrive\\\\Desktop\\\\ccxs\\\\data\\\\flagfiles\\\\debugger.flag').read() HTTP/1.1" 200 -
192.168.1.10 - - [06/Oct/2026 09:51:55] "GET /debug-lab/console?pin=000-000&code=1%2B1 HTTP/1.1" 401 -
----------------------------------------
Exception occurred during processing of request from ('127.0.0.1', 60437)
Traceback (most recent call last):
  File "C:\Users\kishw\AppData\Local\Programs\Python\Python314\Lib\socketserver.py", line 697, in process_request_thread
    self.finish_request(request, client_address)
    ~~~~~~~~~~~~~~~~~~~^^^^^^^^^^^^^^^^^^^^^^^^^
  File "C:\Users\kishw\AppData\Local\Programs\Python\Python314\Lib\socketserver.py", line 362, in finish_request
    self.RequestHandlerClass(request, client_address, self)
    ~~~~~~~~~~~~~~~~~~~~~~~~^^^^^^^^^^^^^^^^^^^^^^^^^^^^^^^
  File "C:\Users\kishw\AppData\Local\Programs\Python\Python314\Lib\socketserver.py", line 766, in __init__
    self.handle()
    ~~~~~~~~~~~^^
  File "C:\Users\kishw\OneDrive\Desktop\ccxs\services\ftp_service.py", line 161, in handle
    raw = self.request.recv(2048)
ConnectionResetError: [WinError 10054] An existing connection was forcibly closed by the remote host
----------------------------------------
Exception (server): Error reading SSH protocol banner[WinError 10054] An existing connection was forcibly closed by the remote host
Traceback (most recent call last):
  File "C:\Users\kishw\AppData\Local\Programs\Python\Python314\Lib\site-packages\paramiko\transport.py", line 2213, in _check_banner
    buf = self.packetizer.readline(timeout)
  File "C:\Users\kishw\AppData\Local\Programs\Python\Python314\Lib\site-packages\paramiko\packet.py", line 395, in readline
    buf += self._read_timeout(timeout)
           ~~~~~~~~~~~~~~~~~~^^^^^^^^^
  File "C:\Users\kishw\AppData\Local\Programs\Python\Python314\Lib\site-packages\paramiko\packet.py", line 663, in _read_timeout
    x = self.__socket.recv(128)
ConnectionResetError: [WinError 10054] An existing connection was forcibly closed by the remote host

During handling of the above exception, another exception occurred:

Traceback (most recent call last):
  File "C:\Users\kishw\AppData\Local\Programs\Python\Python314\Lib\site-packages\paramiko\transport.py", line 2029, in run
    self._check_banner()
    ~~~~~~~~~~~~~~~~~~^^
  File "C:\Users\kishw\AppData\Local\Programs\Python\Python314\Lib\site-packages\paramiko\transport.py", line 2217, in _check_banner
    raise SSHException(
        "Error reading SSH protocol banner" + str(e)
    )
paramiko.ssh_exception.SSHException: Error reading SSH protocol banner[WinError 10054] An existing connection was forcibly closed by the remote host

----------------------------------------
Exception occurred during processing of request from ('127.0.0.1', 56256)
Traceback (most recent call last):
  File "C:\Users\kishw\AppData\Local\Programs\Python\Python314\Lib\socketserver.py", line 697, in process_request_thread
    self.finish_request(request, client_address)
    ~~~~~~~~~~~~~~~~~~~^^^^^^^^^^^^^^^^^^^^^^^^^
  File "C:\Users\kishw\AppData\Local\Programs\Python\Python314\Lib\socketserver.py", line 362, in finish_request
    self.RequestHandlerClass(request, client_address, self)
    ~~~~~~~~~~~~~~~~~~~~~~~~^^^^^^^^^^^^^^^^^^^^^^^^^^^^^^^
  File "C:\Users\kishw\AppData\Local\Programs\Python\Python314\Lib\socketserver.py", line 766, in __init__
    self.handle()
    ~~~~~~~~~~~^^
  File "C:\Users\kishw\OneDrive\Desktop\ccxs\services\smb_service.py", line 78, in handle
    self.send("smb-01: " + flag("smb-01"))
    ~~~~~~~~~^^^^^^^^^^^^^^^^^^^^^^^^^^^^^
  File "C:\Users\kishw\OneDrive\Desktop\ccxs\services\smb_service.py", line 72, in send
    self.wfile.write((text + "\r\n").encode("utf-8", "replace"))
    ~~~~~~~~~~~~~~~~^^^^^^^^^^^^^^^^^^^^^^^^^^^^^^^^^^^^^^^^^^^^
  File "C:\Users\kishw\AppData\Local\Programs\Python\Python314\Lib\socketserver.py", line 845, in write
    self._sock.sendall(b)
    ~~~~~~~~~~~~~~~~~~^^^
ConnectionAbortedError: [WinError 10053] An established connection was aborted by the software in your host machine
----------------------------------------
----------------------------------------
Exception occurred during processing of request from ('127.0.0.1', 56682)
Traceback (most recent call last):
  File "C:\Users\kishw\AppData\Local\Programs\Python\Python314\Lib\socketserver.py", line 697, in process_request_thread
    self.finish_request(request, client_address)
    ~~~~~~~~~~~~~~~~~~~^^^^^^^^^^^^^^^^^^^^^^^^^
  File "C:\Users\kishw\AppData\Local\Programs\Python\Python314\Lib\socketserver.py", line 362, in finish_request
    self.RequestHandlerClass(request, client_address, self)
    ~~~~~~~~~~~~~~~~~~~~~~~~^^^^^^^^^^^^^^^^^^^^^^^^^^^^^^^
  File "C:\Users\kishw\AppData\Local\Programs\Python\Python314\Lib\socketserver.py", line 766, in __init__
    self.handle()
    ~~~~~~~~~~~^^
  File "C:\Users\kishw\OneDrive\Desktop\ccxs\services\ftp_service.py", line 161, in handle
    raw = self.request.recv(2048)
ConnectionAbortedError: [WinError 10053] An established connection was aborted by the software in your host machine
----------------------------------------
Exception (server): Error reading SSH protocol banner[WinError 10053] An established connection was aborted by the software in your host machine
Traceback (most recent call last):
  File "C:\Users\kishw\AppData\Local\Programs\Python\Python314\Lib\site-packages\paramiko\transport.py", line 2213, in _check_banner
    buf = self.packetizer.readline(timeout)
  File "C:\Users\kishw\AppData\Local\Programs\Python\Python314\Lib\site-packages\paramiko\packet.py", line 395, in readline
    buf += self._read_timeout(timeout)
           ~~~~~~~~~~~~~~~~~~^^^^^^^^^
  File "C:\Users\kishw\AppData\Local\Programs\Python\Python314\Lib\site-packages\paramiko\packet.py", line 663, in _read_timeout
    x = self.__socket.recv(128)
ConnectionAbortedError: [WinError 10053] An established connection was aborted by the software in your host machine

During handling of the above exception, another exception occurred:

Traceback (most recent call last):
  File "C:\Users\kishw\AppData\Local\Programs\Python\Python314\Lib\site-packages\paramiko\transport.py", line 2029, in run
    self._check_banner()
    ~~~~~~~~~~~~~~~~~~^^
  File "C:\Users\kishw\AppData\Local\Programs\Python\Python314\Lib\site-packages\paramiko\transport.py", line 2217, in _check_banner
    raise SSHException(
        "Error reading SSH protocol banner" + str(e)
    )
paramiko.ssh_exception.SSHException: Error reading SSH protocol banner[WinError 10053] An established connection was aborted by the software in your host machine

----------------------------------------
Exception occurred during processing of request from ('127.0.0.1', 55989)
Traceback (most recent call last):
  File "C:\Users\kishw\AppData\Local\Programs\Python\Python314\Lib\socketserver.py", line 697, in process_request_thread
    self.finish_request(request, client_address)
    ~~~~~~~~~~~~~~~~~~~^^^^^^^^^^^^^^^^^^^^^^^^^
  File "C:\Users\kishw\AppData\Local\Programs\Python\Python314\Lib\socketserver.py", line 362, in finish_request
    self.RequestHandlerClass(request, client_address, self)
    ~~~~~~~~~~~~~~~~~~~~~~~~^^^^^^^^^^^^^^^^^^^^^^^^^^^^^^^
  File "C:\Users\kishw\AppData\Local\Programs\Python\Python314\Lib\socketserver.py", line 766, in __init__
    self.handle()
    ~~~~~~~~~~~^^
  File "C:\Users\kishw\OneDrive\Desktop\ccxs\services\smb_service.py", line 78, in handle
    self.send("smb-01: " + flag("smb-01"))
    ~~~~~~~~~^^^^^^^^^^^^^^^^^^^^^^^^^^^^^
  File "C:\Users\kishw\OneDrive\Desktop\ccxs\services\smb_service.py", line 72, in send
    self.wfile.write((text + "\r\n").encode("utf-8", "replace"))
    ~~~~~~~~~~~~~~~~^^^^^^^^^^^^^^^^^^^^^^^^^^^^^^^^^^^^^^^^^^^^
  File "C:\Users\kishw\AppData\Local\Programs\Python\Python314\Lib\socketserver.py", line 845, in write
    self._sock.sendall(b)
    ~~~~~~~~~~~~~~~~~~^^^
ConnectionAbortedError: [WinError 10053] An established connection was aborted by the software in your host machine
----------------------------------------
----------------------------------------
Exception occurred during processing of request from ('127.0.0.1', 52872)
Traceback (most recent call last):
  File "C:\Users\kishw\AppData\Local\Programs\Python\Python314\Lib\socketserver.py", line 697, in process_request_thread
    self.finish_request(request, client_address)
    ~~~~~~~~~~~~~~~~~~~^^^^^^^^^^^^^^^^^^^^^^^^^
  File "C:\Users\kishw\AppData\Local\Programs\Python\Python314\Lib\socketserver.py", line 362, in finish_request
    self.RequestHandlerClass(request, client_address, self)
    ~~~~~~~~~~~~~~~~~~~~~~~~^^^^^^^^^^^^^^^^^^^^^^^^^^^^^^^
  File "C:\Users\kishw\AppData\Local\Programs\Python\Python314\Lib\socketserver.py", line 766, in __init__
    self.handle()
    ~~~~~~~~~~~^^
  File "C:\Users\kishw\OneDrive\Desktop\ccxs\services\ftp_service.py", line 161, in handle
    raw = self.request.recv(2048)
Exception (server): Error reading SSH protocol banner[WinError 10053] An established connection was aborted by the software in your host machine
ConnectionAbortedError: [WinError 10053] An established connection was aborted by the software in your host machine
----------------------------------------
Traceback (most recent call last):
  File "C:\Users\kishw\AppData\Local\Programs\Python\Python314\Lib\site-packages\paramiko\transport.py", line 2213, in _check_banner
    buf = self.packetizer.readline(timeout)
  File "C:\Users\kishw\AppData\Local\Programs\Python\Python314\Lib\site-packages\paramiko\packet.py", line 395, in readline
    buf += self._read_timeout(timeout)
           ~~~~~~~~~~~~~~~~~~^^^^^^^^^
  File "C:\Users\kishw\AppData\Local\Programs\Python\Python314\Lib\site-packages\paramiko\packet.py", line 663, in _read_timeout
    x = self.__socket.recv(128)
ConnectionAbortedError: [WinError 10053] An established connection was aborted by the software in your host machine

During handling of the above exception, another exception occurred:

Traceback (most recent call last):
  File "C:\Users\kishw\AppData\Local\Programs\Python\Python314\Lib\site-packages\paramiko\transport.py", line 2029, in run
    self._check_banner()
    ~~~~~~~~~~~~~~~~~~^^
  File "C:\Users\kishw\AppData\Local\Programs\Python\Python314\Lib\site-packages\paramiko\transport.py", line 2217, in _check_banner
    raise SSHException(
        "Error reading SSH protocol banner" + str(e)
    )
paramiko.ssh_exception.SSHException: Error reading SSH protocol banner[WinError 10053] An established connection was aborted by the software in your host machine

----------------------------------------
Exception occurred during processing of request from ('127.0.0.1', 52878)
Traceback (most recent call last):
  File "C:\Users\kishw\AppData\Local\Programs\Python\Python314\Lib\socketserver.py", line 697, in process_request_thread
    self.finish_request(request, client_address)
    ~~~~~~~~~~~~~~~~~~~^^^^^^^^^^^^^^^^^^^^^^^^^
  File "C:\Users\kishw\AppData\Local\Programs\Python\Python314\Lib\socketserver.py", line 362, in finish_request
    self.RequestHandlerClass(request, client_address, self)
    ~~~~~~~~~~~~~~~~~~~~~~~~^^^^^^^^^^^^^^^^^^^^^^^^^^^^^^^
  File "C:\Users\kishw\AppData\Local\Programs\Python\Python314\Lib\socketserver.py", line 766, in __init__
    self.handle()
    ~~~~~~~~~~~^^
  File "C:\Users\kishw\OneDrive\Desktop\ccxs\services\smb_service.py", line 78, in handle
    self.send("smb-01: " + flag("smb-01"))
    ~~~~~~~~~^^^^^^^^^^^^^^^^^^^^^^^^^^^^^
  File "C:\Users\kishw\OneDrive\Desktop\ccxs\services\smb_service.py", line 72, in send
    self.wfile.write((text + "\r\n").encode("utf-8", "replace"))
    ~~~~~~~~~~~~~~~~^^^^^^^^^^^^^^^^^^^^^^^^^^^^^^^^^^^^^^^^^^^^
  File "C:\Users\kishw\AppData\Local\Programs\Python\Python314\Lib\socketserver.py", line 845, in write
    self._sock.sendall(b)
    ~~~~~~~~~~~~~~~~~~^^^
ConnectionAbortedError: [WinError 10053] An established connection was aborted by the software in your host machine
----------------------------------------
----------------------------------------
Exception occurred during processing of request from ('127.0.0.1', 55876)
Traceback (most recent call last):
  File "C:\Users\kishw\AppData\Local\Programs\Python\Python314\Lib\socketserver.py", line 697, in process_request_thread
    self.finish_request(request, client_address)
    ~~~~~~~~~~~~~~~~~~~^^^^^^^^^^^^^^^^^^^^^^^^^
  File "C:\Users\kishw\AppData\Local\Programs\Python\Python314\Lib\socketserver.py", line 362, in finish_request
    self.RequestHandlerClass(request, client_address, self)
    ~~~~~~~~~~~~~~~~~~~~~~~~^^^^^^^^^^^^^^^^^^^^^^^^^^^^^^^
  File "C:\Users\kishw\AppData\Local\Programs\Python\Python314\Lib\socketserver.py", line 766, in __init__
    self.handle()
    ~~~~~~~~~~~^^
  File "C:\Users\kishw\OneDrive\Desktop\ccxs\services\ftp_service.py", line 161, in handle
    raw = self.request.recv(2048)
ConnectionAbortedError: [WinError 10053] An established connection was aborted by the software in your host machine
----------------------------------------
Exception (server): Error reading SSH protocol banner[WinError 10053] An established connection was aborted by the software in your host machine
Traceback (most recent call last):
  File "C:\Users\kishw\AppData\Local\Programs\Python\Python314\Lib\site-packages\paramiko\transport.py", line 2213, in _check_banner
    buf = self.packetizer.readline(timeout)
  File "C:\Users\kishw\AppData\Local\Programs\Python\Python314\Lib\site-packages\paramiko\packet.py", line 395, in readline
    buf += self._read_timeout(timeout)
           ~~~~~~~~~~~~~~~~~~^^^^^^^^^
  File "C:\Users\kishw\AppData\Local\Programs\Python\Python314\Lib\site-packages\paramiko\packet.py", line 663, in _read_timeout
    x = self.__socket.recv(128)
ConnectionAbortedError: [WinError 10053] An established connection was aborted by the software in your host machine

During handling of the above exception, another exception occurred:

Traceback (most recent call last):
  File "C:\Users\kishw\AppData\Local\Programs\Python\Python314\Lib\site-packages\paramiko\transport.py", line 2029, in run
    self._check_banner()
    ~~~~~~~~~~~~~~~~~~^^
  File "C:\Users\kishw\AppData\Local\Programs\Python\Python314\Lib\site-packages\paramiko\transport.py", line 2217, in _check_banner
    raise SSHException(
        "Error reading SSH protocol banner" + str(e)
    )
paramiko.ssh_exception.SSHException: Error reading SSH protocol banner[WinError 10053] An established connection was aborted by the software in your host machine

----------------------------------------
Exception occurred during processing of request from ('127.0.0.1', 54182)
Traceback (most recent call last):
  File "C:\Users\kishw\AppData\Local\Programs\Python\Python314\Lib\socketserver.py", line 697, in process_request_thread
    self.finish_request(request, client_address)
    ~~~~~~~~~~~~~~~~~~~^^^^^^^^^^^^^^^^^^^^^^^^^
  File "C:\Users\kishw\AppData\Local\Programs\Python\Python314\Lib\socketserver.py", line 362, in finish_request
    self.RequestHandlerClass(request, client_address, self)
    ~~~~~~~~~~~~~~~~~~~~~~~~^^^^^^^^^^^^^^^^^^^^^^^^^^^^^^^
  File "C:\Users\kishw\AppData\Local\Programs\Python\Python314\Lib\socketserver.py", line 766, in __init__
    self.handle()
    ~~~~~~~~~~~^^
  File "C:\Users\kishw\OneDrive\Desktop\ccxs\services\smb_service.py", line 78, in handle
    self.send("smb-01: " + flag("smb-01"))
    ~~~~~~~~~^^^^^^^^^^^^^^^^^^^^^^^^^^^^^
  File "C:\Users\kishw\OneDrive\Desktop\ccxs\services\smb_service.py", line 72, in send
    self.wfile.write((text + "\r\n").encode("utf-8", "replace"))
    ~~~~~~~~~~~~~~~~^^^^^^^^^^^^^^^^^^^^^^^^^^^^^^^^^^^^^^^^^^^^
  File "C:\Users\kishw\AppData\Local\Programs\Python\Python314\Lib\socketserver.py", line 845, in write
    self._sock.sendall(b)
    ~~~~~~~~~~~~~~~~~~^^^
ConnectionAbortedError: [WinError 10053] An established connection was aborted by the software in your host machine
----------------------------------------
----------------------------------------
Exception occurred during processing of request from ('127.0.0.1', 63308)
Traceback (most recent call last):
  File "C:\Users\kishw\AppData\Local\Programs\Python\Python314\Lib\socketserver.py", line 697, in process_request_thread
    self.finish_request(request, client_address)
    ~~~~~~~~~~~~~~~~~~~^^^^^^^^^^^^^^^^^^^^^^^^^
  File "C:\Users\kishw\AppData\Local\Programs\Python\Python314\Lib\socketserver.py", line 362, in finish_request
    self.RequestHandlerClass(request, client_address, self)
    ~~~~~~~~~~~~~~~~~~~~~~~~^^^^^^^^^^^^^^^^^^^^^^^^^^^^^^^
  File "C:\Users\kishw\AppData\Local\Programs\Python\Python314\Lib\socketserver.py", line 766, in __init__
    self.handle()
    ~~~~~~~~~~~^^
  File "C:\Users\kishw\OneDrive\Desktop\ccxs\services\ftp_service.py", line 161, in handle
    raw = self.request.recv(2048)
ConnectionAbortedError: [WinError 10053] An established connection was aborted by the software in your host machine
----------------------------------------
Exception (server): Error reading SSH protocol banner[WinError 10054] An existing connection was forcibly closed by the remote host
Traceback (most recent call last):
  File "C:\Users\kishw\AppData\Local\Programs\Python\Python314\Lib\site-packages\paramiko\transport.py", line 2213, in _check_banner
    buf = self.packetizer.readline(timeout)
  File "C:\Users\kishw\AppData\Local\Programs\Python\Python314\Lib\site-packages\paramiko\packet.py", line 395, in readline
    buf += self._read_timeout(timeout)
           ~~~~~~~~~~~~~~~~~~^^^^^^^^^
  File "C:\Users\kishw\AppData\Local\Programs\Python\Python314\Lib\site-packages\paramiko\packet.py", line 663, in _read_timeout
    x = self.__socket.recv(128)
ConnectionResetError: [WinError 10054] An existing connection was forcibly closed by the remote host

During handling of the above exception, another exception occurred:

Traceback (most recent call last):
  File "C:\Users\kishw\AppData\Local\Programs\Python\Python314\Lib\site-packages\paramiko\transport.py", line 2029, in run
    self._check_banner()
    ~~~~~~~~~~~~~~~~~~^^
  File "C:\Users\kishw\AppData\Local\Programs\Python\Python314\Lib\site-packages\paramiko\transport.py", line 2217, in _check_banner
    raise SSHException(
        "Error reading SSH protocol banner" + str(e)
    )
paramiko.ssh_exception.SSHException: Error reading SSH protocol banner[WinError 10054] An existing connection was forcibly closed by the remote host

----------------------------------------
Exception occurred during processing of request from ('127.0.0.1', 63314)
Traceback (most recent call last):
  File "C:\Users\kishw\AppData\Local\Programs\Python\Python314\Lib\socketserver.py", line 697, in process_request_thread
    self.finish_request(request, client_address)
    ~~~~~~~~~~~~~~~~~~~^^^^^^^^^^^^^^^^^^^^^^^^^
  File "C:\Users\kishw\AppData\Local\Programs\Python\Python314\Lib\socketserver.py", line 362, in finish_request
    self.RequestHandlerClass(request, client_address, self)
    ~~~~~~~~~~~~~~~~~~~~~~~~^^^^^^^^^^^^^^^^^^^^^^^^^^^^^^^
  File "C:\Users\kishw\AppData\Local\Programs\Python\Python314\Lib\socketserver.py", line 766, in __init__
    self.handle()
    ~~~~~~~~~~~^^
  File "C:\Users\kishw\OneDrive\Desktop\ccxs\services\smb_service.py", line 78, in handle
    self.send("smb-01: " + flag("smb-01"))
    ~~~~~~~~~^^^^^^^^^^^^^^^^^^^^^^^^^^^^^
  File "C:\Users\kishw\OneDrive\Desktop\ccxs\services\smb_service.py", line 72, in send
    self.wfile.write((text + "\r\n").encode("utf-8", "replace"))
    ~~~~~~~~~~~~~~~~^^^^^^^^^^^^^^^^^^^^^^^^^^^^^^^^^^^^^^^^^^^^
  File "C:\Users\kishw\AppData\Local\Programs\Python\Python314\Lib\socketserver.py", line 845, in write
    self._sock.sendall(b)
    ~~~~~~~~~~~~~~~~~~^^^
ConnectionAbortedError: [WinError 10053] An established connection was aborted by the software in your host machine
----------------------------------------
----------------------------------------
Exception occurred during processing of request from ('127.0.0.1', 54432)
Traceback (most recent call last):
  File "C:\Users\kishw\AppData\Local\Programs\Python\Python314\Lib\socketserver.py", line 697, in process_request_thread
    self.finish_request(request, client_address)
    ~~~~~~~~~~~~~~~~~~~^^^^^^^^^^^^^^^^^^^^^^^^^
  File "C:\Users\kishw\AppData\Local\Programs\Python\Python314\Lib\socketserver.py", line 362, in finish_request
    self.RequestHandlerClass(request, client_address, self)
    ~~~~~~~~~~~~~~~~~~~~~~~~^^^^^^^^^^^^^^^^^^^^^^^^^^^^^^^
  File "C:\Users\kishw\AppData\Local\Programs\Python\Python314\Lib\socketserver.py", line 766, in __init__
    self.handle()
    ~~~~~~~~~~~^^
  File "C:\Users\kishw\OneDrive\Desktop\ccxs\services\ftp_service.py", line 161, in handle
    raw = self.request.recv(2048)
ConnectionResetError: [WinError 10054] An existing connection was forcibly closed by the remote host
----------------------------------------
Exception (server): Error reading SSH protocol banner[WinError 10053] An established connection was aborted by the software in your host machine
Traceback (most recent call last):
  File "C:\Users\kishw\AppData\Local\Programs\Python\Python314\Lib\site-packages\paramiko\transport.py", line 2213, in _check_banner
    buf = self.packetizer.readline(timeout)
  File "C:\Users\kishw\AppData\Local\Programs\Python\Python314\Lib\site-packages\paramiko\packet.py", line 395, in readline
    buf += self._read_timeout(timeout)
           ~~~~~~~~~~~~~~~~~~^^^^^^^^^
  File "C:\Users\kishw\AppData\Local\Programs\Python\Python314\Lib\site-packages\paramiko\packet.py", line 663, in _read_timeout
    x = self.__socket.recv(128)
ConnectionAbortedError: [WinError 10053] An established connection was aborted by the software in your host machine

During handling of the above exception, another exception occurred:

Traceback (most recent call last):
  File "C:\Users\kishw\AppData\Local\Programs\Python\Python314\Lib\site-packages\paramiko\transport.py", line 2029, in run
    self._check_banner()
    ~~~~~~~~~~~~~~~~~~^^
  File "C:\Users\kishw\AppData\Local\Programs\Python\Python314\Lib\site-packages\paramiko\transport.py", line 2217, in _check_banner
    raise SSHException(
        "Error reading SSH protocol banner" + str(e)
    )
paramiko.ssh_exception.SSHException: Error reading SSH protocol banner[WinError 10053] An established connection was aborted by the software in your host machine

----------------------------------------
Exception occurred during processing of request from ('127.0.0.1', 54438)
Traceback (most recent call last):
  File "C:\Users\kishw\AppData\Local\Programs\Python\Python314\Lib\socketserver.py", line 697, in process_request_thread
    self.finish_request(request, client_address)
    ~~~~~~~~~~~~~~~~~~~^^^^^^^^^^^^^^^^^^^^^^^^^
  File "C:\Users\kishw\AppData\Local\Programs\Python\Python314\Lib\socketserver.py", line 362, in finish_request
    self.RequestHandlerClass(request, client_address, self)
    ~~~~~~~~~~~~~~~~~~~~~~~~^^^^^^^^^^^^^^^^^^^^^^^^^^^^^^^
  File "C:\Users\kishw\AppData\Local\Programs\Python\Python314\Lib\socketserver.py", line 766, in __init__
    self.handle()
    ~~~~~~~~~~~^^
  File "C:\Users\kishw\OneDrive\Desktop\ccxs\services\smb_service.py", line 78, in handle
    self.send("smb-01: " + flag("smb-01"))
    ~~~~~~~~~^^^^^^^^^^^^^^^^^^^^^^^^^^^^^
  File "C:\Users\kishw\OneDrive\Desktop\ccxs\services\smb_service.py", line 72, in send
    self.wfile.write((text + "\r\n").encode("utf-8", "replace"))
    ~~~~~~~~~~~~~~~~^^^^^^^^^^^^^^^^^^^^^^^^^^^^^^^^^^^^^^^^^^^^
  File "C:\Users\kishw\AppData\Local\Programs\Python\Python314\Lib\socketserver.py", line 845, in write
    self._sock.sendall(b)
    ~~~~~~~~~~~~~~~~~~^^^
ConnectionAbortedError: [WinError 10053] An established connection was aborted by the software in your host machine
----------------------------------------
----------------------------------------
Exception occurred during processing of request from ('127.0.0.1', 56570)
Traceback (most recent call last):
  File "C:\Users\kishw\AppData\Local\Programs\Python\Python314\Lib\socketserver.py", line 697, in process_request_thread
    self.finish_request(request, client_address)
    ~~~~~~~~~~~~~~~~~~~^^^^^^^^^^^^^^^^^^^^^^^^^
  File "C:\Users\kishw\AppData\Local\Programs\Python\Python314\Lib\socketserver.py", line 362, in finish_request
    self.RequestHandlerClass(request, client_address, self)
    ~~~~~~~~~~~~~~~~~~~~~~~~^^^^^^^^^^^^^^^^^^^^^^^^^^^^^^^
  File "C:\Users\kishw\AppData\Local\Programs\Python\Python314\Lib\socketserver.py", line 766, in __init__
    self.handle()
    ~~~~~~~~~~~^^
  File "C:\Users\kishw\OneDrive\Desktop\ccxs\services\ftp_service.py", line 161, in handle
    raw = self.request.recv(2048)
ConnectionResetError: [WinError 10054] An existing connection was forcibly closed by the remote host
----------------------------------------
Exception (server): Error reading SSH protocol banner[WinError 10053] An established connection was aborted by the software in your host machine
Traceback (most recent call last):
  File "C:\Users\kishw\AppData\Local\Programs\Python\Python314\Lib\site-packages\paramiko\transport.py", line 2213, in _check_banner
    buf = self.packetizer.readline(timeout)
  File "C:\Users\kishw\AppData\Local\Programs\Python\Python314\Lib\site-packages\paramiko\packet.py", line 395, in readline
    buf += self._read_timeout(timeout)
           ~~~~~~~~~~~~~~~~~~^^^^^^^^^
  File "C:\Users\kishw\AppData\Local\Programs\Python\Python314\Lib\site-packages\paramiko\packet.py", line 663, in _read_timeout
    x = self.__socket.recv(128)
ConnectionAbortedError: [WinError 10053] An established connection was aborted by the software in your host machine

During handling of the above exception, another exception occurred:

Traceback (most recent call last):
  File "C:\Users\kishw\AppData\Local\Programs\Python\Python314\Lib\site-packages\paramiko\transport.py", line 2029, in run
    self._check_banner()
    ~~~~~~~~~~~~~~~~~~^^
  File "C:\Users\kishw\AppData\Local\Programs\Python\Python314\Lib\site-packages\paramiko\transport.py", line 2217, in _check_banner
    raise SSHException(
        "Error reading SSH protocol banner" + str(e)
    )
paramiko.ssh_exception.SSHException: Error reading SSH protocol banner[WinError 10053] An established connection was aborted by the software in your host machine

----------------------------------------
Exception occurred during processing of request from ('127.0.0.1', 57048)
Traceback (most recent call last):
  File "C:\Users\kishw\AppData\Local\Programs\Python\Python314\Lib\socketserver.py", line 697, in process_request_thread
    self.finish_request(request, client_address)
    ~~~~~~~~~~~~~~~~~~~^^^^^^^^^^^^^^^^^^^^^^^^^
  File "C:\Users\kishw\AppData\Local\Programs\Python\Python314\Lib\socketserver.py", line 362, in finish_request
    self.RequestHandlerClass(request, client_address, self)
    ~~~~~~~~~~~~~~~~~~~~~~~~^^^^^^^^^^^^^^^^^^^^^^^^^^^^^^^
  File "C:\Users\kishw\AppData\Local\Programs\Python\Python314\Lib\socketserver.py", line 766, in __init__
    self.handle()
    ~~~~~~~~~~~^^
  File "C:\Users\kishw\OneDrive\Desktop\ccxs\services\smb_service.py", line 78, in handle
    self.send("smb-01: " + flag("smb-01"))
    ~~~~~~~~~^^^^^^^^^^^^^^^^^^^^^^^^^^^^^
  File "C:\Users\kishw\OneDrive\Desktop\ccxs\services\smb_service.py", line 72, in send
    self.wfile.write((text + "\r\n").encode("utf-8", "replace"))
    ~~~~~~~~~~~~~~~~^^^^^^^^^^^^^^^^^^^^^^^^^^^^^^^^^^^^^^^^^^^^
  File "C:\Users\kishw\AppData\Local\Programs\Python\Python314\Lib\socketserver.py", line 845, in write
    self._sock.sendall(b)
    ~~~~~~~~~~~~~~~~~~^^^
ConnectionAbortedError: [WinError 10053] An established connection was aborted by the software in your host machine
----------------------------------------
----------------------------------------
Exception occurred during processing of request from ('127.0.0.1', 52356)
Traceback (most recent call last):
  File "C:\Users\kishw\AppData\Local\Programs\Python\Python314\Lib\socketserver.py", line 697, in process_request_thread
    self.finish_request(request, client_address)
    ~~~~~~~~~~~~~~~~~~~^^^^^^^^^^^^^^^^^^^^^^^^^
Exception (server): Error reading SSH protocol banner[WinError 10053] An established connection was aborted by the software in your host machine
  File "C:\Users\kishw\AppData\Local\Programs\Python\Python314\Lib\socketserver.py", line 362, in finish_request
    self.RequestHandlerClass(request, client_address, self)
    ~~~~~~~~~~~~~~~~~~~~~~~~^^^^^^^^^^^^^^^^^^^^^^^^^^^^^^^
  File "C:\Users\kishw\AppData\Local\Programs\Python\Python314\Lib\socketserver.py", line 766, in __init__
    self.handle()
    ~~~~~~~~~~~^^
  File "C:\Users\kishw\OneDrive\Desktop\ccxs\services\ftp_service.py", line 161, in handle
    raw = self.request.recv(2048)
ConnectionAbortedError: [WinError 10053] An established connection was aborted by the software in your host machine
----------------------------------------
Traceback (most recent call last):
  File "C:\Users\kishw\AppData\Local\Programs\Python\Python314\Lib\site-packages\paramiko\transport.py", line 2213, in _check_banner
    buf = self.packetizer.readline(timeout)
  File "C:\Users\kishw\AppData\Local\Programs\Python\Python314\Lib\site-packages\paramiko\packet.py", line 395, in readline
    buf += self._read_timeout(timeout)
           ~~~~~~~~~~~~~~~~~~^^^^^^^^^
  File "C:\Users\kishw\AppData\Local\Programs\Python\Python314\Lib\site-packages\paramiko\packet.py", line 663, in _read_timeout
    x = self.__socket.recv(128)
ConnectionAbortedError: [WinError 10053] An established connection was aborted by the software in your host machine

During handling of the above exception, another exception occurred:

Traceback (most recent call last):
  File "C:\Users\kishw\AppData\Local\Programs\Python\Python314\Lib\site-packages\paramiko\transport.py", line 2029, in run
    self._check_banner()
    ~~~~~~~~~~~~~~~~~~^^
  File "C:\Users\kishw\AppData\Local\Programs\Python\Python314\Lib\site-packages\paramiko\transport.py", line 2217, in _check_banner
    raise SSHException(
        "Error reading SSH protocol banner" + str(e)
    )
paramiko.ssh_exception.SSHException: Error reading SSH protocol banner[WinError 10053] An established connection was aborted by the software in your host machine

----------------------------------------
Exception occurred during processing of request from ('127.0.0.1', 52362)
Traceback (most recent call last):
  File "C:\Users\kishw\AppData\Local\Programs\Python\Python314\Lib\socketserver.py", line 697, in process_request_thread
    self.finish_request(request, client_address)
    ~~~~~~~~~~~~~~~~~~~^^^^^^^^^^^^^^^^^^^^^^^^^
  File "C:\Users\kishw\AppData\Local\Programs\Python\Python314\Lib\socketserver.py", line 362, in finish_request
    self.RequestHandlerClass(request, client_address, self)
    ~~~~~~~~~~~~~~~~~~~~~~~~^^^^^^^^^^^^^^^^^^^^^^^^^^^^^^^
  File "C:\Users\kishw\AppData\Local\Programs\Python\Python314\Lib\socketserver.py", line 766, in __init__
    self.handle()
    ~~~~~~~~~~~^^
  File "C:\Users\kishw\OneDrive\Desktop\ccxs\services\smb_service.py", line 78, in handle
    self.send("smb-01: " + flag("smb-01"))
    ~~~~~~~~~^^^^^^^^^^^^^^^^^^^^^^^^^^^^^
  File "C:\Users\kishw\OneDrive\Desktop\ccxs\services\smb_service.py", line 72, in send
    self.wfile.write((text + "\r\n").encode("utf-8", "replace"))
    ~~~~~~~~~~~~~~~~^^^^^^^^^^^^^^^^^^^^^^^^^^^^^^^^^^^^^^^^^^^^
  File "C:\Users\kishw\AppData\Local\Programs\Python\Python314\Lib\socketserver.py", line 845, in write
    self._sock.sendall(b)
    ~~~~~~~~~~~~~~~~~~^^^
ConnectionAbortedError: [WinError 10053] An established connection was aborted by the software in your host machine
----------------------------------------
----------------------------------------
Exception occurred during processing of request from ('192.168.1.10', 57200)
Traceback (most recent call last):
  File "C:\Users\kishw\AppData\Local\Programs\Python\Python314\Lib\socketserver.py", line 697, in process_request_thread
    self.finish_request(request, client_address)
    ~~~~~~~~~~~~~~~~~~~^^^^^^^^^^^^^^^^^^^^^^^^^
  File "C:\Users\kishw\AppData\Local\Programs\Python\Python314\Lib\socketserver.py", line 362, in finish_request
    self.RequestHandlerClass(request, client_address, self)
    ~~~~~~~~~~~~~~~~~~~~~~~~^^^^^^^^^^^^^^^^^^^^^^^^^^^^^^^
  File "C:\Users\kishw\AppData\Local\Programs\Python\Python314\Lib\socketserver.py", line 766, in __init__
    self.handle()
    ~~~~~~~~~~~^^
  File "C:\Users\kishw\OneDrive\Desktop\ccxs\services\ftp_service.py", line 161, in handle
    raw = self.request.recv(2048)
ConnectionResetError: [WinError 10054] An existing connection was forcibly closed by the remote host
----------------------------------------
Exception (server): Error reading SSH protocol banner[WinError 10053] An established connection was aborted by the software in your host machine
Traceback (most recent call last):
  File "C:\Users\kishw\AppData\Local\Programs\Python\Python314\Lib\site-packages\paramiko\transport.py", line 2213, in _check_banner
    buf = self.packetizer.readline(timeout)
  File "C:\Users\kishw\AppData\Local\Programs\Python\Python314\Lib\site-packages\paramiko\packet.py", line 395, in readline
    buf += self._read_timeout(timeout)
           ~~~~~~~~~~~~~~~~~~^^^^^^^^^
  File "C:\Users\kishw\AppData\Local\Programs\Python\Python314\Lib\site-packages\paramiko\packet.py", line 663, in _read_timeout
    x = self.__socket.recv(128)
ConnectionAbortedError: [WinError 10053] An established connection was aborted by the software in your host machine

During handling of the above exception, another exception occurred:

Traceback (most recent call last):
  File "C:\Users\kishw\AppData\Local\Programs\Python\Python314\Lib\site-packages\paramiko\transport.py", line 2029, in run
    self._check_banner()
    ~~~~~~~~~~~~~~~~~~^^
  File "C:\Users\kishw\AppData\Local\Programs\Python\Python314\Lib\site-packages\paramiko\transport.py", line 2217, in _check_banner
    raise SSHException(
        "Error reading SSH protocol banner" + str(e)
    )
paramiko.ssh_exception.SSHException: Error reading SSH protocol banner[WinError 10053] An established connection was aborted by the software in your host machine

----------------------------------------
Exception occurred during processing of request from ('192.168.1.10', 57203)
Traceback (most recent call last):
  File "C:\Users\kishw\AppData\Local\Programs\Python\Python314\Lib\socketserver.py", line 697, in process_request_thread
    self.finish_request(request, client_address)
    ~~~~~~~~~~~~~~~~~~~^^^^^^^^^^^^^^^^^^^^^^^^^
  File "C:\Users\kishw\AppData\Local\Programs\Python\Python314\Lib\socketserver.py", line 362, in finish_request
    self.RequestHandlerClass(request, client_address, self)
    ~~~~~~~~~~~~~~~~~~~~~~~~^^^^^^^^^^^^^^^^^^^^^^^^^^^^^^^
  File "C:\Users\kishw\AppData\Local\Programs\Python\Python314\Lib\socketserver.py", line 766, in __init__
    self.handle()
    ~~~~~~~~~~~^^
  File "C:\Users\kishw\OneDrive\Desktop\ccxs\services\smb_service.py", line 78, in handle
    self.send("smb-01: " + flag("smb-01"))
    ~~~~~~~~~^^^^^^^^^^^^^^^^^^^^^^^^^^^^^
  File "C:\Users\kishw\OneDrive\Desktop\ccxs\services\smb_service.py", line 72, in send
    self.wfile.write((text + "\r\n").encode("utf-8", "replace"))
    ~~~~~~~~~~~~~~~~^^^^^^^^^^^^^^^^^^^^^^^^^^^^^^^^^^^^^^^^^^^^
  File "C:\Users\kishw\AppData\Local\Programs\Python\Python314\Lib\socketserver.py", line 845, in write
    self._sock.sendall(b)
    ~~~~~~~~~~~~~~~~~~^^^
ConnectionAbortedError: [WinError 10053] An established connection was aborted by the software in your host machine
----------------------------------------
192.168.1.10 - - [06/Oct/2026 10:23:41] "GET / HTTP/1.1" 200 -
192.168.1.10 - - [06/Oct/2026 10:23:41] "GET /debug-lab/info HTTP/1.1" 200 -
192.168.1.10 - - [06/Oct/2026 10:23:41] "GET /debug-lab/console?pin=511331-430&code=open(r'C:\\Users\\kishw\\OneDrive\\Desktop\\ccxs\\data\\flagfiles\\debugger.flag').read() HTTP/1.1" 200 -
----------------------------------------
Exception occurred during processing of request from ('127.0.0.1', 58431)
Traceback (most recent call last):
  File "C:\Users\kishw\AppData\Local\Programs\Python\Python314\Lib\socketserver.py", line 697, in process_request_thread
    self.finish_request(request, client_address)
    ~~~~~~~~~~~~~~~~~~~^^^^^^^^^^^^^^^^^^^^^^^^^
  File "C:\Users\kishw\AppData\Local\Programs\Python\Python314\Lib\socketserver.py", line 362, in finish_request
    self.RequestHandlerClass(request, client_address, self)
    ~~~~~~~~~~~~~~~~~~~~~~~~^^^^^^^^^^^^^^^^^^^^^^^^^^^^^^^
  File "C:\Users\kishw\AppData\Local\Programs\Python\Python314\Lib\socketserver.py", line 766, in __init__
    self.handle()
    ~~~~~~~~~~~^^
  File "C:\Users\kishw\OneDrive\Desktop\ccxs\services\ftp_service.py", line 161, in handle
    raw = self.request.recv(2048)
ConnectionResetError: [WinError 10054] An existing connection was forcibly closed by the remote host
----------------------------------------
Exception (server): Error reading SSH protocol banner[WinError 10053] An established connection was aborted by the software in your host machine
Traceback (most recent call last):
  File "C:\Users\kishw\AppData\Local\Programs\Python\Python314\Lib\site-packages\paramiko\transport.py", line 2213, in _check_banner
    buf = self.packetizer.readline(timeout)
  File "C:\Users\kishw\AppData\Local\Programs\Python\Python314\Lib\site-packages\paramiko\packet.py", line 395, in readline
    buf += self._read_timeout(timeout)
           ~~~~~~~~~~~~~~~~~~^^^^^^^^^
  File "C:\Users\kishw\AppData\Local\Programs\Python\Python314\Lib\site-packages\paramiko\packet.py", line 663, in _read_timeout
    x = self.__socket.recv(128)
ConnectionAbortedError: [WinError 10053] An established connection was aborted by the software in your host machine

During handling of the above exception, another exception occurred:

Traceback (most recent call last):
  File "C:\Users\kishw\AppData\Local\Programs\Python\Python314\Lib\site-packages\paramiko\transport.py", line 2029, in run
    self._check_banner()
    ~~~~~~~~~~~~~~~~~~^^
  File "C:\Users\kishw\AppData\Local\Programs\Python\Python314\Lib\site-packages\paramiko\transport.py", line 2217, in _check_banner
    raise SSHException(
        "Error reading SSH protocol banner" + str(e)
    )
paramiko.ssh_exception.SSHException: Error reading SSH protocol banner[WinError 10053] An established connection was aborted by the software in your host machine

----------------------------------------
Exception occurred during processing of request from ('127.0.0.1', 58437)
Traceback (most recent call last):
  File "C:\Users\kishw\AppData\Local\Programs\Python\Python314\Lib\socketserver.py", line 697, in process_request_thread
    self.finish_request(request, client_address)
    ~~~~~~~~~~~~~~~~~~~^^^^^^^^^^^^^^^^^^^^^^^^^
  File "C:\Users\kishw\AppData\Local\Programs\Python\Python314\Lib\socketserver.py", line 362, in finish_request
    self.RequestHandlerClass(request, client_address, self)
    ~~~~~~~~~~~~~~~~~~~~~~~~^^^^^^^^^^^^^^^^^^^^^^^^^^^^^^^
  File "C:\Users\kishw\AppData\Local\Programs\Python\Python314\Lib\socketserver.py", line 766, in __init__
    self.handle()
    ~~~~~~~~~~~^^
  File "C:\Users\kishw\OneDrive\Desktop\ccxs\services\smb_service.py", line 78, in handle
    self.send("smb-01: " + flag("smb-01"))
    ~~~~~~~~~^^^^^^^^^^^^^^^^^^^^^^^^^^^^^
  File "C:\Users\kishw\OneDrive\Desktop\ccxs\services\smb_service.py", line 72, in send
    self.wfile.write((text + "\r\n").encode("utf-8", "replace"))
    ~~~~~~~~~~~~~~~~^^^^^^^^^^^^^^^^^^^^^^^^^^^^^^^^^^^^^^^^^^^^
  File "C:\Users\kishw\AppData\Local\Programs\Python\Python314\Lib\socketserver.py", line 845, in write
    self._sock.sendall(b)
    ~~~~~~~~~~~~~~~~~~^^^
ConnectionAbortedError: [WinError 10053] An established connection was aborted by the software in your host machine
----------------------------------------
192.168.1.10 - - [06/Oct/2026 10:31:08] "GET /debug-lab/console?pin=511331-430&code=2%2B2 HTTP/1.1" 200 -
192.168.1.10 - - [06/Oct/2026 10:32:19] "GET / HTTP/1.1" 200 -
192.168.1.10 - - [06/Oct/2026 10:32:19] "GET /debug-lab/info HTTP/1.1" 200 -
192.168.1.10 - - [06/Oct/2026 10:32:19] "GET /debug-lab/console?pin=511331-430&code=open(r'C:\\\\Users\\\\kishw\\\\OneDrive\\\\Desktop\\\\ccxs\\\\data\\\\flagfiles\\\\debugger.flag').read() HTTP/1.1" 200 -
192.168.1.10 - - [06/Oct/2026 10:32:19] "GET /debug-lab/console?pin=000-000&code=1%2B1 HTTP/1.1" 401 -
----------------------------------------
Exception occurred during processing of request from ('192.168.1.10', 54178)
Traceback (most recent call last):
  File "C:\Users\kishw\AppData\Local\Programs\Python\Python314\Lib\socketserver.py", line 697, in process_request_thread
    self.finish_request(request, client_address)
    ~~~~~~~~~~~~~~~~~~~^^^^^^^^^^^^^^^^^^^^^^^^^
----------------------------------------
  File "C:\Users\kishw\AppData\Local\Programs\Python\Python314\Lib\socketserver.py", line 362, in finish_request
    self.RequestHandlerClass(request, client_address, self)
    ~~~~~~~~~~~~~~~~~~~~~~~~^^^^^^^^^^^^^^^^^^^^^^^^^^^^^^^
Exception occurred during processing of request from ('127.0.0.1', 54179)
  File "C:\Users\kishw\AppData\Local\Programs\Python\Python314\Lib\socketserver.py", line 766, in __init__
    self.handle()
    ~~~~~~~~~~~^^
  File "C:\Users\kishw\OneDrive\Desktop\ccxs\services\ftp_service.py", line 161, in handle
    raw = self.request.recv(2048)
ConnectionResetError: [WinError 10054] An existing connection was forcibly closed by the remote host
----------------------------------------
Traceback (most recent call last):
  File "C:\Users\kishw\AppData\Local\Programs\Python\Python314\Lib\socketserver.py", line 697, in process_request_thread
    self.finish_request(request, client_address)
    ~~~~~~~~~~~~~~~~~~~^^^^^^^^^^^^^^^^^^^^^^^^^
  File "C:\Users\kishw\AppData\Local\Programs\Python\Python314\Lib\socketserver.py", line 362, in finish_request
    self.RequestHandlerClass(request, client_address, self)
    ~~~~~~~~~~~~~~~~~~~~~~~~^^^^^^^^^^^^^^^^^^^^^^^^^^^^^^^
  File "C:\Users\kishw\AppData\Local\Programs\Python\Python314\Lib\socketserver.py", line 766, in __init__
    self.handle()
    ~~~~~~~~~~~^^
  File "C:\Users\kishw\OneDrive\Desktop\ccxs\services\ftp_service.py", line 161, in handle
    raw = self.request.recv(2048)
ConnectionAbortedError: [WinError 10053] An established connection was aborted by the software in your host machine
----------------------------------------
Exception (server): Error reading SSH protocol banner[WinError 10054] An existing connection was forcibly closed by the remote host
Traceback (most recent call last):
  File "C:\Users\kishw\AppData\Local\Programs\Python\Python314\Lib\site-packages\paramiko\transport.py", line 2213, in _check_banner
    buf = self.packetizer.readline(timeout)
  File "C:\Users\kishw\AppData\Local\Programs\Python\Python314\Lib\site-packages\paramiko\packet.py", line 395, in readline
    buf += self._read_timeout(timeout)
           ~~~~~~~~~~~~~~~~~~^^^^^^^^^
  File "C:\Users\kishw\AppData\Local\Programs\Python\Python314\Lib\site-packages\paramiko\packet.py", line 663, in _read_timeout
    x = self.__socket.recv(128)
ConnectionResetError: [WinError 10054] An existing connection was forcibly closed by the remote host

During handling of the above exception, another exception occurred:

Traceback (most recent call last):
  File "C:\Users\kishw\AppData\Local\Programs\Python\Python314\Lib\site-packages\paramiko\transport.py", line 2029, in run
    self._check_banner()
    ~~~~~~~~~~~~~~~~~~^^
  File "C:\Users\kishw\AppData\Local\Programs\Python\Python314\Lib\site-packages\paramiko\transport.py", line 2217, in _check_banner
    raise SSHException(
        "Error reading SSH protocol banner" + str(e)
    )
paramiko.ssh_exception.SSHException: Error reading SSH protocol banner[WinError 10054] An existing connection was forcibly closed by the remote host

Exception (server): Error reading SSH protocol banner[WinError 10053] An established connection was aborted by the software in your host machine
Traceback (most recent call last):
  File "C:\Users\kishw\AppData\Local\Programs\Python\Python314\Lib\site-packages\paramiko\transport.py", line 2213, in _check_banner
    buf = self.packetizer.readline(timeout)
  File "C:\Users\kishw\AppData\Local\Programs\Python\Python314\Lib\site-packages\paramiko\packet.py", line 395, in readline
    buf += self._read_timeout(timeout)
           ~~~~~~~~~~~~~~~~~~^^^^^^^^^
  File "C:\Users\kishw\AppData\Local\Programs\Python\Python314\Lib\site-packages\paramiko\packet.py", line 663, in _read_timeout
    x = self.__socket.recv(128)
ConnectionAbortedError: [WinError 10053] An established connection was aborted by the software in your host machine

During handling of the above exception, another exception occurred:

Traceback (most recent call last):
  File "C:\Users\kishw\AppData\Local\Programs\Python\Python314\Lib\site-packages\paramiko\transport.py", line 2029, in run
    self._check_banner()
    ~~~~~~~~~~~~~~~~~~^^
  File "C:\Users\kishw\AppData\Local\Programs\Python\Python314\Lib\site-packages\paramiko\transport.py", line 2217, in _check_banner
    raise SSHException(
        "Error reading SSH protocol banner" + str(e)
    )
paramiko.ssh_exception.SSHException: Error reading SSH protocol banner[WinError 10053] An established connection was aborted by the software in your host machine

----------------------------------------
Exception occurred during processing of request from ('192.168.1.10', 54184)
Traceback (most recent call last):
  File "C:\Users\kishw\AppData\Local\Programs\Python\Python314\Lib\socketserver.py", line 697, in process_request_thread
    self.finish_request(request, client_address)
    ~~~~~~~~~~~~~~~~~~~^^^^^^^^^^^^^^^^^^^^^^^^^
  File "C:\Users\kishw\AppData\Local\Programs\Python\Python314\Lib\socketserver.py", line 362, in finish_request
    self.RequestHandlerClass(request, client_address, self)
    ~~~~~~~~~~~~~~~~~~~~~~~~^^^^^^^^^^^^^^^^^^^^^^^^^^^^^^^
  File "C:\Users\kishw\AppData\Local\Programs\Python\Python314\Lib\socketserver.py", line 766, in __init__
    self.handle()
    ~~~~~~~~~~~^^
  File "C:\Users\kishw\OneDrive\Desktop\ccxs\services\smb_service.py", line 78, in handle
    self.send("smb-01: " + flag("smb-01"))
    ~~~~~~~~~^^^^^^^^^^^^^^^^^^^^^^^^^^^^^
  File "C:\Users\kishw\OneDrive\Desktop\ccxs\services\smb_service.py", line 72, in send
    self.wfile.write((text + "\r\n").encode("utf-8", "replace"))
    ~~~~~~~~~~~~~~~~^^^^^^^^^^^^^^^^^^^^^^^^^^^^^^^^^^^^^^^^^^^^
  File "C:\Users\kishw\AppData\Local\Programs\Python\Python314\Lib\socketserver.py", line 845, in write
    self._sock.sendall(b)
    ~~~~~~~~~~~~~~~~~~^^^
ConnectionAbortedError: [WinError 10053] An established connection was aborted by the software in your host machine
----------------------------------------
----------------------------------------
Exception occurred during processing of request from ('127.0.0.1', 54185)
Traceback (most recent call last):
  File "C:\Users\kishw\AppData\Local\Programs\Python\Python314\Lib\socketserver.py", line 697, in process_request_thread
    self.finish_request(request, client_address)
    ~~~~~~~~~~~~~~~~~~~^^^^^^^^^^^^^^^^^^^^^^^^^
  File "C:\Users\kishw\AppData\Local\Programs\Python\Python314\Lib\socketserver.py", line 362, in finish_request
    self.RequestHandlerClass(request, client_address, self)
    ~~~~~~~~~~~~~~~~~~~~~~~~^^^^^^^^^^^^^^^^^^^^^^^^^^^^^^^
  File "C:\Users\kishw\AppData\Local\Programs\Python\Python314\Lib\socketserver.py", line 766, in __init__
    self.handle()
    ~~~~~~~~~~~^^
  File "C:\Users\kishw\OneDrive\Desktop\ccxs\services\smb_service.py", line 78, in handle
    self.send("smb-01: " + flag("smb-01"))
    ~~~~~~~~~^^^^^^^^^^^^^^^^^^^^^^^^^^^^^
  File "C:\Users\kishw\OneDrive\Desktop\ccxs\services\smb_service.py", line 72, in send
    self.wfile.write((text + "\r\n").encode("utf-8", "replace"))
    ~~~~~~~~~~~~~~~~^^^^^^^^^^^^^^^^^^^^^^^^^^^^^^^^^^^^^^^^^^^^
  File "C:\Users\kishw\AppData\Local\Programs\Python\Python314\Lib\socketserver.py", line 845, in write
    self._sock.sendall(b)
    ~~~~~~~~~~~~~~~~~~^^^
ConnectionAbortedError: [WinError 10053] An established connection was aborted by the software in your host machine
----------------------------------------
----------------------------------------
Exception occurred during processing of request from ('192.168.1.10', 63930)
Exception (server): Error reading SSH protocol banner[WinError 10053] An established connection was aborted by the software in your host machine
Traceback (most recent call last):
  File "C:\Users\kishw\AppData\Local\Programs\Python\Python314\Lib\socketserver.py", line 697, in process_request_thread
    self.finish_request(request, client_address)
    ~~~~~~~~~~~~~~~~~~~^^^^^^^^^^^^^^^^^^^^^^^^^
  File "C:\Users\kishw\AppData\Local\Programs\Python\Python314\Lib\socketserver.py", line 362, in finish_request
    self.RequestHandlerClass(request, client_address, self)
    ~~~~~~~~~~~~~~~~~~~~~~~~^^^^^^^^^^^^^^^^^^^^^^^^^^^^^^^
  File "C:\Users\kishw\AppData\Local\Programs\Python\Python314\Lib\socketserver.py", line 766, in __init__
    self.handle()
    ~~~~~~~~~~~^^
  File "C:\Users\kishw\OneDrive\Desktop\ccxs\services\ftp_service.py", line 161, in handle
    raw = self.request.recv(2048)
ConnectionAbortedError: [WinError 10053] An established connection was aborted by the software in your host machine
----------------------------------------
Traceback (most recent call last):
  File "C:\Users\kishw\AppData\Local\Programs\Python\Python314\Lib\site-packages\paramiko\transport.py", line 2213, in _check_banner
    buf = self.packetizer.readline(timeout)
  File "C:\Users\kishw\AppData\Local\Programs\Python\Python314\Lib\site-packages\paramiko\packet.py", line 395, in readline
    buf += self._read_timeout(timeout)
           ~~~~~~~~~~~~~~~~~~^^^^^^^^^
  File "C:\Users\kishw\AppData\Local\Programs\Python\Python314\Lib\site-packages\paramiko\packet.py", line 663, in _read_timeout
    x = self.__socket.recv(128)
ConnectionAbortedError: [WinError 10053] An established connection was aborted by the software in your host machine

During handling of the above exception, another exception occurred:

Traceback (most recent call last):
  File "C:\Users\kishw\AppData\Local\Programs\Python\Python314\Lib\site-packages\paramiko\transport.py", line 2029, in run
    self._check_banner()
    ~~~~~~~~~~~~~~~~~~^^
  File "C:\Users\kishw\AppData\Local\Programs\Python\Python314\Lib\site-packages\paramiko\transport.py", line 2217, in _check_banner
    raise SSHException(
        "Error reading SSH protocol banner" + str(e)
    )
paramiko.ssh_exception.SSHException: Error reading SSH protocol banner[WinError 10053] An established connection was aborted by the software in your host machine

==================================================================
  VulnLab services
  AUTHORIZED LAB ONLY - every service here is vulnerable on purpose
  bind: 0.0.0.0
==================================================================
  ftp        2121   FTP service
  telnet     2323   Telnet management console
  ssh        2222   SSH service (simulated Linux host)
  smb        4450   SMB share simulator
  debug-lab  8000   Debug-lab (Werkzeug debugger research)
  internals  8081   Hidden service catalogue
  cache      6379   Cache service (rabbit hole)
==================================================================
  lab data prepared under C:\Users\kishw\OneDrive\Desktop\ccxs\data
  press Ctrl+C to stop
==============================================================
  VulnLab FTP  (anonymous login allowed, on purpose)
  ftp://0.0.0.0:2121
==============================================================
  [ftp] started
==============================================================
  VulnLab Telnet management console (plaintext, on purpose)
  telnet 0.0.0.0:2323
==============================================================
  [telnet] started
==============================================================
  VulnLab SSH  (simulated Linux host, root never touches this disk)
  ssh -p 2222 student@0.0.0.0
==============================================================
  [ssh] started
==============================================================
  VulnLab SMB simulator (real SMB needs Linux - see smb/README.md)
  tcp://0.0.0.0:4450
==============================================================
  [smb] started
==============================================================
  VulnLab debug-lab  (debugger research instance)
  http://0.0.0.0:8000/
==============================================================
 * Serving Flask app 'services.debug_lab'
 * Debug mode: off
----------------------------------------
Exception occurred during processing of request from ('192.168.1.10', 63933)
Traceback (most recent call last):
  File "C:\Users\kishw\AppData\Local\Programs\Python\Python314\Lib\socketserver.py", line 697, in process_request_thread
    self.finish_request(request, client_address)
    ~~~~~~~~~~~~~~~~~~~^^^^^^^^^^^^^^^^^^^^^^^^^
  File "C:\Users\kishw\AppData\Local\Programs\Python\Python314\Lib\socketserver.py", line 362, in finish_request
    self.RequestHandlerClass(request, client_address, self)
    ~~~~~~~~~~~~~~~~~~~~~~~~^^^^^^^^^^^^^^^^^^^^^^^^^^^^^^^
  File "C:\Users\kishw\AppData\Local\Programs\Python\Python314\Lib\socketserver.py", line 766, in __init__
    self.handle()
    ~~~~~~~~~~~^^
  File "C:\Users\kishw\OneDrive\Desktop\ccxs\services\smb_service.py", line 78, in handle
    self.send("smb-01: " + flag("smb-01"))
    ~~~~~~~~~^^^^^^^^^^^^^^^^^^^^^^^^^^^^^
  File "C:\Users\kishw\OneDrive\Desktop\ccxs\services\smb_service.py", line 72, in send
    self.wfile.write((text + "\r\n").encode("utf-8", "replace"))
    ~~~~~~~~~~~~~~~~^^^^^^^^^^^^^^^^^^^^^^^^^^^^^^^^^^^^^^^^^^^^
  File "C:\Users\kishw\AppData\Local\Programs\Python\Python314\Lib\socketserver.py", line 845, in write
    self._sock.sendall(b)
    ~~~~~~~~~~~~~~~~~~^^^
ConnectionAbortedError: [WinError 10053] An established connection was aborted by the software in your host machine
----------------------------------------
WARNING: This is a development server. Do not use it in a production deployment. Use a production WSGI server instead.
 * Running on all addresses (0.0.0.0)
 * Running on http://127.0.0.1:8000
 * Running on http://192.168.1.10:8000
Press CTRL+C to quit
----------------------------------------
Exception occurred during processing of request from ('192.168.1.10', 59570)
Traceback (most recent call last):
  File "C:\Users\kishw\AppData\Local\Programs\Python\Python314\Lib\socketserver.py", line 697, in process_request_thread
    self.finish_request(request, client_address)
    ~~~~~~~~~~~~~~~~~~~^^^^^^^^^^^^^^^^^^^^^^^^^
  File "C:\Users\kishw\AppData\Local\Programs\Python\Python314\Lib\socketserver.py", line 362, in finish_request
    self.RequestHandlerClass(request, client_address, self)
    ~~~~~~~~~~~~~~~~~~~~~~~~^^^^^^^^^^^^^^^^^^^^^^^^^^^^^^^
  File "C:\Users\kishw\AppData\Local\Programs\Python\Python314\Lib\socketserver.py", line 766, in __init__
    self.handle()
    ~~~~~~~~~~~^^
  File "C:\Users\kishw\OneDrive\Desktop\ccxs\services\ftp_service.py", line 161, in handle
    raw = self.request.recv(2048)
ConnectionAbortedError: [WinError 10053] An established connection was aborted by the software in your host machine
----------------------------------------
Exception (server): Error reading SSH protocol banner[WinError 10053] An established connection was aborted by the software in your host machine
Traceback (most recent call last):
  File "C:\Users\kishw\AppData\Local\Programs\Python\Python314\Lib\site-packages\paramiko\transport.py", line 2213, in _check_banner
    buf = self.packetizer.readline(timeout)
  File "C:\Users\kishw\AppData\Local\Programs\Python\Python314\Lib\site-packages\paramiko\packet.py", line 395, in readline
    buf += self._read_timeout(timeout)
           ~~~~~~~~~~~~~~~~~~^^^^^^^^^
  File "C:\Users\kishw\AppData\Local\Programs\Python\Python314\Lib\site-packages\paramiko\packet.py", line 663, in _read_timeout
    x = self.__socket.recv(128)
ConnectionAbortedError: [WinError 10053] An established connection was aborted by the software in your host machine

During handling of the above exception, another exception occurred:

Traceback (most recent call last):
  File "C:\Users\kishw\AppData\Local\Programs\Python\Python314\Lib\site-packages\paramiko\transport.py", line 2029, in run
    self._check_banner()
    ~~~~~~~~~~~~~~~~~~^^
  File "C:\Users\kishw\AppData\Local\Programs\Python\Python314\Lib\site-packages\paramiko\transport.py", line 2217, in _check_banner
    raise SSHException(
        "Error reading SSH protocol banner" + str(e)
    )
paramiko.ssh_exception.SSHException: Error reading SSH protocol banner[WinError 10053] An established connection was aborted by the software in your host machine

----------------------------------------
Exception occurred during processing of request from ('192.168.1.10', 59573)
Traceback (most recent call last):
  File "C:\Users\kishw\AppData\Local\Programs\Python\Python314\Lib\socketserver.py", line 697, in process_request_thread
    self.finish_request(request, client_address)
    ~~~~~~~~~~~~~~~~~~~^^^^^^^^^^^^^^^^^^^^^^^^^
  File "C:\Users\kishw\AppData\Local\Programs\Python\Python314\Lib\socketserver.py", line 362, in finish_request
    self.RequestHandlerClass(request, client_address, self)
    ~~~~~~~~~~~~~~~~~~~~~~~~^^^^^^^^^^^^^^^^^^^^^^^^^^^^^^^
  File "C:\Users\kishw\AppData\Local\Programs\Python\Python314\Lib\socketserver.py", line 766, in __init__
    self.handle()
    ~~~~~~~~~~~^^
  File "C:\Users\kishw\OneDrive\Desktop\ccxs\services\smb_service.py", line 78, in handle
    self.send("smb-01: " + flag("smb-01"))
    ~~~~~~~~~^^^^^^^^^^^^^^^^^^^^^^^^^^^^^
  File "C:\Users\kishw\OneDrive\Desktop\ccxs\services\smb_service.py", line 72, in send
    self.wfile.write((text + "\r\n").encode("utf-8", "replace"))
    ~~~~~~~~~~~~~~~~^^^^^^^^^^^^^^^^^^^^^^^^^^^^^^^^^^^^^^^^^^^^
  File "C:\Users\kishw\AppData\Local\Programs\Python\Python314\Lib\socketserver.py", line 845, in write
    self._sock.sendall(b)
    ~~~~~~~~~~~~~~~~~~^^^
ConnectionAbortedError: [WinError 10053] An established connection was aborted by the software in your host machine
----------------------------------------
----------------------------------------
Exception occurred during processing of request from ('192.168.1.10', 59581)
Traceback (most recent call last):
  File "C:\Users\kishw\AppData\Local\Programs\Python\Python314\Lib\socketserver.py", line 697, in process_request_thread
    self.finish_request(request, client_address)
    ~~~~~~~~~~~~~~~~~~~^^^^^^^^^^^^^^^^^^^^^^^^^
  File "C:\Users\kishw\AppData\Local\Programs\Python\Python314\Lib\socketserver.py", line 362, in finish_request
    self.RequestHandlerClass(request, client_address, self)
    ~~~~~~~~~~~~~~~~~~~~~~~~^^^^^^^^^^^^^^^^^^^^^^^^^^^^^^^
  File "C:\Users\kishw\AppData\Local\Programs\Python\Python314\Lib\socketserver.py", line 766, in __init__
    self.handle()
    ~~~~~~~~~~~^^
  File "C:\Users\kishw\OneDrive\Desktop\ccxs\services\ftp_service.py", line 161, in handle
    raw = self.request.recv(2048)
ConnectionResetError: [WinError 10054] An existing connection was forcibly closed by the remote host
----------------------------------------
Exception (server): Error reading SSH protocol banner[WinError 10054] An existing connection was forcibly closed by the remote host
Traceback (most recent call last):
  File "C:\Users\kishw\AppData\Local\Programs\Python\Python314\Lib\site-packages\paramiko\transport.py", line 2213, in _check_banner
    buf = self.packetizer.readline(timeout)
  File "C:\Users\kishw\AppData\Local\Programs\Python\Python314\Lib\site-packages\paramiko\packet.py", line 395, in readline
    buf += self._read_timeout(timeout)
           ~~~~~~~~~~~~~~~~~~^^^^^^^^^
  File "C:\Users\kishw\AppData\Local\Programs\Python\Python314\Lib\site-packages\paramiko\packet.py", line 663, in _read_timeout
    x = self.__socket.recv(128)
ConnectionResetError: [WinError 10054] An existing connection was forcibly closed by the remote host

During handling of the above exception, another exception occurred:

Traceback (most recent call last):
  File "C:\Users\kishw\AppData\Local\Programs\Python\Python314\Lib\site-packages\paramiko\transport.py", line 2029, in run
    self._check_banner()
    ~~~~~~~~~~~~~~~~~~^^
  File "C:\Users\kishw\AppData\Local\Programs\Python\Python314\Lib\site-packages\paramiko\transport.py", line 2217, in _check_banner
    raise SSHException(
        "Error reading SSH protocol banner" + str(e)
    )
paramiko.ssh_exception.SSHException: Error reading SSH protocol banner[WinError 10054] An existing connection was forcibly closed by the remote host

----------------------------------------
Exception occurred during processing of request from ('192.168.1.10', 59584)
Traceback (most recent call last):
  File "C:\Users\kishw\AppData\Local\Programs\Python\Python314\Lib\socketserver.py", line 697, in process_request_thread
    self.finish_request(request, client_address)
    ~~~~~~~~~~~~~~~~~~~^^^^^^^^^^^^^^^^^^^^^^^^^
  File "C:\Users\kishw\AppData\Local\Programs\Python\Python314\Lib\socketserver.py", line 362, in finish_request
    self.RequestHandlerClass(request, client_address, self)
    ~~~~~~~~~~~~~~~~~~~~~~~~^^^^^^^^^^^^^^^^^^^^^^^^^^^^^^^
  File "C:\Users\kishw\AppData\Local\Programs\Python\Python314\Lib\socketserver.py", line 766, in __init__
    self.handle()
    ~~~~~~~~~~~^^
  File "C:\Users\kishw\OneDrive\Desktop\ccxs\services\smb_service.py", line 78, in handle
    self.send("smb-01: " + flag("smb-01"))
    ~~~~~~~~~^^^^^^^^^^^^^^^^^^^^^^^^^^^^^
  File "C:\Users\kishw\OneDrive\Desktop\ccxs\services\smb_service.py", line 72, in send
    self.wfile.write((text + "\r\n").encode("utf-8", "replace"))
    ~~~~~~~~~~~~~~~~^^^^^^^^^^^^^^^^^^^^^^^^^^^^^^^^^^^^^^^^^^^^
  File "C:\Users\kishw\AppData\Local\Programs\Python\Python314\Lib\socketserver.py", line 845, in write
    self._sock.sendall(b)
    ~~~~~~~~~~~~~~~~~~^^^
ConnectionAbortedError: [WinError 10053] An established connection was aborted by the software in your host machine
----------------------------------------
----------------------------------------
Exception occurred during processing of request from ('192.168.1.10', 59591)
Traceback (most recent call last):
  File "C:\Users\kishw\AppData\Local\Programs\Python\Python314\Lib\socketserver.py", line 697, in process_request_thread
    self.finish_request(request, client_address)
    ~~~~~~~~~~~~~~~~~~~^^^^^^^^^^^^^^^^^^^^^^^^^
  File "C:\Users\kishw\AppData\Local\Programs\Python\Python314\Lib\socketserver.py", line 362, in finish_request
    self.RequestHandlerClass(request, client_address, self)
    ~~~~~~~~~~~~~~~~~~~~~~~~^^^^^^^^^^^^^^^^^^^^^^^^^^^^^^^
  File "C:\Users\kishw\AppData\Local\Programs\Python\Python314\Lib\socketserver.py", line 766, in __init__
    self.handle()
    ~~~~~~~~~~~^^
  File "C:\Users\kishw\OneDrive\Desktop\ccxs\services\ftp_service.py", line 161, in handle
    raw = self.request.recv(2048)
ConnectionResetError: [WinError 10054] An existing connection was forcibly closed by the remote host
----------------------------------------
Exception (server): Error reading SSH protocol banner[WinError 10053] An established connection was aborted by the software in your host machine
Traceback (most recent call last):
  File "C:\Users\kishw\AppData\Local\Programs\Python\Python314\Lib\site-packages\paramiko\transport.py", line 2213, in _check_banner
    buf = self.packetizer.readline(timeout)
  File "C:\Users\kishw\AppData\Local\Programs\Python\Python314\Lib\site-packages\paramiko\packet.py", line 395, in readline
    buf += self._read_timeout(timeout)
           ~~~~~~~~~~~~~~~~~~^^^^^^^^^
  File "C:\Users\kishw\AppData\Local\Programs\Python\Python314\Lib\site-packages\paramiko\packet.py", line 663, in _read_timeout
    x = self.__socket.recv(128)
ConnectionAbortedError: [WinError 10053] An established connection was aborted by the software in your host machine

During handling of the above exception, another exception occurred:

Traceback (most recent call last):
  File "C:\Users\kishw\AppData\Local\Programs\Python\Python314\Lib\site-packages\paramiko\transport.py", line 2029, in run
    self._check_banner()
    ~~~~~~~~~~~~~~~~~~^^
  File "C:\Users\kishw\AppData\Local\Programs\Python\Python314\Lib\site-packages\paramiko\transport.py", line 2217, in _check_banner
    raise SSHException(
        "Error reading SSH protocol banner" + str(e)
    )
paramiko.ssh_exception.SSHException: Error reading SSH protocol banner[WinError 10053] An established connection was aborted by the software in your host machine

----------------------------------------
Exception occurred during processing of request from ('192.168.1.10', 59594)
Traceback (most recent call last):
  File "C:\Users\kishw\AppData\Local\Programs\Python\Python314\Lib\socketserver.py", line 697, in process_request_thread
    self.finish_request(request, client_address)
    ~~~~~~~~~~~~~~~~~~~^^^^^^^^^^^^^^^^^^^^^^^^^
  File "C:\Users\kishw\AppData\Local\Programs\Python\Python314\Lib\socketserver.py", line 362, in finish_request
    self.RequestHandlerClass(request, client_address, self)
    ~~~~~~~~~~~~~~~~~~~~~~~~^^^^^^^^^^^^^^^^^^^^^^^^^^^^^^^
  File "C:\Users\kishw\AppData\Local\Programs\Python\Python314\Lib\socketserver.py", line 766, in __init__
    self.handle()
    ~~~~~~~~~~~^^
  File "C:\Users\kishw\OneDrive\Desktop\ccxs\services\smb_service.py", line 78, in handle
    self.send("smb-01: " + flag("smb-01"))
    ~~~~~~~~~^^^^^^^^^^^^^^^^^^^^^^^^^^^^^
  File "C:\Users\kishw\OneDrive\Desktop\ccxs\services\smb_service.py", line 72, in send
    self.wfile.write((text + "\r\n").encode("utf-8", "replace"))
    ~~~~~~~~~~~~~~~~^^^^^^^^^^^^^^^^^^^^^^^^^^^^^^^^^^^^^^^^^^^^
  File "C:\Users\kishw\AppData\Local\Programs\Python\Python314\Lib\socketserver.py", line 845, in write
    self._sock.sendall(b)
    ~~~~~~~~~~~~~~~~~~^^^
ConnectionAbortedError: [WinError 10053] An established connection was aborted by the software in your host machine
----------------------------------------
192.168.1.10 - - [06/Oct/2026 11:00:19] "GET / HTTP/1.1" 200 -
192.168.1.10 - - [06/Oct/2026 11:00:19] "GET /debug-lab/info HTTP/1.1" 200 -
192.168.1.10 - - [06/Oct/2026 11:00:19] "GET /debug-lab/console?pin=511331-430&code=open(r'C:\\Users\\kishw\\OneDrive\\Desktop\\ccxs\\data\\flagfiles\\debugger.flag').read() HTTP/1.1" 200 -
----------------------------------------
Exception occurred during processing of request from ('127.0.0.1', 64801)
Traceback (most recent call last):
  File "C:\Users\kishw\AppData\Local\Programs\Python\Python314\Lib\socketserver.py", line 697, in process_request_thread
    self.finish_request(request, client_address)
    ~~~~~~~~~~~~~~~~~~~^^^^^^^^^^^^^^^^^^^^^^^^^
  File "C:\Users\kishw\AppData\Local\Programs\Python\Python314\Lib\socketserver.py", line 362, in finish_request
    self.RequestHandlerClass(request, client_address, self)
    ~~~~~~~~~~~~~~~~~~~~~~~~^^^^^^^^^^^^^^^^^^^^^^^^^^^^^^^
  File "C:\Users\kishw\AppData\Local\Programs\Python\Python314\Lib\socketserver.py", line 766, in __init__
    self.handle()
    ~~~~~~~~~~~^^
  File "C:\Users\kishw\OneDrive\Desktop\ccxs\services\ftp_service.py", line 161, in handle
    raw = self.request.recv(2048)
ConnectionResetError: [WinError 10054] An existing connection was forcibly closed by the remote host
----------------------------------------
Exception (server): Error reading SSH protocol banner[WinError 10054] An existing connection was forcibly closed by the remote host
Traceback (most recent call last):
  File "C:\Users\kishw\AppData\Local\Programs\Python\Python314\Lib\site-packages\paramiko\transport.py", line 2213, in _check_banner
    buf = self.packetizer.readline(timeout)
  File "C:\Users\kishw\AppData\Local\Programs\Python\Python314\Lib\site-packages\paramiko\packet.py", line 395, in readline
    buf += self._read_timeout(timeout)
           ~~~~~~~~~~~~~~~~~~^^^^^^^^^
  File "C:\Users\kishw\AppData\Local\Programs\Python\Python314\Lib\site-packages\paramiko\packet.py", line 663, in _read_timeout
    x = self.__socket.recv(128)
ConnectionResetError: [WinError 10054] An existing connection was forcibly closed by the remote host

During handling of the above exception, another exception occurred:

Traceback (most recent call last):
  File "C:\Users\kishw\AppData\Local\Programs\Python\Python314\Lib\site-packages\paramiko\transport.py", line 2029, in run
    self._check_banner()
    ~~~~~~~~~~~~~~~~~~^^
  File "C:\Users\kishw\AppData\Local\Programs\Python\Python314\Lib\site-packages\paramiko\transport.py", line 2217, in _check_banner
    raise SSHException(
        "Error reading SSH protocol banner" + str(e)
    )
paramiko.ssh_exception.SSHException: Error reading SSH protocol banner[WinError 10054] An existing connection was forcibly closed by the remote host

----------------------------------------
Exception occurred during processing of request from ('127.0.0.1', 64807)
Traceback (most recent call last):
  File "C:\Users\kishw\AppData\Local\Programs\Python\Python314\Lib\socketserver.py", line 697, in process_request_thread
    self.finish_request(request, client_address)
    ~~~~~~~~~~~~~~~~~~~^^^^^^^^^^^^^^^^^^^^^^^^^
  File "C:\Users\kishw\AppData\Local\Programs\Python\Python314\Lib\socketserver.py", line 362, in finish_request
    self.RequestHandlerClass(request, client_address, self)
    ~~~~~~~~~~~~~~~~~~~~~~~~^^^^^^^^^^^^^^^^^^^^^^^^^^^^^^^
  File "C:\Users\kishw\AppData\Local\Programs\Python\Python314\Lib\socketserver.py", line 766, in __init__
    self.handle()
    ~~~~~~~~~~~^^
  File "C:\Users\kishw\OneDrive\Desktop\ccxs\services\smb_service.py", line 78, in handle
    self.send("smb-01: " + flag("smb-01"))
    ~~~~~~~~~^^^^^^^^^^^^^^^^^^^^^^^^^^^^^
  File "C:\Users\kishw\OneDrive\Desktop\ccxs\services\smb_service.py", line 72, in send
    self.wfile.write((text + "\r\n").encode("utf-8", "replace"))
    ~~~~~~~~~~~~~~~~^^^^^^^^^^^^^^^^^^^^^^^^^^^^^^^^^^^^^^^^^^^^
  File "C:\Users\kishw\AppData\Local\Programs\Python\Python314\Lib\socketserver.py", line 845, in write
    self._sock.sendall(b)
    ~~~~~~~~~~~~~~~~~~^^^
ConnectionAbortedError: [WinError 10053] An established connection was aborted by the software in your host machine
----------------------------------------
192.168.1.10 - - [06/Oct/2026 11:07:43] "GET /debug-lab/console?pin=511331-430&code=2%2B2 HTTP/1.1" 200 -
192.168.1.10 - - [06/Oct/2026 11:08:54] "GET / HTTP/1.1" 200 -
192.168.1.10 - - [06/Oct/2026 11:08:54] "GET /debug-lab/info HTTP/1.1" 200 -
192.168.1.10 - - [06/Oct/2026 11:08:54] "GET /debug-lab/console?pin=511331-430&code=open(r'C:\\\\Users\\\\kishw\\\\OneDrive\\\\Desktop\\\\ccxs\\\\data\\\\flagfiles\\\\debugger.flag').read() HTTP/1.1" 200 -
192.168.1.10 - - [06/Oct/2026 11:08:54] "GET /debug-lab/console?pin=000-000&code=1%2B1 HTTP/1.1" 401 -
----------------------------------------
Exception occurred during processing of request from ('192.168.1.10', 64997)
Exception (server): Error reading SSH protocol banner[WinError 10053] An established connection was aborted by the software in your host machine
Traceback (most recent call last):
  File "C:\Users\kishw\AppData\Local\Programs\Python\Python314\Lib\socketserver.py", line 697, in process_request_thread
    self.finish_request(request, client_address)
    ~~~~~~~~~~~~~~~~~~~^^^^^^^^^^^^^^^^^^^^^^^^^
  File "C:\Users\kishw\AppData\Local\Programs\Python\Python314\Lib\socketserver.py", line 362, in finish_request
    self.RequestHandlerClass(request, client_address, self)
    ~~~~~~~~~~~~~~~~~~~~~~~~^^^^^^^^^^^^^^^^^^^^^^^^^^^^^^^
  File "C:\Users\kishw\AppData\Local\Programs\Python\Python314\Lib\socketserver.py", line 766, in __init__
    self.handle()
    ~~~~~~~~~~~^^
  File "C:\Users\kishw\OneDrive\Desktop\ccxs\services\ftp_service.py", line 161, in handle
    raw = self.request.recv(2048)
ConnectionResetError: [WinError 10054] An existing connection was forcibly closed by the remote host
----------------------------------------
Traceback (most recent call last):
  File "C:\Users\kishw\AppData\Local\Programs\Python\Python314\Lib\site-packages\paramiko\transport.py", line 2213, in _check_banner
    buf = self.packetizer.readline(timeout)
  File "C:\Users\kishw\AppData\Local\Programs\Python\Python314\Lib\site-packages\paramiko\packet.py", line 395, in readline
    buf += self._read_timeout(timeout)
           ~~~~~~~~~~~~~~~~~~^^^^^^^^^
  File "C:\Users\kishw\AppData\Local\Programs\Python\Python314\Lib\site-packages\paramiko\packet.py", line 663, in _read_timeout
    x = self.__socket.recv(128)
ConnectionAbortedError: [WinError 10053] An established connection was aborted by the software in your host machine

During handling of the above exception, another exception occurred:

Traceback (most recent call last):
  File "C:\Users\kishw\AppData\Local\Programs\Python\Python314\Lib\site-packages\paramiko\transport.py", line 2029, in run
    self._check_banner()
    ~~~~~~~~~~~~~~~~~~^^
  File "C:\Users\kishw\AppData\Local\Programs\Python\Python314\Lib\site-packages\paramiko\transport.py", line 2217, in _check_banner
    raise SSHException(
        "Error reading SSH protocol banner" + str(e)
    )
paramiko.ssh_exception.SSHException: Error reading SSH protocol banner[WinError 10053] An established connection was aborted by the software in your host machine

----------------------------------------
Exception occurred during processing of request from ('192.168.1.10', 65000)
Traceback (most recent call last):
  File "C:\Users\kishw\AppData\Local\Programs\Python\Python314\Lib\socketserver.py", line 697, in process_request_thread
    self.finish_request(request, client_address)
    ~~~~~~~~~~~~~~~~~~~^^^^^^^^^^^^^^^^^^^^^^^^^
  File "C:\Users\kishw\AppData\Local\Programs\Python\Python314\Lib\socketserver.py", line 362, in finish_request
    self.RequestHandlerClass(request, client_address, self)
    ~~~~~~~~~~~~~~~~~~~~~~~~^^^^^^^^^^^^^^^^^^^^^^^^^^^^^^^
  File "C:\Users\kishw\AppData\Local\Programs\Python\Python314\Lib\socketserver.py", line 766, in __init__
    self.handle()
    ~~~~~~~~~~~^^
  File "C:\Users\kishw\OneDrive\Desktop\ccxs\services\smb_service.py", line 78, in handle
    self.send("smb-01: " + flag("smb-01"))
    ~~~~~~~~~^^^^^^^^^^^^^^^^^^^^^^^^^^^^^
  File "C:\Users\kishw\OneDrive\Desktop\ccxs\services\smb_service.py", line 72, in send
    self.wfile.write((text + "\r\n").encode("utf-8", "replace"))
    ~~~~~~~~~~~~~~~~^^^^^^^^^^^^^^^^^^^^^^^^^^^^^^^^^^^^^^^^^^^^
  File "C:\Users\kishw\AppData\Local\Programs\Python\Python314\Lib\socketserver.py", line 845, in write
    self._sock.sendall(b)
    ~~~~~~~~~~~~~~~~~~^^^
ConnectionAbortedError: [WinError 10053] An established connection was aborted by the software in your host machine
----------------------------------------
==================================================================
  VulnLab services
  AUTHORIZED LAB ONLY - every service here is vulnerable on purpose
  bind: 0.0.0.0
==================================================================
  ftp        2121   FTP service
  telnet     2323   Telnet management console
  ssh        2222   SSH service (simulated Linux host)
  smb        4450   SMB share simulator
  debug-lab  8000   Debug-lab (Werkzeug debugger research)
  internals  8081   Hidden service catalogue
  cache      6379   Cache service (rabbit hole)
==================================================================
  lab data prepared under C:\Users\kishw\OneDrive\Desktop\ccxs\data
  press Ctrl+C to stop
==============================================================
  VulnLab FTP  (anonymous login allowed, on purpose)
  ftp://0.0.0.0:2121
==============================================================
  [ftp] started
==============================================================
  VulnLab Telnet management console (plaintext, on purpose)
  telnet 0.0.0.0:2323
==============================================================
  [telnet] started
==============================================================
  VulnLab SSH  (simulated Linux host, root never touches this disk)
  ssh -p 2222 student@0.0.0.0
==============================================================
  [ssh] started
==============================================================
  VulnLab SMB simulator (real SMB needs Linux - see smb/README.md)
  tcp://0.0.0.0:4450
==============================================================
  [smb] started
==============================================================
  VulnLab debug-lab  (debugger research instance)
  http://0.0.0.0:8000/
==============================================================
 * Serving Flask app 'services.debug_lab'
 * Debug mode: off
WARNING: This is a development server. Do not use it in a production deployment. Use a production WSGI server instead.
 * Running on all addresses (0.0.0.0)
 * Running on http://127.0.0.1:8000
 * Running on http://192.168.1.10:8000
Press CTRL+C to quit
----------------------------------------
Exception occurred during processing of request from ('192.168.1.10', 63049)
Traceback (most recent call last):
  File "C:\Users\kishw\AppData\Local\Programs\Python\Python314\Lib\socketserver.py", line 697, in process_request_thread
    self.finish_request(request, client_address)
    ~~~~~~~~~~~~~~~~~~~^^^^^^^^^^^^^^^^^^^^^^^^^
  File "C:\Users\kishw\AppData\Local\Programs\Python\Python314\Lib\socketserver.py", line 362, in finish_request
    self.RequestHandlerClass(request, client_address, self)
    ~~~~~~~~~~~~~~~~~~~~~~~~^^^^^^^^^^^^^^^^^^^^^^^^^^^^^^^
  File "C:\Users\kishw\AppData\Local\Programs\Python\Python314\Lib\socketserver.py", line 766, in __init__
    self.handle()
    ~~~~~~~~~~~^^
  File "C:\Users\kishw\OneDrive\Desktop\ccxs\services\ftp_service.py", line 161, in handle
    raw = self.request.recv(2048)
ConnectionResetError: [WinError 10054] An existing connection was forcibly closed by the remote host
----------------------------------------
Exception (server): Error reading SSH protocol banner[WinError 10054] An existing connection was forcibly closed by the remote host
Traceback (most recent call last):
  File "C:\Users\kishw\AppData\Local\Programs\Python\Python314\Lib\site-packages\paramiko\transport.py", line 2213, in _check_banner
    buf = self.packetizer.readline(timeout)
  File "C:\Users\kishw\AppData\Local\Programs\Python\Python314\Lib\site-packages\paramiko\packet.py", line 395, in readline
    buf += self._read_timeout(timeout)
           ~~~~~~~~~~~~~~~~~~^^^^^^^^^
  File "C:\Users\kishw\AppData\Local\Programs\Python\Python314\Lib\site-packages\paramiko\packet.py", line 663, in _read_timeout
    x = self.__socket.recv(128)
ConnectionResetError: [WinError 10054] An existing connection was forcibly closed by the remote host

During handling of the above exception, another exception occurred:

Traceback (most recent call last):
  File "C:\Users\kishw\AppData\Local\Programs\Python\Python314\Lib\site-packages\paramiko\transport.py", line 2029, in run
    self._check_banner()
    ~~~~~~~~~~~~~~~~~~^^
  File "C:\Users\kishw\AppData\Local\Programs\Python\Python314\Lib\site-packages\paramiko\transport.py", line 2217, in _check_banner
    raise SSHException(
        "Error reading SSH protocol banner" + str(e)
    )
paramiko.ssh_exception.SSHException: Error reading SSH protocol banner[WinError 10054] An existing connection was forcibly closed by the remote host

----------------------------------------
Exception occurred during processing of request from ('192.168.1.10', 63052)
Traceback (most recent call last):
  File "C:\Users\kishw\AppData\Local\Programs\Python\Python314\Lib\socketserver.py", line 697, in process_request_thread
    self.finish_request(request, client_address)
    ~~~~~~~~~~~~~~~~~~~^^^^^^^^^^^^^^^^^^^^^^^^^
  File "C:\Users\kishw\AppData\Local\Programs\Python\Python314\Lib\socketserver.py", line 362, in finish_request
    self.RequestHandlerClass(request, client_address, self)
    ~~~~~~~~~~~~~~~~~~~~~~~~^^^^^^^^^^^^^^^^^^^^^^^^^^^^^^^
  File "C:\Users\kishw\AppData\Local\Programs\Python\Python314\Lib\socketserver.py", line 766, in __init__
    self.handle()
    ~~~~~~~~~~~^^
  File "C:\Users\kishw\OneDrive\Desktop\ccxs\services\smb_service.py", line 78, in handle
    self.send("smb-01: " + flag("smb-01"))
    ~~~~~~~~~^^^^^^^^^^^^^^^^^^^^^^^^^^^^^
  File "C:\Users\kishw\OneDrive\Desktop\ccxs\services\smb_service.py", line 72, in send
    self.wfile.write((text + "\r\n").encode("utf-8", "replace"))
    ~~~~~~~~~~~~~~~~^^^^^^^^^^^^^^^^^^^^^^^^^^^^^^^^^^^^^^^^^^^^
  File "C:\Users\kishw\AppData\Local\Programs\Python\Python314\Lib\socketserver.py", line 845, in write
    self._sock.sendall(b)
    ~~~~~~~~~~~~~~~~~~^^^
ConnectionAbortedError: [WinError 10053] An established connection was aborted by the software in your host machine
----------------------------------------
----------------------------------------
Exception occurred during processing of request from ('192.168.1.10', 61595)
Traceback (most recent call last):
  File "C:\Users\kishw\AppData\Local\Programs\Python\Python314\Lib\socketserver.py", line 697, in process_request_thread
    self.finish_request(request, client_address)
    ~~~~~~~~~~~~~~~~~~~^^^^^^^^^^^^^^^^^^^^^^^^^
  File "C:\Users\kishw\AppData\Local\Programs\Python\Python314\Lib\socketserver.py", line 362, in finish_request
    self.RequestHandlerClass(request, client_address, self)
    ~~~~~~~~~~~~~~~~~~~~~~~~^^^^^^^^^^^^^^^^^^^^^^^^^^^^^^^
  File "C:\Users\kishw\AppData\Local\Programs\Python\Python314\Lib\socketserver.py", line 766, in __init__
    self.handle()
    ~~~~~~~~~~~^^
  File "C:\Users\kishw\OneDrive\Desktop\ccxs\services\ftp_service.py", line 161, in handle
    raw = self.request.recv(2048)
ConnectionResetError: [WinError 10054] An existing connection was forcibly closed by the remote host
----------------------------------------
----------------------------------------
Exception occurred during processing of request from ('127.0.0.1', 61596)
Traceback (most recent call last):
  File "C:\Users\kishw\AppData\Local\Programs\Python\Python314\Lib\socketserver.py", line 697, in process_request_thread
    self.finish_request(request, client_address)
    ~~~~~~~~~~~~~~~~~~~^^^^^^^^^^^^^^^^^^^^^^^^^
  File "C:\Users\kishw\AppData\Local\Programs\Python\Python314\Lib\socketserver.py", line 362, in finish_request
    self.RequestHandlerClass(request, client_address, self)
    ~~~~~~~~~~~~~~~~~~~~~~~~^^^^^^^^^^^^^^^^^^^^^^^^^^^^^^^
  File "C:\Users\kishw\AppData\Local\Programs\Python\Python314\Lib\socketserver.py", line 766, in __init__
    self.handle()
    ~~~~~~~~~~~^^
  File "C:\Users\kishw\OneDrive\Desktop\ccxs\services\ftp_service.py", line 161, in handle
    raw = self.request.recv(2048)
ConnectionAbortedError: [WinError 10053] An established connection was aborted by the software in your host machine
----------------------------------------
Exception (server): Error reading SSH protocol banner[WinError 10054] An existing connection was forcibly closed by the remote host
Traceback (most recent call last):
  File "C:\Users\kishw\AppData\Local\Programs\Python\Python314\Lib\site-packages\paramiko\transport.py", line 2213, in _check_banner
    buf = self.packetizer.readline(timeout)
  File "C:\Users\kishw\AppData\Local\Programs\Python\Python314\Lib\site-packages\paramiko\packet.py", line 395, in readline
    buf += self._read_timeout(timeout)
           ~~~~~~~~~~~~~~~~~~^^^^^^^^^
  File "C:\Users\kishw\AppData\Local\Programs\Python\Python314\Lib\site-packages\paramiko\packet.py", line 663, in _read_timeout
    x = self.__socket.recv(128)
ConnectionResetError: [WinError 10054] An existing connection was forcibly closed by the remote host

During handling of the above exception, another exception occurred:

Traceback (most recent call last):
  File "C:\Users\kishw\AppData\Local\Programs\Python\Python314\Lib\site-packages\paramiko\transport.py", line 2029, in run
    self._check_banner()
    ~~~~~~~~~~~~~~~~~~^^
  File "C:\Users\kishw\AppData\Local\Programs\Python\Python314\Lib\site-packages\paramiko\transport.py", line 2217, in _check_banner
    raise SSHException(
        "Error reading SSH protocol banner" + str(e)
    )
paramiko.ssh_exception.SSHException: Error reading SSH protocol banner[WinError 10054] An existing connection was forcibly closed by the remote host

Exception (server): Error reading SSH protocol banner[WinError 10054] An existing connection was forcibly closed by the remote host
Traceback (most recent call last):
  File "C:\Users\kishw\AppData\Local\Programs\Python\Python314\Lib\site-packages\paramiko\transport.py", line 2213, in _check_banner
    buf = self.packetizer.readline(timeout)
  File "C:\Users\kishw\AppData\Local\Programs\Python\Python314\Lib\site-packages\paramiko\packet.py", line 395, in readline
    buf += self._read_timeout(timeout)
           ~~~~~~~~~~~~~~~~~~^^^^^^^^^
  File "C:\Users\kishw\AppData\Local\Programs\Python\Python314\Lib\site-packages\paramiko\packet.py", line 663, in _read_timeout
    x = self.__socket.recv(128)
ConnectionResetError: [WinError 10054] An existing connection was forcibly closed by the remote host

During handling of the above exception, another exception occurred:

Traceback (most recent call last):
  File "C:\Users\kishw\AppData\Local\Programs\Python\Python314\Lib\site-packages\paramiko\transport.py", line 2029, in run
    self._check_banner()
    ~~~~~~~~~~~~~~~~~~^^
  File "C:\Users\kishw\AppData\Local\Programs\Python\Python314\Lib\site-packages\paramiko\transport.py", line 2217, in _check_banner
    raise SSHException(
        "Error reading SSH protocol banner" + str(e)
    )
paramiko.ssh_exception.SSHException: Error reading SSH protocol banner[WinError 10054] An existing connection was forcibly closed by the remote host

----------------------------------------
Exception occurred during processing of request from ('127.0.0.1', 61602)
Traceback (most recent call last):
  File "C:\Users\kishw\AppData\Local\Programs\Python\Python314\Lib\socketserver.py", line 697, in process_request_thread
    self.finish_request(request, client_address)
    ~~~~~~~~~~~~~~~~~~~^^^^^^^^^^^^^^^^^^^^^^^^^
  File "C:\Users\kishw\AppData\Local\Programs\Python\Python314\Lib\socketserver.py", line 362, in finish_request
    self.RequestHandlerClass(request, client_address, self)
    ~~~~~~~~~~~~~~~~~~~~~~~~^^^^^^^^^^^^^^^^^^^^^^^^^^^^^^^
  File "C:\Users\kishw\AppData\Local\Programs\Python\Python314\Lib\socketserver.py", line 766, in __init__
    self.handle()
    ~~~~~~~~~~~^^
  File "C:\Users\kishw\OneDrive\Desktop\ccxs\services\smb_service.py", line 78, in handle
    self.send("smb-01: " + flag("smb-01"))
    ~~~~~~~~~^^^^^^^^^^^^^^^^^^^^^^^^^^^^^
  File "C:\Users\kishw\OneDrive\Desktop\ccxs\services\smb_service.py", line 72, in send
    self.wfile.write((text + "\r\n").encode("utf-8", "replace"))
    ~~~~~~~~~~~~~~~~^^^^^^^^^^^^^^^^^^^^^^^^^^^^^^^^^^^^^^^^^^^^
  File "C:\Users\kishw\AppData\Local\Programs\Python\Python314\Lib\socketserver.py", line 845, in write
    self._sock.sendall(b)
    ~~~~~~~~~~~~~~~~~~^^^
ConnectionAbortedError: [WinError 10053] An established connection was aborted by the software in your host machine
----------------------------------------
----------------------------------------
Exception occurred during processing of request from ('192.168.1.10', 61601)
Traceback (most recent call last):
  File "C:\Users\kishw\AppData\Local\Programs\Python\Python314\Lib\socketserver.py", line 697, in process_request_thread
    self.finish_request(request, client_address)
    ~~~~~~~~~~~~~~~~~~~^^^^^^^^^^^^^^^^^^^^^^^^^
  File "C:\Users\kishw\AppData\Local\Programs\Python\Python314\Lib\socketserver.py", line 362, in finish_request
    self.RequestHandlerClass(request, client_address, self)
    ~~~~~~~~~~~~~~~~~~~~~~~~^^^^^^^^^^^^^^^^^^^^^^^^^^^^^^^
  File "C:\Users\kishw\AppData\Local\Programs\Python\Python314\Lib\socketserver.py", line 766, in __init__
    self.handle()
    ~~~~~~~~~~~^^
  File "C:\Users\kishw\OneDrive\Desktop\ccxs\services\smb_service.py", line 78, in handle
    self.send("smb-01: " + flag("smb-01"))
    ~~~~~~~~~^^^^^^^^^^^^^^^^^^^^^^^^^^^^^
  File "C:\Users\kishw\OneDrive\Desktop\ccxs\services\smb_service.py", line 72, in send
    self.wfile.write((text + "\r\n").encode("utf-8", "replace"))
    ~~~~~~~~~~~~~~~~^^^^^^^^^^^^^^^^^^^^^^^^^^^^^^^^^^^^^^^^^^^^
  File "C:\Users\kishw\AppData\Local\Programs\Python\Python314\Lib\socketserver.py", line 845, in write
    self._sock.sendall(b)
    ~~~~~~~~~~~~~~~~~~^^^
ConnectionAbortedError: [WinError 10053] An established connection was aborted by the software in your host machine
----------------------------------------
----------------------------------------
Exception occurred during processing of request from ('192.168.1.10', 61612)
Traceback (most recent call last):
  File "C:\Users\kishw\AppData\Local\Programs\Python\Python314\Lib\socketserver.py", line 697, in process_request_thread
    self.finish_request(request, client_address)
    ~~~~~~~~~~~~~~~~~~~^^^^^^^^^^^^^^^^^^^^^^^^^
  File "C:\Users\kishw\AppData\Local\Programs\Python\Python314\Lib\socketserver.py", line 362, in finish_request
    self.RequestHandlerClass(request, client_address, self)
    ~~~~~~~~~~~~~~~~~~~~~~~~^^^^^^^^^^^^^^^^^^^^^^^^^^^^^^^
  File "C:\Users\kishw\AppData\Local\Programs\Python\Python314\Lib\socketserver.py", line 766, in __init__
    self.handle()
    ~~~~~~~~~~~^^
  File "C:\Users\kishw\OneDrive\Desktop\ccxs\services\ftp_service.py", line 161, in handle
    raw = self.request.recv(2048)
ConnectionResetError: [WinError 10054] An existing connection was forcibly closed by the remote host
----------------------------------------
Exception (server): Error reading SSH protocol banner[WinError 10054] An existing connection was forcibly closed by the remote host
Traceback (most recent call last):
  File "C:\Users\kishw\AppData\Local\Programs\Python\Python314\Lib\site-packages\paramiko\transport.py", line 2213, in _check_banner
    buf = self.packetizer.readline(timeout)
  File "C:\Users\kishw\AppData\Local\Programs\Python\Python314\Lib\site-packages\paramiko\packet.py", line 395, in readline
    buf += self._read_timeout(timeout)
           ~~~~~~~~~~~~~~~~~~^^^^^^^^^
  File "C:\Users\kishw\AppData\Local\Programs\Python\Python314\Lib\site-packages\paramiko\packet.py", line 663, in _read_timeout
    x = self.__socket.recv(128)
ConnectionResetError: [WinError 10054] An existing connection was forcibly closed by the remote host

During handling of the above exception, another exception occurred:

Traceback (most recent call last):
  File "C:\Users\kishw\AppData\Local\Programs\Python\Python314\Lib\site-packages\paramiko\transport.py", line 2029, in run
    self._check_banner()
    ~~~~~~~~~~~~~~~~~~^^
  File "C:\Users\kishw\AppData\Local\Programs\Python\Python314\Lib\site-packages\paramiko\transport.py", line 2217, in _check_banner
    raise SSHException(
        "Error reading SSH protocol banner" + str(e)
    )
paramiko.ssh_exception.SSHException: Error reading SSH protocol banner[WinError 10054] An existing connection was forcibly closed by the remote host

----------------------------------------
Exception occurred during processing of request from ('192.168.1.10', 61615)
Traceback (most recent call last):
  File "C:\Users\kishw\AppData\Local\Programs\Python\Python314\Lib\socketserver.py", line 697, in process_request_thread
    self.finish_request(request, client_address)
    ~~~~~~~~~~~~~~~~~~~^^^^^^^^^^^^^^^^^^^^^^^^^
  File "C:\Users\kishw\AppData\Local\Programs\Python\Python314\Lib\socketserver.py", line 362, in finish_request
    self.RequestHandlerClass(request, client_address, self)
    ~~~~~~~~~~~~~~~~~~~~~~~~^^^^^^^^^^^^^^^^^^^^^^^^^^^^^^^
  File "C:\Users\kishw\AppData\Local\Programs\Python\Python314\Lib\socketserver.py", line 766, in __init__
    self.handle()
    ~~~~~~~~~~~^^
  File "C:\Users\kishw\OneDrive\Desktop\ccxs\services\smb_service.py", line 78, in handle
    self.send("smb-01: " + flag("smb-01"))
    ~~~~~~~~~^^^^^^^^^^^^^^^^^^^^^^^^^^^^^
  File "C:\Users\kishw\OneDrive\Desktop\ccxs\services\smb_service.py", line 72, in send
    self.wfile.write((text + "\r\n").encode("utf-8", "replace"))
    ~~~~~~~~~~~~~~~~^^^^^^^^^^^^^^^^^^^^^^^^^^^^^^^^^^^^^^^^^^^^
  File "C:\Users\kishw\AppData\Local\Programs\Python\Python314\Lib\socketserver.py", line 845, in write
    self._sock.sendall(b)
    ~~~~~~~~~~~~~~~~~~^^^
ConnectionAbortedError: [WinError 10053] An established connection was aborted by the software in your host machine
----------------------------------------
----------------------------------------
Exception occurred during processing of request from ('192.168.1.10', 49270)
Traceback (most recent call last):
  File "C:\Users\kishw\AppData\Local\Programs\Python\Python314\Lib\socketserver.py", line 697, in process_request_thread
    self.finish_request(request, client_address)
    ~~~~~~~~~~~~~~~~~~~^^^^^^^^^^^^^^^^^^^^^^^^^
  File "C:\Users\kishw\AppData\Local\Programs\Python\Python314\Lib\socketserver.py", line 362, in finish_request
    self.RequestHandlerClass(request, client_address, self)
    ~~~~~~~~~~~~~~~~~~~~~~~~^^^^^^^^^^^^^^^^^^^^^^^^^^^^^^^
  File "C:\Users\kishw\AppData\Local\Programs\Python\Python314\Lib\socketserver.py", line 766, in __init__
    self.handle()
    ~~~~~~~~~~~^^
  File "C:\Users\kishw\OneDrive\Desktop\ccxs\services\ftp_service.py", line 161, in handle
    raw = self.request.recv(2048)
ConnectionResetError: [WinError 10054] An existing connection was forcibly closed by the remote host
----------------------------------------
Exception (server): Error reading SSH protocol banner[WinError 10053] An established connection was aborted by the software in your host machine
Traceback (most recent call last):
  File "C:\Users\kishw\AppData\Local\Programs\Python\Python314\Lib\site-packages\paramiko\transport.py", line 2213, in _check_banner
    buf = self.packetizer.readline(timeout)
  File "C:\Users\kishw\AppData\Local\Programs\Python\Python314\Lib\site-packages\paramiko\packet.py", line 395, in readline
    buf += self._read_timeout(timeout)
           ~~~~~~~~~~~~~~~~~~^^^^^^^^^
  File "C:\Users\kishw\AppData\Local\Programs\Python\Python314\Lib\site-packages\paramiko\packet.py", line 663, in _read_timeout
    x = self.__socket.recv(128)
ConnectionAbortedError: [WinError 10053] An established connection was aborted by the software in your host machine

During handling of the above exception, another exception occurred:

Traceback (most recent call last):
  File "C:\Users\kishw\AppData\Local\Programs\Python\Python314\Lib\site-packages\paramiko\transport.py", line 2029, in run
    self._check_banner()
    ~~~~~~~~~~~~~~~~~~^^
  File "C:\Users\kishw\AppData\Local\Programs\Python\Python314\Lib\site-packages\paramiko\transport.py", line 2217, in _check_banner
    raise SSHException(
        "Error reading SSH protocol banner" + str(e)
    )
paramiko.ssh_exception.SSHException: Error reading SSH protocol banner[WinError 10053] An established connection was aborted by the software in your host machine

----------------------------------------
Exception occurred during processing of request from ('192.168.1.10', 49273)
Traceback (most recent call last):
  File "C:\Users\kishw\AppData\Local\Programs\Python\Python314\Lib\socketserver.py", line 697, in process_request_thread
    self.finish_request(request, client_address)
    ~~~~~~~~~~~~~~~~~~~^^^^^^^^^^^^^^^^^^^^^^^^^
  File "C:\Users\kishw\AppData\Local\Programs\Python\Python314\Lib\socketserver.py", line 362, in finish_request
    self.RequestHandlerClass(request, client_address, self)
    ~~~~~~~~~~~~~~~~~~~~~~~~^^^^^^^^^^^^^^^^^^^^^^^^^^^^^^^
  File "C:\Users\kishw\AppData\Local\Programs\Python\Python314\Lib\socketserver.py", line 766, in __init__
    self.handle()
    ~~~~~~~~~~~^^
  File "C:\Users\kishw\OneDrive\Desktop\ccxs\services\smb_service.py", line 78, in handle
    self.send("smb-01: " + flag("smb-01"))
    ~~~~~~~~~^^^^^^^^^^^^^^^^^^^^^^^^^^^^^
  File "C:\Users\kishw\OneDrive\Desktop\ccxs\services\smb_service.py", line 72, in send
    self.wfile.write((text + "\r\n").encode("utf-8", "replace"))
    ~~~~~~~~~~~~~~~~^^^^^^^^^^^^^^^^^^^^^^^^^^^^^^^^^^^^^^^^^^^^
  File "C:\Users\kishw\AppData\Local\Programs\Python\Python314\Lib\socketserver.py", line 845, in write
    self._sock.sendall(b)
    ~~~~~~~~~~~~~~~~~~^^^
ConnectionAbortedError: [WinError 10053] An established connection was aborted by the software in your host machine
----------------------------------------
----------------------------------------
Exception occurred during processing of request from ('192.168.1.10', 64142)
Traceback (most recent call last):
  File "C:\Users\kishw\AppData\Local\Programs\Python\Python314\Lib\socketserver.py", line 697, in process_request_thread
    self.finish_request(request, client_address)
    ~~~~~~~~~~~~~~~~~~~^^^^^^^^^^^^^^^^^^^^^^^^^
----------------------------------------
  File "C:\Users\kishw\AppData\Local\Programs\Python\Python314\Lib\socketserver.py", line 362, in finish_request
    self.RequestHandlerClass(request, client_address, self)
    ~~~~~~~~~~~~~~~~~~~~~~~~^^^^^^^^^^^^^^^^^^^^^^^^^^^^^^^
  File "C:\Users\kishw\AppData\Local\Programs\Python\Python314\Lib\socketserver.py", line 766, in __init__
    self.handle()
    ~~~~~~~~~~~^^
Exception occurred during processing of request from ('127.0.0.1', 64143)
  File "C:\Users\kishw\OneDrive\Desktop\ccxs\services\ftp_service.py", line 161, in handle
    raw = self.request.recv(2048)
ConnectionAbortedError: [WinError 10053] An established connection was aborted by the software in your host machine
----------------------------------------
Traceback (most recent call last):
  File "C:\Users\kishw\AppData\Local\Programs\Python\Python314\Lib\socketserver.py", line 697, in process_request_thread
    self.finish_request(request, client_address)
    ~~~~~~~~~~~~~~~~~~~^^^^^^^^^^^^^^^^^^^^^^^^^
  File "C:\Users\kishw\AppData\Local\Programs\Python\Python314\Lib\socketserver.py", line 362, in finish_request
    self.RequestHandlerClass(request, client_address, self)
    ~~~~~~~~~~~~~~~~~~~~~~~~^^^^^^^^^^^^^^^^^^^^^^^^^^^^^^^
  File "C:\Users\kishw\AppData\Local\Programs\Python\Python314\Lib\socketserver.py", line 766, in __init__
    self.handle()
    ~~~~~~~~~~~^^
  File "C:\Users\kishw\OneDrive\Desktop\ccxs\services\ftp_service.py", line 161, in handle
    raw = self.request.recv(2048)
ConnectionAbortedError: [WinError 10053] An established connection was aborted by the software in your host machine
----------------------------------------
Exception (server): Error reading SSH protocol banner[WinError 10054] An existing connection was forcibly closed by the remote host
Traceback (most recent call last):
  File "C:\Users\kishw\AppData\Local\Programs\Python\Python314\Lib\site-packages\paramiko\transport.py", line 2213, in _check_banner
    buf = self.packetizer.readline(timeout)
  File "C:\Users\kishw\AppData\Local\Programs\Python\Python314\Lib\site-packages\paramiko\packet.py", line 395, in readline
    buf += self._read_timeout(timeout)
           ~~~~~~~~~~~~~~~~~~^^^^^^^^^
  File "C:\Users\kishw\AppData\Local\Programs\Python\Python314\Lib\site-packages\paramiko\packet.py", line 663, in _read_timeout
    x = self.__socket.recv(128)
ConnectionResetError: [WinError 10054] An existing connection was forcibly closed by the remote host

During handling of the above exception, another exception occurred:

Traceback (most recent call last):
  File "C:\Users\kishw\AppData\Local\Programs\Python\Python314\Lib\site-packages\paramiko\transport.py", line 2029, in run
    self._check_banner()
    ~~~~~~~~~~~~~~~~~~^^
  File "C:\Users\kishw\AppData\Local\Programs\Python\Python314\Lib\site-packages\paramiko\transport.py", line 2217, in _check_banner
    raise SSHException(
        "Error reading SSH protocol banner" + str(e)
    )
paramiko.ssh_exception.SSHException: Error reading SSH protocol banner[WinError 10054] An existing connection was forcibly closed by the remote host

Exception (server): Error reading SSH protocol banner[WinError 10053] An established connection was aborted by the software in your host machine
Traceback (most recent call last):
  File "C:\Users\kishw\AppData\Local\Programs\Python\Python314\Lib\site-packages\paramiko\transport.py", line 2213, in _check_banner
    buf = self.packetizer.readline(timeout)
  File "C:\Users\kishw\AppData\Local\Programs\Python\Python314\Lib\site-packages\paramiko\packet.py", line 395, in readline
    buf += self._read_timeout(timeout)
           ~~~~~~~~~~~~~~~~~~^^^^^^^^^
  File "C:\Users\kishw\AppData\Local\Programs\Python\Python314\Lib\site-packages\paramiko\packet.py", line 663, in _read_timeout
    x = self.__socket.recv(128)
ConnectionAbortedError: [WinError 10053] An established connection was aborted by the software in your host machine

During handling of the above exception, another exception occurred:

Traceback (most recent call last):
  File "C:\Users\kishw\AppData\Local\Programs\Python\Python314\Lib\site-packages\paramiko\transport.py", line 2029, in run
    self._check_banner()
    ~~~~~~~~~~~~~~~~~~^^
  File "C:\Users\kishw\AppData\Local\Programs\Python\Python314\Lib\site-packages\paramiko\transport.py", line 2217, in _check_banner
    raise SSHException(
        "Error reading SSH protocol banner" + str(e)
    )
paramiko.ssh_exception.SSHException: Error reading SSH protocol banner[WinError 10053] An established connection was aborted by the software in your host machine

----------------------------------------
Exception occurred during processing of request from ('192.168.1.10', 64148)
Traceback (most recent call last):
  File "C:\Users\kishw\AppData\Local\Programs\Python\Python314\Lib\socketserver.py", line 697, in process_request_thread
    self.finish_request(request, client_address)
    ~~~~~~~~~~~~~~~~~~~^^^^^^^^^^^^^^^^^^^^^^^^^
  File "C:\Users\kishw\AppData\Local\Programs\Python\Python314\Lib\socketserver.py", line 362, in finish_request
    self.RequestHandlerClass(request, client_address, self)
    ~~~~~~~~~~~~~~~~~~~~~~~~^^^^^^^^^^^^^^^^^^^^^^^^^^^^^^^
  File "C:\Users\kishw\AppData\Local\Programs\Python\Python314\Lib\socketserver.py", line 766, in __init__
    self.handle()
    ~~~~~~~~~~~^^
  File "C:\Users\kishw\OneDrive\Desktop\ccxs\services\smb_service.py", line 78, in handle
    self.send("smb-01: " + flag("smb-01"))
    ~~~~~~~~~^^^^^^^^^^^^^^^^^^^^^^^^^^^^^
  File "C:\Users\kishw\OneDrive\Desktop\ccxs\services\smb_service.py", line 72, in send
    self.wfile.write((text + "\r\n").encode("utf-8", "replace"))
    ~~~~~~~~~~~~~~~~^^^^^^^^^^^^^^^^^^^^^^^^^^^^^^^^^^^^^^^^^^^^
  File "C:\Users\kishw\AppData\Local\Programs\Python\Python314\Lib\socketserver.py", line 845, in write
    self._sock.sendall(b)
    ~~~~~~~~~~~~~~~~~~^^^
ConnectionAbortedError: [WinError 10053] An established connection was aborted by the software in your host machine
----------------------------------------
----------------------------------------
Exception occurred during processing of request from ('127.0.0.1', 64149)
Traceback (most recent call last):
  File "C:\Users\kishw\AppData\Local\Programs\Python\Python314\Lib\socketserver.py", line 697, in process_request_thread
    self.finish_request(request, client_address)
    ~~~~~~~~~~~~~~~~~~~^^^^^^^^^^^^^^^^^^^^^^^^^
  File "C:\Users\kishw\AppData\Local\Programs\Python\Python314\Lib\socketserver.py", line 362, in finish_request
    self.RequestHandlerClass(request, client_address, self)
    ~~~~~~~~~~~~~~~~~~~~~~~~^^^^^^^^^^^^^^^^^^^^^^^^^^^^^^^
  File "C:\Users\kishw\AppData\Local\Programs\Python\Python314\Lib\socketserver.py", line 766, in __init__
    self.handle()
    ~~~~~~~~~~~^^
  File "C:\Users\kishw\OneDrive\Desktop\ccxs\services\smb_service.py", line 78, in handle
    self.send("smb-01: " + flag("smb-01"))
    ~~~~~~~~~^^^^^^^^^^^^^^^^^^^^^^^^^^^^^
  File "C:\Users\kishw\OneDrive\Desktop\ccxs\services\smb_service.py", line 72, in send
    self.wfile.write((text + "\r\n").encode("utf-8", "replace"))
    ~~~~~~~~~~~~~~~~^^^^^^^^^^^^^^^^^^^^^^^^^^^^^^^^^^^^^^^^^^^^
  File "C:\Users\kishw\AppData\Local\Programs\Python\Python314\Lib\socketserver.py", line 845, in write
    self._sock.sendall(b)
    ~~~~~~~~~~~~~~~~~~^^^
ConnectionAbortedError: [WinError 10053] An established connection was aborted by the software in your host machine
----------------------------------------
----------------------------------------
Exception occurred during processing of request from ('192.168.1.10', 63464)
Traceback (most recent call last):
  File "C:\Users\kishw\AppData\Local\Programs\Python\Python314\Lib\socketserver.py", line 697, in process_request_thread
    self.finish_request(request, client_address)
    ~~~~~~~~~~~~~~~~~~~^^^^^^^^^^^^^^^^^^^^^^^^^
  File "C:\Users\kishw\AppData\Local\Programs\Python\Python314\Lib\socketserver.py", line 362, in finish_request
    self.RequestHandlerClass(request, client_address, self)
    ~~~~~~~~~~~~~~~~~~~~~~~~^^^^^^^^^^^^^^^^^^^^^^^^^^^^^^^
  File "C:\Users\kishw\AppData\Local\Programs\Python\Python314\Lib\socketserver.py", line 766, in __init__
    self.handle()
    ~~~~~~~~~~~^^
  File "C:\Users\kishw\OneDrive\Desktop\ccxs\services\ftp_service.py", line 161, in handle
    raw = self.request.recv(2048)
ConnectionResetError: [WinError 10054] An existing connection was forcibly closed by the remote host
----------------------------------------
Exception (server): Error reading SSH protocol banner[WinError 10054] An existing connection was forcibly closed by the remote host
Traceback (most recent call last):
  File "C:\Users\kishw\AppData\Local\Programs\Python\Python314\Lib\site-packages\paramiko\transport.py", line 2213, in _check_banner
    buf = self.packetizer.readline(timeout)
  File "C:\Users\kishw\AppData\Local\Programs\Python\Python314\Lib\site-packages\paramiko\packet.py", line 395, in readline
    buf += self._read_timeout(timeout)
           ~~~~~~~~~~~~~~~~~~^^^^^^^^^
  File "C:\Users\kishw\AppData\Local\Programs\Python\Python314\Lib\site-packages\paramiko\packet.py", line 663, in _read_timeout
    x = self.__socket.recv(128)
ConnectionResetError: [WinError 10054] An existing connection was forcibly closed by the remote host

During handling of the above exception, another exception occurred:

Traceback (most recent call last):
  File "C:\Users\kishw\AppData\Local\Programs\Python\Python314\Lib\site-packages\paramiko\transport.py", line 2029, in run
    self._check_banner()
    ~~~~~~~~~~~~~~~~~~^^
  File "C:\Users\kishw\AppData\Local\Programs\Python\Python314\Lib\site-packages\paramiko\transport.py", line 2217, in _check_banner
    raise SSHException(
        "Error reading SSH protocol banner" + str(e)
    )
paramiko.ssh_exception.SSHException: Error reading SSH protocol banner[WinError 10054] An existing connection was forcibly closed by the remote host

==================================================================
  VulnLab services
  AUTHORIZED LAB ONLY - every service here is vulnerable on purpose
  bind: 0.0.0.0
==================================================================
  ftp        2121   FTP service
  telnet     2323   Telnet management console
  ssh        2222   SSH service (simulated Linux host)
  smb        4450   SMB share simulator
  debug-lab  8000   Debug-lab (Werkzeug debugger research)
  internals  8081   Hidden service catalogue
  cache      6379   Cache service (rabbit hole)
==================================================================
  lab data prepared under C:\Users\kishw\OneDrive\Desktop\ccxs\data
  press Ctrl+C to stop
==============================================================
  VulnLab FTP  (anonymous login allowed, on purpose)
  ftp://0.0.0.0:2121
==============================================================
  [ftp] started
==============================================================
  VulnLab Telnet management console (plaintext, on purpose)
  telnet 0.0.0.0:2323
==============================================================
  [telnet] started
==============================================================
  VulnLab SSH  (simulated Linux host, root never touches this disk)
  ssh -p 2222 student@0.0.0.0
==============================================================
  [ssh] started
==============================================================
  VulnLab SMB simulator (real SMB needs Linux - see smb/README.md)
  tcp://0.0.0.0:4450
==============================================================
  [smb] started
==============================================================
  VulnLab debug-lab  (debugger research instance)
  http://0.0.0.0:8000/
==============================================================
 * Serving Flask app 'services.debug_lab'
 * Debug mode: off
----------------------------------------
Exception occurred during processing of request from ('192.168.1.10', 63467)
Traceback (most recent call last):
  File "C:\Users\kishw\AppData\Local\Programs\Python\Python314\Lib\socketserver.py", line 697, in process_request_thread
    self.finish_request(request, client_address)
    ~~~~~~~~~~~~~~~~~~~^^^^^^^^^^^^^^^^^^^^^^^^^
  File "C:\Users\kishw\AppData\Local\Programs\Python\Python314\Lib\socketserver.py", line 362, in finish_request
    self.RequestHandlerClass(request, client_address, self)
    ~~~~~~~~~~~~~~~~~~~~~~~~^^^^^^^^^^^^^^^^^^^^^^^^^^^^^^^
  File "C:\Users\kishw\AppData\Local\Programs\Python\Python314\Lib\socketserver.py", line 766, in __init__
    self.handle()
    ~~~~~~~~~~~^^
  File "C:\Users\kishw\OneDrive\Desktop\ccxs\services\smb_service.py", line 78, in handle
    self.send("smb-01: " + flag("smb-01"))
    ~~~~~~~~~^^^^^^^^^^^^^^^^^^^^^^^^^^^^^
  File "C:\Users\kishw\OneDrive\Desktop\ccxs\services\smb_service.py", line 72, in send
    self.wfile.write((text + "\r\n").encode("utf-8", "replace"))
    ~~~~~~~~~~~~~~~~^^^^^^^^^^^^^^^^^^^^^^^^^^^^^^^^^^^^^^^^^^^^
  File "C:\Users\kishw\AppData\Local\Programs\Python\Python314\Lib\socketserver.py", line 845, in write
    self._sock.sendall(b)
    ~~~~~~~~~~~~~~~~~~^^^
ConnectionAbortedError: [WinError 10053] An established connection was aborted by the software in your host machine
----------------------------------------
WARNING: This is a development server. Do not use it in a production deployment. Use a production WSGI server instead.
 * Running on all addresses (0.0.0.0)
 * Running on http://127.0.0.1:8000
 * Running on http://192.168.1.10:8000
Press CTRL+C to quit
----------------------------------------
Exception occurred during processing of request from ('192.168.1.10', 53067)
Traceback (most recent call last):
  File "C:\Users\kishw\AppData\Local\Programs\Python\Python314\Lib\socketserver.py", line 697, in process_request_thread
    self.finish_request(request, client_address)
    ~~~~~~~~~~~~~~~~~~~^^^^^^^^^^^^^^^^^^^^^^^^^
  File "C:\Users\kishw\AppData\Local\Programs\Python\Python314\Lib\socketserver.py", line 362, in finish_request
    self.RequestHandlerClass(request, client_address, self)
    ~~~~~~~~~~~~~~~~~~~~~~~~^^^^^^^^^^^^^^^^^^^^^^^^^^^^^^^
  File "C:\Users\kishw\AppData\Local\Programs\Python\Python314\Lib\socketserver.py", line 766, in __init__
    self.handle()
    ~~~~~~~~~~~^^
  File "C:\Users\kishw\OneDrive\Desktop\ccxs\services\ftp_service.py", line 161, in handle
    raw = self.request.recv(2048)
ConnectionResetError: [WinError 10054] An existing connection was forcibly closed by the remote host
----------------------------------------
----------------------------------------
Exception occurred during processing of request from ('127.0.0.1', 53068)
Traceback (most recent call last):
  File "C:\Users\kishw\AppData\Local\Programs\Python\Python314\Lib\socketserver.py", line 697, in process_request_thread
    self.finish_request(request, client_address)
    ~~~~~~~~~~~~~~~~~~~^^^^^^^^^^^^^^^^^^^^^^^^^
  File "C:\Users\kishw\AppData\Local\Programs\Python\Python314\Lib\socketserver.py", line 362, in finish_request
    self.RequestHandlerClass(request, client_address, self)
    ~~~~~~~~~~~~~~~~~~~~~~~~^^^^^^^^^^^^^^^^^^^^^^^^^^^^^^^
  File "C:\Users\kishw\AppData\Local\Programs\Python\Python314\Lib\socketserver.py", line 766, in __init__
    self.handle()
    ~~~~~~~~~~~^^
  File "C:\Users\kishw\OneDrive\Desktop\ccxs\services\ftp_service.py", line 161, in handle
    raw = self.request.recv(2048)
ConnectionResetError: [WinError 10054] An existing connection was forcibly closed by the remote host
----------------------------------------
Exception (server): Error reading SSH protocol banner[WinError 10054] An existing connection was forcibly closed by the remote host
Traceback (most recent call last):
  File "C:\Users\kishw\AppData\Local\Programs\Python\Python314\Lib\site-packages\paramiko\transport.py", line 2213, in _check_banner
    buf = self.packetizer.readline(timeout)
  File "C:\Users\kishw\AppData\Local\Programs\Python\Python314\Lib\site-packages\paramiko\packet.py", line 395, in readline
    buf += self._read_timeout(timeout)
           ~~~~~~~~~~~~~~~~~~^^^^^^^^^
  File "C:\Users\kishw\AppData\Local\Programs\Python\Python314\Lib\site-packages\paramiko\packet.py", line 663, in _read_timeout
    x = self.__socket.recv(128)
ConnectionResetError: [WinError 10054] An existing connection was forcibly closed by the remote host

During handling of the above exception, another exception occurred:

Traceback (most recent call last):
  File "C:\Users\kishw\AppData\Local\Programs\Python\Python314\Lib\site-packages\paramiko\transport.py", line 2029, in run
    self._check_banner()
    ~~~~~~~~~~~~~~~~~~^^
  File "C:\Users\kishw\AppData\Local\Programs\Python\Python314\Lib\site-packages\paramiko\transport.py", line 2217, in _check_banner
    raise SSHException(
        "Error reading SSH protocol banner" + str(e)
    )
paramiko.ssh_exception.SSHException: Error reading SSH protocol banner[WinError 10054] An existing connection was forcibly closed by the remote host

Exception (server): Error reading SSH protocol banner[WinError 10053] An established connection was aborted by the software in your host machine
Traceback (most recent call last):
  File "C:\Users\kishw\AppData\Local\Programs\Python\Python314\Lib\site-packages\paramiko\transport.py", line 2213, in _check_banner
    buf = self.packetizer.readline(timeout)
  File "C:\Users\kishw\AppData\Local\Programs\Python\Python314\Lib\site-packages\paramiko\packet.py", line 395, in readline
    buf += self._read_timeout(timeout)
           ~~~~~~~~~~~~~~~~~~^^^^^^^^^
  File "C:\Users\kishw\AppData\Local\Programs\Python\Python314\Lib\site-packages\paramiko\packet.py", line 663, in _read_timeout
    x = self.__socket.recv(128)
ConnectionAbortedError: [WinError 10053] An established connection was aborted by the software in your host machine

During handling of the above exception, another exception occurred:

Traceback (most recent call last):
  File "C:\Users\kishw\AppData\Local\Programs\Python\Python314\Lib\site-packages\paramiko\transport.py", line 2029, in run
    self._check_banner()
    ~~~~~~~~~~~~~~~~~~^^
  File "C:\Users\kishw\AppData\Local\Programs\Python\Python314\Lib\site-packages\paramiko\transport.py", line 2217, in _check_banner
    raise SSHException(
        "Error reading SSH protocol banner" + str(e)
    )
paramiko.ssh_exception.SSHException: Error reading SSH protocol banner[WinError 10053] An established connection was aborted by the software in your host machine

----------------------------------------
Exception occurred during processing of request from ('192.168.1.10', 53074)
Traceback (most recent call last):
  File "C:\Users\kishw\AppData\Local\Programs\Python\Python314\Lib\socketserver.py", line 697, in process_request_thread
    self.finish_request(request, client_address)
    ~~~~~~~~~~~~~~~~~~~^^^^^^^^^^^^^^^^^^^^^^^^^
  File "C:\Users\kishw\AppData\Local\Programs\Python\Python314\Lib\socketserver.py", line 362, in finish_request
    self.RequestHandlerClass(request, client_address, self)
    ~~~~~~~~~~~~~~~~~~~~~~~~^^^^^^^^^^^^^^^^^^^^^^^^^^^^^^^
  File "C:\Users\kishw\AppData\Local\Programs\Python\Python314\Lib\socketserver.py", line 766, in __init__
    self.handle()
    ~~~~~~~~~~~^^
  File "C:\Users\kishw\OneDrive\Desktop\ccxs\services\smb_service.py", line 78, in handle
    self.send("smb-01: " + flag("smb-01"))
    ~~~~~~~~~^^^^^^^^^^^^^^^^^^^^^^^^^^^^^
  File "C:\Users\kishw\OneDrive\Desktop\ccxs\services\smb_service.py", line 72, in send
    self.wfile.write((text + "\r\n").encode("utf-8", "replace"))
    ~~~~~~~~~~~~~~~~^^^^^^^^^^^^^^^^^^^^^^^^^^^^^^^^^^^^^^^^^^^^
  File "C:\Users\kishw\AppData\Local\Programs\Python\Python314\Lib\socketserver.py", line 845, in write
    self._sock.sendall(b)
    ~~~~~~~~~~~~~~~~~~^^^
ConnectionAbortedError: [WinError 10053] An established connection was aborted by the software in your host machine
----------------------------------------
----------------------------------------
Exception occurred during processing of request from ('127.0.0.1', 53075)
Traceback (most recent call last):
  File "C:\Users\kishw\AppData\Local\Programs\Python\Python314\Lib\socketserver.py", line 697, in process_request_thread
    self.finish_request(request, client_address)
    ~~~~~~~~~~~~~~~~~~~^^^^^^^^^^^^^^^^^^^^^^^^^
  File "C:\Users\kishw\AppData\Local\Programs\Python\Python314\Lib\socketserver.py", line 362, in finish_request
    self.RequestHandlerClass(request, client_address, self)
    ~~~~~~~~~~~~~~~~~~~~~~~~^^^^^^^^^^^^^^^^^^^^^^^^^^^^^^^
  File "C:\Users\kishw\AppData\Local\Programs\Python\Python314\Lib\socketserver.py", line 766, in __init__
    self.handle()
    ~~~~~~~~~~~^^
  File "C:\Users\kishw\OneDrive\Desktop\ccxs\services\smb_service.py", line 78, in handle
    self.send("smb-01: " + flag("smb-01"))
    ~~~~~~~~~^^^^^^^^^^^^^^^^^^^^^^^^^^^^^
  File "C:\Users\kishw\OneDrive\Desktop\ccxs\services\smb_service.py", line 72, in send
    self.wfile.write((text + "\r\n").encode("utf-8", "replace"))
    ~~~~~~~~~~~~~~~~^^^^^^^^^^^^^^^^^^^^^^^^^^^^^^^^^^^^^^^^^^^^
  File "C:\Users\kishw\AppData\Local\Programs\Python\Python314\Lib\socketserver.py", line 845, in write
    self._sock.sendall(b)
    ~~~~~~~~~~~~~~~~~~^^^
ConnectionAbortedError: [WinError 10053] An established connection was aborted by the software in your host machine
----------------------------------------
----------------------------------------
Exception occurred during processing of request from ('192.168.1.10', 51202)
Traceback (most recent call last):
  File "C:\Users\kishw\AppData\Local\Programs\Python\Python314\Lib\socketserver.py", line 697, in process_request_thread
    self.finish_request(request, client_address)
    ~~~~~~~~~~~~~~~~~~~^^^^^^^^^^^^^^^^^^^^^^^^^
  File "C:\Users\kishw\AppData\Local\Programs\Python\Python314\Lib\socketserver.py", line 362, in finish_request
    self.RequestHandlerClass(request, client_address, self)
    ~~~~~~~~~~~~~~~~~~~~~~~~^^^^^^^^^^^^^^^^^^^^^^^^^^^^^^^
----------------------------------------
  File "C:\Users\kishw\AppData\Local\Programs\Python\Python314\Lib\socketserver.py", line 766, in __init__
    self.handle()
    ~~~~~~~~~~~^^
Exception occurred during processing of request from ('127.0.0.1', 51203)
  File "C:\Users\kishw\OneDrive\Desktop\ccxs\services\ftp_service.py", line 161, in handle
    raw = self.request.recv(2048)
ConnectionAbortedError: [WinError 10053] An established connection was aborted by the software in your host machine
----------------------------------------
Traceback (most recent call last):
  File "C:\Users\kishw\AppData\Local\Programs\Python\Python314\Lib\socketserver.py", line 697, in process_request_thread
    self.finish_request(request, client_address)
    ~~~~~~~~~~~~~~~~~~~^^^^^^^^^^^^^^^^^^^^^^^^^
  File "C:\Users\kishw\AppData\Local\Programs\Python\Python314\Lib\socketserver.py", line 362, in finish_request
    self.RequestHandlerClass(request, client_address, self)
    ~~~~~~~~~~~~~~~~~~~~~~~~^^^^^^^^^^^^^^^^^^^^^^^^^^^^^^^
  File "C:\Users\kishw\AppData\Local\Programs\Python\Python314\Lib\socketserver.py", line 766, in __init__
    self.handle()
    ~~~~~~~~~~~^^
  File "C:\Users\kishw\OneDrive\Desktop\ccxs\services\ftp_service.py", line 161, in handle
    raw = self.request.recv(2048)
ConnectionAbortedError: [WinError 10053] An established connection was aborted by the software in your host machine
----------------------------------------
Exception (server): Error reading SSH protocol banner[WinError 10054] An existing connection was forcibly closed by the remote host
Traceback (most recent call last):
  File "C:\Users\kishw\AppData\Local\Programs\Python\Python314\Lib\site-packages\paramiko\transport.py", line 2213, in _check_banner
    buf = self.packetizer.readline(timeout)
  File "C:\Users\kishw\AppData\Local\Programs\Python\Python314\Lib\site-packages\paramiko\packet.py", line 395, in readline
    buf += self._read_timeout(timeout)
           ~~~~~~~~~~~~~~~~~~^^^^^^^^^
  File "C:\Users\kishw\AppData\Local\Programs\Python\Python314\Lib\site-packages\paramiko\packet.py", line 663, in _read_timeout
    x = self.__socket.recv(128)
ConnectionResetError: [WinError 10054] An existing connection was forcibly closed by the remote host

During handling of the above exception, another exception occurred:

Traceback (most recent call last):
  File "C:\Users\kishw\AppData\Local\Programs\Python\Python314\Lib\site-packages\paramiko\transport.py", line 2029, in run
    self._check_banner()
    ~~~~~~~~~~~~~~~~~~^^
  File "C:\Users\kishw\AppData\Local\Programs\Python\Python314\Lib\site-packages\paramiko\transport.py", line 2217, in _check_banner
    raise SSHException(
        "Error reading SSH protocol banner" + str(e)
    )
paramiko.ssh_exception.SSHException: Error reading SSH protocol banner[WinError 10054] An existing connection was forcibly closed by the remote host

Exception (server): Error reading SSH protocol banner[WinError 10053] An established connection was aborted by the software in your host machine
Traceback (most recent call last):
  File "C:\Users\kishw\AppData\Local\Programs\Python\Python314\Lib\site-packages\paramiko\transport.py", line 2213, in _check_banner
    buf = self.packetizer.readline(timeout)
  File "C:\Users\kishw\AppData\Local\Programs\Python\Python314\Lib\site-packages\paramiko\packet.py", line 395, in readline
    buf += self._read_timeout(timeout)
           ~~~~~~~~~~~~~~~~~~^^^^^^^^^
  File "C:\Users\kishw\AppData\Local\Programs\Python\Python314\Lib\site-packages\paramiko\packet.py", line 663, in _read_timeout
    x = self.__socket.recv(128)
ConnectionAbortedError: [WinError 10053] An established connection was aborted by the software in your host machine

During handling of the above exception, another exception occurred:

Traceback (most recent call last):
  File "C:\Users\kishw\AppData\Local\Programs\Python\Python314\Lib\site-packages\paramiko\transport.py", line 2029, in run
    self._check_banner()
    ~~~~~~~~~~~~~~~~~~^^
  File "C:\Users\kishw\AppData\Local\Programs\Python\Python314\Lib\site-packages\paramiko\transport.py", line 2217, in _check_banner
    raise SSHException(
        "Error reading SSH protocol banner" + str(e)
    )
paramiko.ssh_exception.SSHException: Error reading SSH protocol banner[WinError 10053] An established connection was aborted by the software in your host machine

----------------------------------------
Exception occurred during processing of request from ('192.168.1.10', 51208)
Traceback (most recent call last):
  File "C:\Users\kishw\AppData\Local\Programs\Python\Python314\Lib\socketserver.py", line 697, in process_request_thread
    self.finish_request(request, client_address)
    ~~~~~~~~~~~~~~~~~~~^^^^^^^^^^^^^^^^^^^^^^^^^
  File "C:\Users\kishw\AppData\Local\Programs\Python\Python314\Lib\socketserver.py", line 362, in finish_request
    self.RequestHandlerClass(request, client_address, self)
    ~~~~~~~~~~~~~~~~~~~~~~~~^^^^^^^^^^^^^^^^^^^^^^^^^^^^^^^
  File "C:\Users\kishw\AppData\Local\Programs\Python\Python314\Lib\socketserver.py", line 766, in __init__
    self.handle()
    ~~~~~~~~~~~^^
  File "C:\Users\kishw\OneDrive\Desktop\ccxs\services\smb_service.py", line 78, in handle
    self.send("smb-01: " + flag("smb-01"))
    ~~~~~~~~~^^^^^^^^^^^^^^^^^^^^^^^^^^^^^
  File "C:\Users\kishw\OneDrive\Desktop\ccxs\services\smb_service.py", line 72, in send
    self.wfile.write((text + "\r\n").encode("utf-8", "replace"))
    ~~~~~~~~~~~~~~~~^^^^^^^^^^^^^^^^^^^^^^^^^^^^^^^^^^^^^^^^^^^^
  File "C:\Users\kishw\AppData\Local\Programs\Python\Python314\Lib\socketserver.py", line 845, in write
    self._sock.sendall(b)
    ~~~~~~~~~~~~~~~~~~^^^
ConnectionAbortedError: [WinError 10053] An established connection was aborted by the software in your host machine
----------------------------------------
----------------------------------------
Exception occurred during processing of request from ('127.0.0.1', 51209)
Traceback (most recent call last):
  File "C:\Users\kishw\AppData\Local\Programs\Python\Python314\Lib\socketserver.py", line 697, in process_request_thread
    self.finish_request(request, client_address)
    ~~~~~~~~~~~~~~~~~~~^^^^^^^^^^^^^^^^^^^^^^^^^
  File "C:\Users\kishw\AppData\Local\Programs\Python\Python314\Lib\socketserver.py", line 362, in finish_request
    self.RequestHandlerClass(request, client_address, self)
    ~~~~~~~~~~~~~~~~~~~~~~~~^^^^^^^^^^^^^^^^^^^^^^^^^^^^^^^
  File "C:\Users\kishw\AppData\Local\Programs\Python\Python314\Lib\socketserver.py", line 766, in __init__
    self.handle()
    ~~~~~~~~~~~^^
  File "C:\Users\kishw\OneDrive\Desktop\ccxs\services\smb_service.py", line 78, in handle
    self.send("smb-01: " + flag("smb-01"))
    ~~~~~~~~~^^^^^^^^^^^^^^^^^^^^^^^^^^^^^
  File "C:\Users\kishw\OneDrive\Desktop\ccxs\services\smb_service.py", line 72, in send
    self.wfile.write((text + "\r\n").encode("utf-8", "replace"))
    ~~~~~~~~~~~~~~~~^^^^^^^^^^^^^^^^^^^^^^^^^^^^^^^^^^^^^^^^^^^^
  File "C:\Users\kishw\AppData\Local\Programs\Python\Python314\Lib\socketserver.py", line 845, in write
    self._sock.sendall(b)
    ~~~~~~~~~~~~~~~~~~^^^
ConnectionAbortedError: [WinError 10053] An established connection was aborted by the software in your host machine
----------------------------------------
----------------------------------------
Exception occurred during processing of request from ('192.168.1.10', 59907)
Traceback (most recent call last):
  File "C:\Users\kishw\AppData\Local\Programs\Python\Python314\Lib\socketserver.py", line 697, in process_request_thread
    self.finish_request(request, client_address)
    ~~~~~~~~~~~~~~~~~~~^^^^^^^^^^^^^^^^^^^^^^^^^
  File "C:\Users\kishw\AppData\Local\Programs\Python\Python314\Lib\socketserver.py", line 362, in finish_request
    self.RequestHandlerClass(request, client_address, self)
    ~~~~~~~~~~~~~~~~~~~~~~~~^^^^^^^^^^^^^^^^^^^^^^^^^^^^^^^
  File "C:\Users\kishw\AppData\Local\Programs\Python\Python314\Lib\socketserver.py", line 766, in __init__
    self.handle()
    ~~~~~~~~~~~^^
  File "C:\Users\kishw\OneDrive\Desktop\ccxs\services\ftp_service.py", line 161, in handle
    raw = self.request.recv(2048)
ConnectionResetError: [WinError 10054] An existing connection was forcibly closed by the remote host
----------------------------------------
Exception (server): Error reading SSH protocol banner[WinError 10054] An existing connection was forcibly closed by the remote host
Traceback (most recent call last):
  File "C:\Users\kishw\AppData\Local\Programs\Python\Python314\Lib\site-packages\paramiko\transport.py", line 2213, in _check_banner
    buf = self.packetizer.readline(timeout)
  File "C:\Users\kishw\AppData\Local\Programs\Python\Python314\Lib\site-packages\paramiko\packet.py", line 395, in readline
    buf += self._read_timeout(timeout)
           ~~~~~~~~~~~~~~~~~~^^^^^^^^^
  File "C:\Users\kishw\AppData\Local\Programs\Python\Python314\Lib\site-packages\paramiko\packet.py", line 663, in _read_timeout
    x = self.__socket.recv(128)
ConnectionResetError: [WinError 10054] An existing connection was forcibly closed by the remote host

During handling of the above exception, another exception occurred:

Traceback (most recent call last):
  File "C:\Users\kishw\AppData\Local\Programs\Python\Python314\Lib\site-packages\paramiko\transport.py", line 2029, in run
    self._check_banner()
    ~~~~~~~~~~~~~~~~~~^^
  File "C:\Users\kishw\AppData\Local\Programs\Python\Python314\Lib\site-packages\paramiko\transport.py", line 2217, in _check_banner
    raise SSHException(
        "Error reading SSH protocol banner" + str(e)
    )
paramiko.ssh_exception.SSHException: Error reading SSH protocol banner[WinError 10054] An existing connection was forcibly closed by the remote host

----------------------------------------
Exception occurred during processing of request from ('192.168.1.10', 59910)
Traceback (most recent call last):
  File "C:\Users\kishw\AppData\Local\Programs\Python\Python314\Lib\socketserver.py", line 697, in process_request_thread
    self.finish_request(request, client_address)
    ~~~~~~~~~~~~~~~~~~~^^^^^^^^^^^^^^^^^^^^^^^^^
  File "C:\Users\kishw\AppData\Local\Programs\Python\Python314\Lib\socketserver.py", line 362, in finish_request
    self.RequestHandlerClass(request, client_address, self)
    ~~~~~~~~~~~~~~~~~~~~~~~~^^^^^^^^^^^^^^^^^^^^^^^^^^^^^^^
  File "C:\Users\kishw\AppData\Local\Programs\Python\Python314\Lib\socketserver.py", line 766, in __init__
    self.handle()
    ~~~~~~~~~~~^^
  File "C:\Users\kishw\OneDrive\Desktop\ccxs\services\smb_service.py", line 78, in handle
    self.send("smb-01: " + flag("smb-01"))
    ~~~~~~~~~^^^^^^^^^^^^^^^^^^^^^^^^^^^^^
  File "C:\Users\kishw\OneDrive\Desktop\ccxs\services\smb_service.py", line 72, in send
    self.wfile.write((text + "\r\n").encode("utf-8", "replace"))
    ~~~~~~~~~~~~~~~~^^^^^^^^^^^^^^^^^^^^^^^^^^^^^^^^^^^^^^^^^^^^
  File "C:\Users\kishw\AppData\Local\Programs\Python\Python314\Lib\socketserver.py", line 845, in write
    self._sock.sendall(b)
    ~~~~~~~~~~~~~~~~~~^^^
ConnectionAbortedError: [WinError 10053] An established connection was aborted by the software in your host machine
----------------------------------------
==================================================================
  VulnLab services
  AUTHORIZED LAB ONLY - every service here is vulnerable on purpose
  bind: 0.0.0.0
==================================================================
  ftp        2121   FTP service
  telnet     2323   Telnet management console
  ssh        2222   SSH service (simulated Linux host)
  smb        4450   SMB share simulator
  debug-lab  8000   Debug-lab (Werkzeug debugger research)
  internals  8081   Hidden service catalogue
  cache      6379   Cache service (rabbit hole)
==================================================================
  lab data prepared under C:\Users\kishw\OneDrive\Desktop\ccxs\data
  press Ctrl+C to stop
==============================================================
  VulnLab FTP  (anonymous login allowed, on purpose)
  ftp://0.0.0.0:2121
==============================================================
  [ftp] started
==============================================================
  VulnLab Telnet management console (plaintext, on purpose)
  telnet 0.0.0.0:2323
==============================================================
  [telnet] started
==============================================================
  VulnLab SSH  (simulated Linux host, root never touches this disk)
  ssh -p 2222 student@0.0.0.0
==============================================================
  [ssh] started
==============================================================
  VulnLab SMB simulator (real SMB needs Linux - see smb/README.md)
  tcp://0.0.0.0:4450
==============================================================
  [smb] started
==============================================================
  VulnLab debug-lab  (debugger research instance)
  http://0.0.0.0:8000/
==============================================================
 * Serving Flask app 'services.debug_lab'
 * Debug mode: off
WARNING: This is a development server. Do not use it in a production deployment. Use a production WSGI server instead.
 * Running on all addresses (0.0.0.0)
 * Running on http://127.0.0.1:8000
 * Running on http://192.168.1.10:8000
Press CTRL+C to quit
----------------------------------------
Exception occurred during processing of request from ('192.168.1.10', 57402)
Traceback (most recent call last):
  File "C:\Users\kishw\AppData\Local\Programs\Python\Python314\Lib\socketserver.py", line 697, in process_request_thread
    self.finish_request(request, client_address)
    ~~~~~~~~~~~~~~~~~~~^^^^^^^^^^^^^^^^^^^^^^^^^
  File "C:\Users\kishw\AppData\Local\Programs\Python\Python314\Lib\socketserver.py", line 362, in finish_request
    self.RequestHandlerClass(request, client_address, self)
    ~~~~~~~~~~~~~~~~~~~~~~~~^^^^^^^^^^^^^^^^^^^^^^^^^^^^^^^
  File "C:\Users\kishw\AppData\Local\Programs\Python\Python314\Lib\socketserver.py", line 766, in __init__
    self.handle()
    ~~~~~~~~~~~^^
  File "C:\Users\kishw\OneDrive\Desktop\ccxs\services\ftp_service.py", line 161, in handle
    raw = self.request.recv(2048)
ConnectionAbortedError: [WinError 10053] An established connection was aborted by the software in your host machine
----------------------------------------
----------------------------------------
Exception occurred during processing of request from ('127.0.0.1', 57403)
Traceback (most recent call last):
  File "C:\Users\kishw\AppData\Local\Programs\Python\Python314\Lib\socketserver.py", line 697, in process_request_thread
    self.finish_request(request, client_address)
    ~~~~~~~~~~~~~~~~~~~^^^^^^^^^^^^^^^^^^^^^^^^^
  File "C:\Users\kishw\AppData\Local\Programs\Python\Python314\Lib\socketserver.py", line 362, in finish_request
    self.RequestHandlerClass(request, client_address, self)
    ~~~~~~~~~~~~~~~~~~~~~~~~^^^^^^^^^^^^^^^^^^^^^^^^^^^^^^^
  File "C:\Users\kishw\AppData\Local\Programs\Python\Python314\Lib\socketserver.py", line 766, in __init__
    self.handle()
    ~~~~~~~~~~~^^
  File "C:\Users\kishw\OneDrive\Desktop\ccxs\services\ftp_service.py", line 161, in handle
    raw = self.request.recv(2048)
ConnectionResetError: [WinError 10054] An existing connection was forcibly closed by the remote host
----------------------------------------
Exception (server): Error reading SSH protocol banner[WinError 10054] An existing connection was forcibly closed by the remote host
Traceback (most recent call last):
  File "C:\Users\kishw\AppData\Local\Programs\Python\Python314\Lib\site-packages\paramiko\transport.py", line 2213, in _check_banner
    buf = self.packetizer.readline(timeout)
  File "C:\Users\kishw\AppData\Local\Programs\Python\Python314\Lib\site-packages\paramiko\packet.py", line 395, in readline
    buf += self._read_timeout(timeout)
           ~~~~~~~~~~~~~~~~~~^^^^^^^^^
  File "C:\Users\kishw\AppData\Local\Programs\Python\Python314\Lib\site-packages\paramiko\packet.py", line 663, in _read_timeout
    x = self.__socket.recv(128)
ConnectionResetError: [WinError 10054] An existing connection was forcibly closed by the remote host

During handling of the above exception, another exception occurred:

Traceback (most recent call last):
  File "C:\Users\kishw\AppData\Local\Programs\Python\Python314\Lib\site-packages\paramiko\transport.py", line 2029, in run
    self._check_banner()
    ~~~~~~~~~~~~~~~~~~^^
  File "C:\Users\kishw\AppData\Local\Programs\Python\Python314\Lib\site-packages\paramiko\transport.py", line 2217, in _check_banner
    raise SSHException(
        "Error reading SSH protocol banner" + str(e)
    )
paramiko.ssh_exception.SSHException: Error reading SSH protocol banner[WinError 10054] An existing connection was forcibly closed by the remote host

Exception (server): Error reading SSH protocol banner[WinError 10054] An existing connection was forcibly closed by the remote host
Traceback (most recent call last):
  File "C:\Users\kishw\AppData\Local\Programs\Python\Python314\Lib\site-packages\paramiko\transport.py", line 2213, in _check_banner
    buf = self.packetizer.readline(timeout)
  File "C:\Users\kishw\AppData\Local\Programs\Python\Python314\Lib\site-packages\paramiko\packet.py", line 395, in readline
    buf += self._read_timeout(timeout)
           ~~~~~~~~~~~~~~~~~~^^^^^^^^^
  File "C:\Users\kishw\AppData\Local\Programs\Python\Python314\Lib\site-packages\paramiko\packet.py", line 663, in _read_timeout
    x = self.__socket.recv(128)
ConnectionResetError: [WinError 10054] An existing connection was forcibly closed by the remote host

During handling of the above exception, another exception occurred:

Traceback (most recent call last):
  File "C:\Users\kishw\AppData\Local\Programs\Python\Python314\Lib\site-packages\paramiko\transport.py", line 2029, in run
    self._check_banner()
    ~~~~~~~~~~~~~~~~~~^^
  File "C:\Users\kishw\AppData\Local\Programs\Python\Python314\Lib\site-packages\paramiko\transport.py", line 2217, in _check_banner
    raise SSHException(
        "Error reading SSH protocol banner" + str(e)
    )
paramiko.ssh_exception.SSHException: Error reading SSH protocol banner[WinError 10054] An existing connection was forcibly closed by the remote host

----------------------------------------
Exception occurred during processing of request from ('192.168.1.10', 57408)
Traceback (most recent call last):
  File "C:\Users\kishw\AppData\Local\Programs\Python\Python314\Lib\socketserver.py", line 697, in process_request_thread
    self.finish_request(request, client_address)
    ~~~~~~~~~~~~~~~~~~~^^^^^^^^^^^^^^^^^^^^^^^^^
  File "C:\Users\kishw\AppData\Local\Programs\Python\Python314\Lib\socketserver.py", line 362, in finish_request
    self.RequestHandlerClass(request, client_address, self)
    ~~~~~~~~~~~~~~~~~~~~~~~~^^^^^^^^^^^^^^^^^^^^^^^^^^^^^^^
  File "C:\Users\kishw\AppData\Local\Programs\Python\Python314\Lib\socketserver.py", line 766, in __init__
    self.handle()
    ~~~~~~~~~~~^^
  File "C:\Users\kishw\OneDrive\Desktop\ccxs\services\smb_service.py", line 78, in handle
    self.send("smb-01: " + flag("smb-01"))
    ~~~~~~~~~^^^^^^^^^^^^^^^^^^^^^^^^^^^^^
  File "C:\Users\kishw\OneDrive\Desktop\ccxs\services\smb_service.py", line 72, in send
    self.wfile.write((text + "\r\n").encode("utf-8", "replace"))
    ~~~~~~~~~~~~~~~~^^^^^^^^^^^^^^^^^^^^^^^^^^^^^^^^^^^^^^^^^^^^
  File "C:\Users\kishw\AppData\Local\Programs\Python\Python314\Lib\socketserver.py", line 845, in write
    self._sock.sendall(b)
    ~~~~~~~~~~~~~~~~~~^^^
ConnectionAbortedError: [WinError 10053] An established connection was aborted by the software in your host machine
----------------------------------------
----------------------------------------
Exception occurred during processing of request from ('127.0.0.1', 57409)
Traceback (most recent call last):
  File "C:\Users\kishw\AppData\Local\Programs\Python\Python314\Lib\socketserver.py", line 697, in process_request_thread
    self.finish_request(request, client_address)
    ~~~~~~~~~~~~~~~~~~~^^^^^^^^^^^^^^^^^^^^^^^^^
  File "C:\Users\kishw\AppData\Local\Programs\Python\Python314\Lib\socketserver.py", line 362, in finish_request
    self.RequestHandlerClass(request, client_address, self)
    ~~~~~~~~~~~~~~~~~~~~~~~~^^^^^^^^^^^^^^^^^^^^^^^^^^^^^^^
  File "C:\Users\kishw\AppData\Local\Programs\Python\Python314\Lib\socketserver.py", line 766, in __init__
    self.handle()
    ~~~~~~~~~~~^^
  File "C:\Users\kishw\OneDrive\Desktop\ccxs\services\smb_service.py", line 78, in handle
    self.send("smb-01: " + flag("smb-01"))
    ~~~~~~~~~^^^^^^^^^^^^^^^^^^^^^^^^^^^^^
  File "C:\Users\kishw\OneDrive\Desktop\ccxs\services\smb_service.py", line 72, in send
    self.wfile.write((text + "\r\n").encode("utf-8", "replace"))
    ~~~~~~~~~~~~~~~~^^^^^^^^^^^^^^^^^^^^^^^^^^^^^^^^^^^^^^^^^^^^
  File "C:\Users\kishw\AppData\Local\Programs\Python\Python314\Lib\socketserver.py", line 845, in write
    self._sock.sendall(b)
    ~~~~~~~~~~~~~~~~~~^^^
ConnectionAbortedError: [WinError 10053] An established connection was aborted by the software in your host machine
----------------------------------------
----------------------------------------
Exception occurred during processing of request from ('192.168.1.10', 61896)
Traceback (most recent call last):
  File "C:\Users\kishw\AppData\Local\Programs\Python\Python314\Lib\socketserver.py", line 697, in process_request_thread
    self.finish_request(request, client_address)
    ~~~~~~~~~~~~~~~~~~~^^^^^^^^^^^^^^^^^^^^^^^^^
  File "C:\Users\kishw\AppData\Local\Programs\Python\Python314\Lib\socketserver.py", line 362, in finish_request
    self.RequestHandlerClass(request, client_address, self)
    ~~~~~~~~~~~~~~~~~~~~~~~~^^^^^^^^^^^^^^^^^^^^^^^^^^^^^^^
  File "C:\Users\kishw\AppData\Local\Programs\Python\Python314\Lib\socketserver.py", line 766, in __init__
    self.handle()
    ~~~~~~~~~~~^^
  File "C:\Users\kishw\OneDrive\Desktop\ccxs\services\ftp_service.py", line 161, in handle
    raw = self.request.recv(2048)
ConnectionAbortedError: [WinError 10053] An established connection was aborted by the software in your host machine
----------------------------------------
Exception (server): Error reading SSH protocol banner[WinError 10054] An existing connection was forcibly closed by the remote host
Traceback (most recent call last):
  File "C:\Users\kishw\AppData\Local\Programs\Python\Python314\Lib\site-packages\paramiko\transport.py", line 2213, in _check_banner
    buf = self.packetizer.readline(timeout)
  File "C:\Users\kishw\AppData\Local\Programs\Python\Python314\Lib\site-packages\paramiko\packet.py", line 395, in readline
    buf += self._read_timeout(timeout)
           ~~~~~~~~~~~~~~~~~~^^^^^^^^^
  File "C:\Users\kishw\AppData\Local\Programs\Python\Python314\Lib\site-packages\paramiko\packet.py", line 663, in _read_timeout
    x = self.__socket.recv(128)
ConnectionResetError: [WinError 10054] An existing connection was forcibly closed by the remote host

During handling of the above exception, another exception occurred:

Traceback (most recent call last):
  File "C:\Users\kishw\AppData\Local\Programs\Python\Python314\Lib\site-packages\paramiko\transport.py", line 2029, in run
    self._check_banner()
    ~~~~~~~~~~~~~~~~~~^^
  File "C:\Users\kishw\AppData\Local\Programs\Python\Python314\Lib\site-packages\paramiko\transport.py", line 2217, in _check_banner
    raise SSHException(
        "Error reading SSH protocol banner" + str(e)
    )
paramiko.ssh_exception.SSHException: Error reading SSH protocol banner[WinError 10054] An existing connection was forcibly closed by the remote host

----------------------------------------
Exception occurred during processing of request from ('192.168.1.10', 61899)
Traceback (most recent call last):
  File "C:\Users\kishw\AppData\Local\Programs\Python\Python314\Lib\socketserver.py", line 697, in process_request_thread
    self.finish_request(request, client_address)
    ~~~~~~~~~~~~~~~~~~~^^^^^^^^^^^^^^^^^^^^^^^^^
  File "C:\Users\kishw\AppData\Local\Programs\Python\Python314\Lib\socketserver.py", line 362, in finish_request
    self.RequestHandlerClass(request, client_address, self)
    ~~~~~~~~~~~~~~~~~~~~~~~~^^^^^^^^^^^^^^^^^^^^^^^^^^^^^^^
  File "C:\Users\kishw\AppData\Local\Programs\Python\Python314\Lib\socketserver.py", line 766, in __init__
    self.handle()
    ~~~~~~~~~~~^^
  File "C:\Users\kishw\OneDrive\Desktop\ccxs\services\smb_service.py", line 78, in handle
    self.send("smb-01: " + flag("smb-01"))
    ~~~~~~~~~^^^^^^^^^^^^^^^^^^^^^^^^^^^^^
  File "C:\Users\kishw\OneDrive\Desktop\ccxs\services\smb_service.py", line 72, in send
    self.wfile.write((text + "\r\n").encode("utf-8", "replace"))
    ~~~~~~~~~~~~~~~~^^^^^^^^^^^^^^^^^^^^^^^^^^^^^^^^^^^^^^^^^^^^
  File "C:\Users\kishw\AppData\Local\Programs\Python\Python314\Lib\socketserver.py", line 845, in write
    self._sock.sendall(b)
    ~~~~~~~~~~~~~~~~~~^^^
ConnectionAbortedError: [WinError 10053] An established connection was aborted by the software in your host machine
----------------------------------------
192.168.1.10 - - [06/Oct/2026 11:28:51] "GET / HTTP/1.1" 200 -
192.168.1.10 - - [06/Oct/2026 11:28:51] "GET /debug-lab/info HTTP/1.1" 200 -
192.168.1.10 - - [06/Oct/2026 11:28:51] "GET /debug-lab/console?pin=511331-430&code=open(r'C:\\Users\\kishw\\OneDrive\\Desktop\\ccxs\\data\\flagfiles\\debugger.flag').read() HTTP/1.1" 200 -
----------------------------------------
Exception occurred during processing of request from ('192.168.1.10', 59784)
Traceback (most recent call last):
  File "C:\Users\kishw\AppData\Local\Programs\Python\Python314\Lib\socketserver.py", line 697, in process_request_thread
    self.finish_request(request, client_address)
    ~~~~~~~~~~~~~~~~~~~^^^^^^^^^^^^^^^^^^^^^^^^^
  File "C:\Users\kishw\AppData\Local\Programs\Python\Python314\Lib\socketserver.py", line 362, in finish_request
    self.RequestHandlerClass(request, client_address, self)
    ~~~~~~~~~~~~~~~~~~~~~~~~^^^^^^^^^^^^^^^^^^^^^^^^^^^^^^^
  File "C:\Users\kishw\AppData\Local\Programs\Python\Python314\Lib\socketserver.py", line 766, in __init__
    self.handle()
    ~~~~~~~~~~~^^
  File "C:\Users\kishw\OneDrive\Desktop\ccxs\services\ftp_service.py", line 161, in handle
    raw = self.request.recv(2048)
ConnectionResetError: [WinError 10054] An existing connection was forcibly closed by the remote host
----------------------------------------
Exception (server): Error reading SSH protocol banner[WinError 10054] An existing connection was forcibly closed by the remote host
Traceback (most recent call last):
  File "C:\Users\kishw\AppData\Local\Programs\Python\Python314\Lib\site-packages\paramiko\transport.py", line 2213, in _check_banner
    buf = self.packetizer.readline(timeout)
  File "C:\Users\kishw\AppData\Local\Programs\Python\Python314\Lib\site-packages\paramiko\packet.py", line 395, in readline
    buf += self._read_timeout(timeout)
           ~~~~~~~~~~~~~~~~~~^^^^^^^^^
  File "C:\Users\kishw\AppData\Local\Programs\Python\Python314\Lib\site-packages\paramiko\packet.py", line 663, in _read_timeout
    x = self.__socket.recv(128)
ConnectionResetError: [WinError 10054] An existing connection was forcibly closed by the remote host

During handling of the above exception, another exception occurred:

Traceback (most recent call last):
  File "C:\Users\kishw\AppData\Local\Programs\Python\Python314\Lib\site-packages\paramiko\transport.py", line 2029, in run
    self._check_banner()
    ~~~~~~~~~~~~~~~~~~^^
  File "C:\Users\kishw\AppData\Local\Programs\Python\Python314\Lib\site-packages\paramiko\transport.py", line 2217, in _check_banner
    raise SSHException(
        "Error reading SSH protocol banner" + str(e)
    )
paramiko.ssh_exception.SSHException: Error reading SSH protocol banner[WinError 10054] An existing connection was forcibly closed by the remote host

----------------------------------------
Exception occurred during processing of request from ('192.168.1.10', 59787)
Traceback (most recent call last):
  File "C:\Users\kishw\AppData\Local\Programs\Python\Python314\Lib\socketserver.py", line 697, in process_request_thread
    self.finish_request(request, client_address)
    ~~~~~~~~~~~~~~~~~~~^^^^^^^^^^^^^^^^^^^^^^^^^
  File "C:\Users\kishw\AppData\Local\Programs\Python\Python314\Lib\socketserver.py", line 362, in finish_request
    self.RequestHandlerClass(request, client_address, self)
    ~~~~~~~~~~~~~~~~~~~~~~~~^^^^^^^^^^^^^^^^^^^^^^^^^^^^^^^
  File "C:\Users\kishw\AppData\Local\Programs\Python\Python314\Lib\socketserver.py", line 766, in __init__
    self.handle()
    ~~~~~~~~~~~^^
  File "C:\Users\kishw\OneDrive\Desktop\ccxs\services\smb_service.py", line 78, in handle
    self.send("smb-01: " + flag("smb-01"))
    ~~~~~~~~~^^^^^^^^^^^^^^^^^^^^^^^^^^^^^
  File "C:\Users\kishw\OneDrive\Desktop\ccxs\services\smb_service.py", line 72, in send
    self.wfile.write((text + "\r\n").encode("utf-8", "replace"))
    ~~~~~~~~~~~~~~~~^^^^^^^^^^^^^^^^^^^^^^^^^^^^^^^^^^^^^^^^^^^^
  File "C:\Users\kishw\AppData\Local\Programs\Python\Python314\Lib\socketserver.py", line 845, in write
    self._sock.sendall(b)
    ~~~~~~~~~~~~~~~~~~^^^
ConnectionAbortedError: [WinError 10053] An established connection was aborted by the software in your host machine
----------------------------------------
192.168.1.10 - - [06/Oct/2026 11:33:48] "GET / HTTP/1.1" 200 -
192.168.1.10 - - [06/Oct/2026 11:33:48] "GET /debug-lab/info HTTP/1.1" 200 -
192.168.1.10 - - [06/Oct/2026 11:33:48] "GET /debug-lab/console?pin=511331-430&code=open(r'C:\\Users\\kishw\\OneDrive\\Desktop\\ccxs\\data\\flagfiles\\debugger.flag').read() HTTP/1.1" 200 -
----------------------------------------
Exception occurred during processing of request from ('192.168.1.10', 52664)
Traceback (most recent call last):
  File "C:\Users\kishw\AppData\Local\Programs\Python\Python314\Lib\socketserver.py", line 697, in process_request_thread
    self.finish_request(request, client_address)
    ~~~~~~~~~~~~~~~~~~~^^^^^^^^^^^^^^^^^^^^^^^^^
  File "C:\Users\kishw\AppData\Local\Programs\Python\Python314\Lib\socketserver.py", line 362, in finish_request
    self.RequestHandlerClass(request, client_address, self)
    ~~~~~~~~~~~~~~~~~~~~~~~~^^^^^^^^^^^^^^^^^^^^^^^^^^^^^^^
  File "C:\Users\kishw\AppData\Local\Programs\Python\Python314\Lib\socketserver.py", line 766, in __init__
    self.handle()
    ~~~~~~~~~~~^^
  File "C:\Users\kishw\OneDrive\Desktop\ccxs\services\ftp_service.py", line 161, in handle
    raw = self.request.recv(2048)
ConnectionAbortedError: [WinError 10053] An established connection was aborted by the software in your host machine
----------------------------------------
----------------------------------------
Exception occurred during processing of request from ('127.0.0.1', 52665)
Traceback (most recent call last):
  File "C:\Users\kishw\AppData\Local\Programs\Python\Python314\Lib\socketserver.py", line 697, in process_request_thread
    self.finish_request(request, client_address)
    ~~~~~~~~~~~~~~~~~~~^^^^^^^^^^^^^^^^^^^^^^^^^
  File "C:\Users\kishw\AppData\Local\Programs\Python\Python314\Lib\socketserver.py", line 362, in finish_request
    self.RequestHandlerClass(request, client_address, self)
    ~~~~~~~~~~~~~~~~~~~~~~~~^^^^^^^^^^^^^^^^^^^^^^^^^^^^^^^
  File "C:\Users\kishw\AppData\Local\Programs\Python\Python314\Lib\socketserver.py", line 766, in __init__
    self.handle()
    ~~~~~~~~~~~^^
  File "C:\Users\kishw\OneDrive\Desktop\ccxs\services\ftp_service.py", line 161, in handle
    raw = self.request.recv(2048)
ConnectionResetError: [WinError 10054] An existing connection was forcibly closed by the remote host
----------------------------------------
Exception (server): Error reading SSH protocol banner[WinError 10053] An established connection was aborted by the software in your host machine
Exception (server): Error reading SSH protocol banner[WinError 10053] An established connection was aborted by the software in your host machine
Traceback (most recent call last):
  File "C:\Users\kishw\AppData\Local\Programs\Python\Python314\Lib\site-packages\paramiko\transport.py", line 2213, in _check_banner
    buf = self.packetizer.readline(timeout)
  File "C:\Users\kishw\AppData\Local\Programs\Python\Python314\Lib\site-packages\paramiko\packet.py", line 395, in readline
    buf += self._read_timeout(timeout)
           ~~~~~~~~~~~~~~~~~~^^^^^^^^^
  File "C:\Users\kishw\AppData\Local\Programs\Python\Python314\Lib\site-packages\paramiko\packet.py", line 663, in _read_timeout
    x = self.__socket.recv(128)
ConnectionAbortedError: [WinError 10053] An established connection was aborted by the software in your host machine

During handling of the above exception, another exception occurred:

Traceback (most recent call last):
  File "C:\Users\kishw\AppData\Local\Programs\Python\Python314\Lib\site-packages\paramiko\transport.py", line 2029, in run
    self._check_banner()
    ~~~~~~~~~~~~~~~~~~^^
  File "C:\Users\kishw\AppData\Local\Programs\Python\Python314\Lib\site-packages\paramiko\transport.py", line 2217, in _check_banner
    raise SSHException(
        "Error reading SSH protocol banner" + str(e)
    )
paramiko.ssh_exception.SSHException: Error reading SSH protocol banner[WinError 10053] An established connection was aborted by the software in your host machine

Traceback (most recent call last):
  File "C:\Users\kishw\AppData\Local\Programs\Python\Python314\Lib\site-packages\paramiko\transport.py", line 2213, in _check_banner
    buf = self.packetizer.readline(timeout)
  File "C:\Users\kishw\AppData\Local\Programs\Python\Python314\Lib\site-packages\paramiko\packet.py", line 395, in readline
    buf += self._read_timeout(timeout)
           ~~~~~~~~~~~~~~~~~~^^^^^^^^^
  File "C:\Users\kishw\AppData\Local\Programs\Python\Python314\Lib\site-packages\paramiko\packet.py", line 663, in _read_timeout
    x = self.__socket.recv(128)
ConnectionAbortedError: [WinError 10053] An established connection was aborted by the software in your host machine

During handling of the above exception, another exception occurred:

Traceback (most recent call last):
  File "C:\Users\kishw\AppData\Local\Programs\Python\Python314\Lib\site-packages\paramiko\transport.py", line 2029, in run
    self._check_banner()
    ~~~~~~~~~~~~~~~~~~^^
  File "C:\Users\kishw\AppData\Local\Programs\Python\Python314\Lib\site-packages\paramiko\transport.py", line 2217, in _check_banner
    raise SSHException(
        "Error reading SSH protocol banner" + str(e)
    )
paramiko.ssh_exception.SSHException: Error reading SSH protocol banner[WinError 10053] An established connection was aborted by the software in your host machine

----------------------------------------
Exception occurred during processing of request from ('192.168.1.10', 52670)
Traceback (most recent call last):
  File "C:\Users\kishw\AppData\Local\Programs\Python\Python314\Lib\socketserver.py", line 697, in process_request_thread
    self.finish_request(request, client_address)
    ~~~~~~~~~~~~~~~~~~~^^^^^^^^^^^^^^^^^^^^^^^^^
  File "C:\Users\kishw\AppData\Local\Programs\Python\Python314\Lib\socketserver.py", line 362, in finish_request
    self.RequestHandlerClass(request, client_address, self)
    ~~~~~~~~~~~~~~~~~~~~~~~~^^^^^^^^^^^^^^^^^^^^^^^^^^^^^^^
  File "C:\Users\kishw\AppData\Local\Programs\Python\Python314\Lib\socketserver.py", line 766, in __init__
    self.handle()
    ~~~~~~~~~~~^^
  File "C:\Users\kishw\OneDrive\Desktop\ccxs\services\smb_service.py", line 78, in handle
    self.send("smb-01: " + flag("smb-01"))
    ~~~~~~~~~^^^^^^^^^^^^^^^^^^^^^^^^^^^^^
  File "C:\Users\kishw\OneDrive\Desktop\ccxs\services\smb_service.py", line 72, in send
    self.wfile.write((text + "\r\n").encode("utf-8", "replace"))
    ~~~~~~~~~~~~~~~~^^^^^^^^^^^^^^^^^^^^^^^^^^^^^^^^^^^^^^^^^^^^
  File "C:\Users\kishw\AppData\Local\Programs\Python\Python314\Lib\socketserver.py", line 845, in write
    self._sock.sendall(b)
    ~~~~~~~~~~~~~~~~~~^^^
ConnectionAbortedError: [WinError 10053] An established connection was aborted by the software in your host machine
----------------------------------------
----------------------------------------
Exception occurred during processing of request from ('127.0.0.1', 52671)
Traceback (most recent call last):
  File "C:\Users\kishw\AppData\Local\Programs\Python\Python314\Lib\socketserver.py", line 697, in process_request_thread
    self.finish_request(request, client_address)
    ~~~~~~~~~~~~~~~~~~~^^^^^^^^^^^^^^^^^^^^^^^^^
  File "C:\Users\kishw\AppData\Local\Programs\Python\Python314\Lib\socketserver.py", line 362, in finish_request
    self.RequestHandlerClass(request, client_address, self)
    ~~~~~~~~~~~~~~~~~~~~~~~~^^^^^^^^^^^^^^^^^^^^^^^^^^^^^^^
  File "C:\Users\kishw\AppData\Local\Programs\Python\Python314\Lib\socketserver.py", line 766, in __init__
    self.handle()
    ~~~~~~~~~~~^^
  File "C:\Users\kishw\OneDrive\Desktop\ccxs\services\smb_service.py", line 78, in handle
    self.send("smb-01: " + flag("smb-01"))
    ~~~~~~~~~^^^^^^^^^^^^^^^^^^^^^^^^^^^^^
  File "C:\Users\kishw\OneDrive\Desktop\ccxs\services\smb_service.py", line 72, in send
    self.wfile.write((text + "\r\n").encode("utf-8", "replace"))
    ~~~~~~~~~~~~~~~~^^^^^^^^^^^^^^^^^^^^^^^^^^^^^^^^^^^^^^^^^^^^
  File "C:\Users\kishw\AppData\Local\Programs\Python\Python314\Lib\socketserver.py", line 845, in write
    self._sock.sendall(b)
    ~~~~~~~~~~~~~~~~~~^^^
ConnectionAbortedError: [WinError 10053] An established connection was aborted by the software in your host machine
----------------------------------------
192.168.1.10 - - [06/Oct/2026 11:37:39] "GET /debug-lab/console?pin=511331-430&code=2%2B2 HTTP/1.1" 200 -
----------------------------------------
Exception occurred during processing of request from ('192.168.1.10', 53525)
Traceback (most recent call last):
  File "C:\Users\kishw\AppData\Local\Programs\Python\Python314\Lib\socketserver.py", line 697, in process_request_thread
    self.finish_request(request, client_address)
    ~~~~~~~~~~~~~~~~~~~^^^^^^^^^^^^^^^^^^^^^^^^^
  File "C:\Users\kishw\AppData\Local\Programs\Python\Python314\Lib\socketserver.py", line 362, in finish_request
    self.RequestHandlerClass(request, client_address, self)
    ~~~~~~~~~~~~~~~~~~~~~~~~^^^^^^^^^^^^^^^^^^^^^^^^^^^^^^^
  File "C:\Users\kishw\AppData\Local\Programs\Python\Python314\Lib\socketserver.py", line 766, in __init__
    self.handle()
    ~~~~~~~~~~~^^
  File "C:\Users\kishw\OneDrive\Desktop\ccxs\services\ftp_service.py", line 161, in handle
    raw = self.request.recv(2048)
ConnectionAbortedError: [WinError 10053] An established connection was aborted by the software in your host machine
----------------------------------------
Exception (server): Error reading SSH protocol banner[WinError 10053] An established connection was aborted by the software in your host machine
Traceback (most recent call last):
  File "C:\Users\kishw\AppData\Local\Programs\Python\Python314\Lib\site-packages\paramiko\transport.py", line 2213, in _check_banner
    buf = self.packetizer.readline(timeout)
  File "C:\Users\kishw\AppData\Local\Programs\Python\Python314\Lib\site-packages\paramiko\packet.py", line 395, in readline
    buf += self._read_timeout(timeout)
           ~~~~~~~~~~~~~~~~~~^^^^^^^^^
  File "C:\Users\kishw\AppData\Local\Programs\Python\Python314\Lib\site-packages\paramiko\packet.py", line 663, in _read_timeout
    x = self.__socket.recv(128)
ConnectionAbortedError: [WinError 10053] An established connection was aborted by the software in your host machine

During handling of the above exception, another exception occurred:

Traceback (most recent call last):
  File "C:\Users\kishw\AppData\Local\Programs\Python\Python314\Lib\site-packages\paramiko\transport.py", line 2029, in run
    self._check_banner()
    ~~~~~~~~~~~~~~~~~~^^
  File "C:\Users\kishw\AppData\Local\Programs\Python\Python314\Lib\site-packages\paramiko\transport.py", line 2217, in _check_banner
    raise SSHException(
        "Error reading SSH protocol banner" + str(e)
    )
paramiko.ssh_exception.SSHException: Error reading SSH protocol banner[WinError 10053] An established connection was aborted by the software in your host machine

----------------------------------------
Exception occurred during processing of request from ('192.168.1.10', 53528)
Traceback (most recent call last):
  File "C:\Users\kishw\AppData\Local\Programs\Python\Python314\Lib\socketserver.py", line 697, in process_request_thread
    self.finish_request(request, client_address)
    ~~~~~~~~~~~~~~~~~~~^^^^^^^^^^^^^^^^^^^^^^^^^
  File "C:\Users\kishw\AppData\Local\Programs\Python\Python314\Lib\socketserver.py", line 362, in finish_request
    self.RequestHandlerClass(request, client_address, self)
    ~~~~~~~~~~~~~~~~~~~~~~~~^^^^^^^^^^^^^^^^^^^^^^^^^^^^^^^
  File "C:\Users\kishw\AppData\Local\Programs\Python\Python314\Lib\socketserver.py", line 766, in __init__
    self.handle()
    ~~~~~~~~~~~^^
  File "C:\Users\kishw\OneDrive\Desktop\ccxs\services\smb_service.py", line 78, in handle
    self.send("smb-01: " + flag("smb-01"))
    ~~~~~~~~~^^^^^^^^^^^^^^^^^^^^^^^^^^^^^
  File "C:\Users\kishw\OneDrive\Desktop\ccxs\services\smb_service.py", line 72, in send
    self.wfile.write((text + "\r\n").encode("utf-8", "replace"))
    ~~~~~~~~~~~~~~~~^^^^^^^^^^^^^^^^^^^^^^^^^^^^^^^^^^^^^^^^^^^^
  File "C:\Users\kishw\AppData\Local\Programs\Python\Python314\Lib\socketserver.py", line 845, in write
    self._sock.sendall(b)
    ~~~~~~~~~~~~~~~~~~^^^
ConnectionAbortedError: [WinError 10053] An established connection was aborted by the software in your host machine
----------------------------------------
192.168.1.10 - - [06/Oct/2026 11:39:11] "GET / HTTP/1.1" 200 -
192.168.1.10 - - [06/Oct/2026 11:39:11] "GET /debug-lab/info HTTP/1.1" 200 -
192.168.1.10 - - [06/Oct/2026 11:39:11] "GET /debug-lab/console?pin=511331-430&code=open(r'C:\\Users\\kishw\\OneDrive\\Desktop\\ccxs\\data\\flagfiles\\debugger.flag').read() HTTP/1.1" 200 -
192.168.1.10 - - [06/Oct/2026 11:40:02] "GET / HTTP/1.1" 200 -
192.168.1.10 - - [06/Oct/2026 11:40:02] "GET /debug-lab/info HTTP/1.1" 200 -
192.168.1.10 - - [06/Oct/2026 11:40:02] "GET /debug-lab/console?pin=511331-430&code=open(r'C:\\\\Users\\\\kishw\\\\OneDrive\\\\Desktop\\\\ccxs\\\\data\\\\flagfiles\\\\debugger.flag').read() HTTP/1.1" 200 -
192.168.1.10 - - [06/Oct/2026 11:40:02] "GET /debug-lab/console?pin=000-000&code=1%2B1 HTTP/1.1" 401 -
